/*
 Navicat Premium Data Transfer

 Source Server         : localhost
 Source Server Type    : MySQL
 Source Server Version : 100137
 Source Host           : localhost:3306
 Source Schema         : sae_app

 Target Server Type    : MySQL
 Target Server Version : 100137
 File Encoding         : 65001

 Date: 11/05/2020 17:58:23
*/

SET NAMES utf8mb4;
SET FOREIGN_KEY_CHECKS = 0;

-- ----------------------------
-- Table structure for actividad
-- ----------------------------
DROP TABLE IF EXISTS `actividad`;
CREATE TABLE `actividad`  (
  `uuid` char(36) CHARACTER SET utf8 COLLATE utf8_spanish_ci NOT NULL,
  `usuario` char(36) CHARACTER SET utf8 COLLATE utf8_spanish_ci NOT NULL,
  `device` varchar(20) CHARACTER SET utf8 COLLATE utf8_spanish_ci NULL DEFAULT NULL,
  `tipo` varchar(255) CHARACTER SET utf8 COLLATE utf8_spanish_ci NOT NULL,
  `entity` varchar(255) CHARACTER SET utf8 COLLATE utf8_spanish_ci NULL DEFAULT NULL,
  `entity_json` varchar(255) CHARACTER SET utf8 COLLATE utf8_spanish_ci NULL DEFAULT NULL,
  `entity_uuid` char(36) CHARACTER SET utf8 COLLATE utf8_spanish_ci NULL DEFAULT NULL,
  `sincronizacion` int(1) UNSIGNED NULL DEFAULT 0,
  `created` timestamp(0) NULL DEFAULT NULL,
  `updated` timestamp(0) NULL DEFAULT NULL ON UPDATE CURRENT_TIMESTAMP(0),
  PRIMARY KEY (`uuid`) USING BTREE,
  INDEX `FK_actividad_usuario`(`usuario`) USING BTREE,
  INDEX `device`(`device`) USING BTREE
) ENGINE = InnoDB CHARACTER SET = utf8 COLLATE = utf8_spanish_ci ROW_FORMAT = Compact;

-- ----------------------------
-- Records of actividad
-- ----------------------------
INSERT INTO `actividad` VALUES ('920fc854-b116-448b-a8f5-bd0b35e874eb', 'lalo', 'Ofn-Renzo', 'create - Local', 'Item', NULL, 'ef08f323-2e8b-4f2f-a79f-4e5bcde0fdc3', 0, '2020-05-05 17:35:09', '2020-05-06 17:03:57');
INSERT INTO `actividad` VALUES ('b74fb96e-3a9a-4273-b38c-2376186f782a', 'lalo', 'Ofn-Renzo', 'create - Local', 'Item', NULL, 'dcb2f221-d406-4c58-a24b-6d56a52ab717', 0, '2020-05-05 17:35:09', '2020-05-06 17:04:10');
INSERT INTO `actividad` VALUES ('b7e689e6-3c46-4bb0-be16-1ab85cb4576f', 'lalo', 'Ofn-Renzo', 'create - Local', 'Item', NULL, 'ea68d538-c5b0-4df2-a686-b754c279b3f0', 0, '2020-05-05 17:35:09', '2020-05-06 17:04:19');
INSERT INTO `actividad` VALUES ('e3e321f9-0b5c-47fe-b1fb-30a8cd8a3b18', 'lalo', 'Ofn-Renzo', 'create - Local', 'Item', NULL, '08a4bd63-7977-4409-950f-5997fb41662b', 0, '2020-05-05 17:35:09', '2020-05-06 17:03:39');

-- ----------------------------
-- Table structure for actividad_dispositivo
-- ----------------------------
DROP TABLE IF EXISTS `actividad_dispositivo`;
CREATE TABLE `actividad_dispositivo`  (
  `actividad` char(36) CHARACTER SET utf8 COLLATE utf8_spanish_ci NOT NULL,
  `dispositivo` char(36) CHARACTER SET utf8 COLLATE utf8_spanish_ci NOT NULL,
  PRIMARY KEY (`actividad`, `dispositivo`) USING BTREE,
  INDEX `fk_dp`(`dispositivo`) USING BTREE,
  CONSTRAINT `fk_ac` FOREIGN KEY (`actividad`) REFERENCES `actividad` (`uuid`) ON DELETE CASCADE ON UPDATE CASCADE,
  CONSTRAINT `fk_dp` FOREIGN KEY (`dispositivo`) REFERENCES `dispositivo` (`uuid`) ON DELETE CASCADE ON UPDATE CASCADE
) ENGINE = InnoDB CHARACTER SET = utf8 COLLATE = utf8_spanish_ci ROW_FORMAT = Compact;

-- ----------------------------
-- Records of actividad_dispositivo
-- ----------------------------
INSERT INTO `actividad_dispositivo` VALUES ('920fc854-b116-448b-a8f5-bd0b35e874eb', '1');
INSERT INTO `actividad_dispositivo` VALUES ('920fc854-b116-448b-a8f5-bd0b35e874eb', '3');
INSERT INTO `actividad_dispositivo` VALUES ('b74fb96e-3a9a-4273-b38c-2376186f782a', '1');
INSERT INTO `actividad_dispositivo` VALUES ('b74fb96e-3a9a-4273-b38c-2376186f782a', '2');
INSERT INTO `actividad_dispositivo` VALUES ('b74fb96e-3a9a-4273-b38c-2376186f782a', '3');
INSERT INTO `actividad_dispositivo` VALUES ('b7e689e6-3c46-4bb0-be16-1ab85cb4576f', '1');
INSERT INTO `actividad_dispositivo` VALUES ('b7e689e6-3c46-4bb0-be16-1ab85cb4576f', '3');
INSERT INTO `actividad_dispositivo` VALUES ('e3e321f9-0b5c-47fe-b1fb-30a8cd8a3b18', '1');
INSERT INTO `actividad_dispositivo` VALUES ('e3e321f9-0b5c-47fe-b1fb-30a8cd8a3b18', '2');

-- ----------------------------
-- Table structure for aux_marca
-- ----------------------------
DROP TABLE IF EXISTS `aux_marca`;
CREATE TABLE `aux_marca`  (
  `id_marca` bigint(20) NOT NULL AUTO_INCREMENT,
  `nombre` char(20) CHARACTER SET utf8 COLLATE utf8_general_ci NULL DEFAULT '-',
  `descripcion` varchar(255) CHARACTER SET utf8 COLLATE utf8_general_ci NULL DEFAULT NULL,
  PRIMARY KEY (`id_marca`) USING BTREE
) ENGINE = InnoDB AUTO_INCREMENT = 48 CHARACTER SET = utf8 COLLATE = utf8_general_ci ROW_FORMAT = Compact;

-- ----------------------------
-- Records of aux_marca
-- ----------------------------
INSERT INTO `aux_marca` VALUES (1, 'A. Vetre', NULL);
INSERT INTO `aux_marca` VALUES (2, 'Agrometal', NULL);
INSERT INTO `aux_marca` VALUES (3, 'Aiello', NULL);
INSERT INTO `aux_marca` VALUES (4, 'AKRON', NULL);
INSERT INTO `aux_marca` VALUES (5, 'Baimo', NULL);
INSERT INTO `aux_marca` VALUES (6, 'BEC-CAR', NULL);
INSERT INTO `aux_marca` VALUES (7, 'Belen', NULL);
INSERT INTO `aux_marca` VALUES (8, 'Budassi', NULL);
INSERT INTO `aux_marca` VALUES (9, 'Bustinza', NULL);
INSERT INTO `aux_marca` VALUES (10, 'CAFIRO', NULL);
INSERT INTO `aux_marca` VALUES (11, 'CAT', NULL);
INSERT INTO `aux_marca` VALUES (12, 'Ceruti', NULL);
INSERT INTO `aux_marca` VALUES (13, 'Conese', NULL);
INSERT INTO `aux_marca` VALUES (14, 'CORVEN', NULL);
INSERT INTO `aux_marca` VALUES (15, 'Crucianelli', NULL);
INSERT INTO `aux_marca` VALUES (16, 'Dolzani', NULL);
INSERT INTO `aux_marca` VALUES (17, 'Dupper', NULL);
INSERT INTO `aux_marca` VALUES (18, 'El Fierro', NULL);
INSERT INTO `aux_marca` VALUES (19, 'Falito', NULL);
INSERT INTO `aux_marca` VALUES (20, 'Genovese', NULL);
INSERT INTO `aux_marca` VALUES (21, 'Gentilli', NULL);
INSERT INTO `aux_marca` VALUES (22, 'Grosspal', NULL);
INSERT INTO `aux_marca` VALUES (23, 'Honda', NULL);
INSERT INTO `aux_marca` VALUES (24, 'John Deere', NULL);
INSERT INTO `aux_marca` VALUES (25, 'Mainero', NULL);
INSERT INTO `aux_marca` VALUES (26, 'Marcelini', NULL);
INSERT INTO `aux_marca` VALUES (27, 'Massey Ferguson', NULL);
INSERT INTO `aux_marca` VALUES (28, 'Mauro', NULL);
INSERT INTO `aux_marca` VALUES (29, 'Metalfor', NULL);
INSERT INTO `aux_marca` VALUES (30, 'Moducar', NULL);
INSERT INTO `aux_marca` VALUES (31, 'MS', NULL);
INSERT INTO `aux_marca` VALUES (32, 'Musillo', NULL);
INSERT INTO `aux_marca` VALUES (33, 'OMBU', NULL);
INSERT INTO `aux_marca` VALUES (34, 'Plastrong', NULL);
INSERT INTO `aux_marca` VALUES (35, 'PPG', NULL);
INSERT INTO `aux_marca` VALUES (36, 'Scania', NULL);
INSERT INTO `aux_marca` VALUES (37, 'Sola y Brusa', NULL);
INSERT INTO `aux_marca` VALUES (38, 'TBeH', NULL);
INSERT INTO `aux_marca` VALUES (39, 'Toyota', NULL);
INSERT INTO `aux_marca` VALUES (40, 'TRAIMAX', NULL);
INSERT INTO `aux_marca` VALUES (41, 'Zanello', NULL);
INSERT INTO `aux_marca` VALUES (42, 'Alliance', NULL);
INSERT INTO `aux_marca` VALUES (43, 'BKT', NULL);
INSERT INTO `aux_marca` VALUES (44, 'Protto', NULL);
INSERT INTO `aux_marca` VALUES (45, 'Donaldson', NULL);
INSERT INTO `aux_marca` VALUES (46, 'Mobil', NULL);
INSERT INTO `aux_marca` VALUES (47, 'Ford', NULL);

-- ----------------------------
-- Table structure for cfg_admin_empresa
-- ----------------------------
DROP TABLE IF EXISTS `cfg_admin_empresa`;
CREATE TABLE `cfg_admin_empresa`  (
  `id_admin` bigint(9) NOT NULL AUTO_INCREMENT,
  `empresa` bigint(9) NULL DEFAULT NULL,
  `estado` int(1) NULL DEFAULT 0,
  `info` char(100) CHARACTER SET utf8 COLLATE utf8_spanish_ci NULL DEFAULT NULL,
  `fechaAlta` date NULL DEFAULT NULL,
  `fechaBaja` date NULL DEFAULT NULL,
  PRIMARY KEY (`id_admin`) USING BTREE,
  INDEX `fk_admin_empresa`(`empresa`) USING BTREE,
  CONSTRAINT `fk_admin_empresa` FOREIGN KEY (`empresa`) REFERENCES `empresa` (`id_empresa`) ON DELETE CASCADE ON UPDATE CASCADE
) ENGINE = InnoDB AUTO_INCREMENT = 4 CHARACTER SET = utf8 COLLATE = utf8_spanish_ci ROW_FORMAT = Compact;

-- ----------------------------
-- Records of cfg_admin_empresa
-- ----------------------------
INSERT INTO `cfg_admin_empresa` VALUES (1, 1, 0, NULL, '2019-01-01', NULL);
INSERT INTO `cfg_admin_empresa` VALUES (2, 2, 0, NULL, '2019-01-01', NULL);
INSERT INTO `cfg_admin_empresa` VALUES (3, 3, 0, NULL, '2019-01-01', NULL);

-- ----------------------------
-- Table structure for contacto
-- ----------------------------
DROP TABLE IF EXISTS `contacto`;
CREATE TABLE `contacto`  (
  `id_contacto` bigint(11) NOT NULL AUTO_INCREMENT,
  `nombre` varchar(30) CHARACTER SET utf8 COLLATE utf8_unicode_ci NULL DEFAULT NULL,
  `tipo` int(1) NULL DEFAULT NULL,
  `dato` varchar(50) CHARACTER SET utf8 COLLATE utf8_unicode_ci NULL DEFAULT NULL,
  `info` varchar(100) CHARACTER SET utf8 COLLATE utf8_unicode_ci NULL DEFAULT NULL,
  PRIMARY KEY (`id_contacto`) USING BTREE
) ENGINE = InnoDB AUTO_INCREMENT = 1315 CHARACTER SET = utf8 COLLATE = utf8_unicode_ci ROW_FORMAT = Compact;

-- ----------------------------
-- Records of contacto
-- ----------------------------
INSERT INTO `contacto` VALUES (115, 'Principal', 2, 'Administracion@agroquimicosdelnorte.com', NULL);
INSERT INTO `contacto` VALUES (118, 'Principal', 0, '3491-496075', NULL);
INSERT INTO `contacto` VALUES (125, 'Principal', 2, 'ddcrossetti@live.com', NULL);
INSERT INTO `contacto` VALUES (128, 'Principal', 1, '3731538565', NULL);
INSERT INTO `contacto` VALUES (131, 'Principal', 2, 'alianzacereales@arnet.com.ar', NULL);
INSERT INTO `contacto` VALUES (132, 'Principal', 0, '3731 630113', NULL);
INSERT INTO `contacto` VALUES (144, 'Principal', 1, '3435-15452126', NULL);
INSERT INTO `contacto` VALUES (145, 'Principal', 0, '3735-15453009', NULL);
INSERT INTO `contacto` VALUES (147, 'Principal', 2, 'Martin.Savoia@bancogalicia.com.ar', NULL);
INSERT INTO `contacto` VALUES (149, 'Principal', 2, 'ggsenn@hipotecario.com.ar', NULL);
INSERT INTO `contacto` VALUES (151, 'Principal', 2, 'miguelzupel@macro.com.ar', NULL);
INSERT INTO `contacto` VALUES (156, 'Principal', 2, 'HDorado@patagonia.com.ar', NULL);
INSERT INTO `contacto` VALUES (158, 'Principal', 0, '3491-496061', NULL);
INSERT INTO `contacto` VALUES (164, 'Principal', 1, '3491 433 156 Ariel - 3491 465 900 Adrian', NULL);
INSERT INTO `contacto` VALUES (174, 'Principal', 2, 'dieselvictoria@interceres.com.ar', NULL);
INSERT INTO `contacto` VALUES (175, 'Principal', 0, '3491-420009', NULL);
INSERT INTO `contacto` VALUES (177, 'Principal', 2, 'info@budassi.com.ar', NULL);
INSERT INTO `contacto` VALUES (179, 'Principal', 2, 'info@bustinzagomasa.com.ar', NULL);
INSERT INTO `contacto` VALUES (180, 'Principal', 0, '3491-496199', NULL);
INSERT INTO `contacto` VALUES (181, 'Principal', 1, '3491-440106', NULL);
INSERT INTO `contacto` VALUES (184, 'Principal', 0, '3491-496443', NULL);
INSERT INTO `contacto` VALUES (185, 'Principal', 1, '3731455809', NULL);
INSERT INTO `contacto` VALUES (188, 'Principal', 2, 'camaraempresarios@tostado.com.ar', NULL);
INSERT INTO `contacto` VALUES (191, 'Principal', 2, 'lilianagastaldi@gmail.com', NULL);
INSERT INTO `contacto` VALUES (192, 'Principal', 1, '03491-15431131', '*');
INSERT INTO `contacto` VALUES (194, 'Principal', 1, '3857-402520', '');
INSERT INTO `contacto` VALUES (199, 'Principal', 0, '3491-496299', NULL);
INSERT INTO `contacto` VALUES (200, 'Principal', 0, '3491-496266', NULL);
INSERT INTO `contacto` VALUES (201, 'Principal', 0, '3731-401014', NULL);
INSERT INTO `contacto` VALUES (205, 'Principal', 1, '03491 - 15467879', '*');
INSERT INTO `contacto` VALUES (213, 'Principal', 2, 'ventas-michelinagro@davidsartor.com.ar', NULL);
INSERT INTO `contacto` VALUES (215, 'Principal', 0, '3491-496249', NULL);
INSERT INTO `contacto` VALUES (216, 'Principal', 0, '03493 - 15419546', '*');
INSERT INTO `contacto` VALUES (219, 'Principal', 0, '3491-496099', NULL);
INSERT INTO `contacto` VALUES (221, 'Principal', 1, '03471-15672607', NULL);
INSERT INTO `contacto` VALUES (222, 'Principal', 1, '3482540262', NULL);
INSERT INTO `contacto` VALUES (223, 'Principal', 1, '3482546982', NULL);
INSERT INTO `contacto` VALUES (224, 'Principal', 0, '03482421956', '*');
INSERT INTO `contacto` VALUES (225, 'Principal', 1, '3482547008', NULL);
INSERT INTO `contacto` VALUES (228, 'Principal', 0, '3491-497036', NULL);
INSERT INTO `contacto` VALUES (229, 'Principal', 0, '3491-496180', NULL);
INSERT INTO `contacto` VALUES (230, 'Principal', 0, '3491-483043', NULL);
INSERT INTO `contacto` VALUES (232, 'Principal', 1, '02342 15449807', '*');
INSERT INTO `contacto` VALUES (233, 'Principal', 2, 'administracion@leutthee.com.ar', NULL);
INSERT INTO `contacto` VALUES (234, 'Principal', 1, '3857 15447888', NULL);
INSERT INTO `contacto` VALUES (235, 'Principal', 0, '3857 421271', NULL);
INSERT INTO `contacto` VALUES (236, 'Principal', 2, 'gerenciabandera@davidsartor.com.ar', NULL);
INSERT INTO `contacto` VALUES (240, 'Principal', 2, 'cesar@cooplatrinidad.com.ar', NULL);
INSERT INTO `contacto` VALUES (244, 'Principal', 0, '3491-496094', NULL);
INSERT INTO `contacto` VALUES (247, 'Principal', 1, '03401-15400785', '*');
INSERT INTO `contacto` VALUES (248, 'Principal', 2, 'germanyandreina@hotmail.com', NULL);
INSERT INTO `contacto` VALUES (249, 'Principal', 1, '03491-15693489', '*');
INSERT INTO `contacto` VALUES (253, 'Principal', 0, '03491 470628', '*');
INSERT INTO `contacto` VALUES (254, 'Principal', 1, '0342 15 4453957', '*');
INSERT INTO `contacto` VALUES (255, 'Principal', 1, '341- 6168785', NULL);
INSERT INTO `contacto` VALUES (263, 'Principal', 0, '011 4773 9646', '*');
INSERT INTO `contacto` VALUES (264, 'Principal', 1, '0345 156 269085', '*');
INSERT INTO `contacto` VALUES (271, 'Principal', 1, '03491-15581271', '*');
INSERT INTO `contacto` VALUES (276, 'Principal', 2, 'demarchirotulados@hotmail.com', NULL);
INSERT INTO `contacto` VALUES (277, 'Principal', 0, '3735 405877', NULL);
INSERT INTO `contacto` VALUES (280, 'Principal', 0, '03491496238', '*');
INSERT INTO `contacto` VALUES (282, 'Principal', 0, '3471678952', NULL);
INSERT INTO `contacto` VALUES (283, 'Principal', 1, '0 3491 15 692 080', '*');
INSERT INTO `contacto` VALUES (284, 'Principal', 0, '3491-470628', NULL);
INSERT INTO `contacto` VALUES (287, 'Principal', 2, 'armandod@tostado.com.ar', NULL);
INSERT INTO `contacto` VALUES (290, 'Principal', 2, 'heffnersonia@tostado.com.ar', NULL);
INSERT INTO `contacto` VALUES (291, 'Principal', 1, '03735-15617999', '*');
INSERT INTO `contacto` VALUES (292, 'Principal', 1, '3491431255', NULL);
INSERT INTO `contacto` VALUES (293, 'Principal', 0, '3491-470634', NULL);
INSERT INTO `contacto` VALUES (294, 'Principal', 1, '3791505625', NULL);
INSERT INTO `contacto` VALUES (297, 'Principal', 0, '03731-420835', '*');
INSERT INTO `contacto` VALUES (298, 'Principal', 2, 'elembrionsrl@gmail.com', NULL);
INSERT INTO `contacto` VALUES (299, 'Principal', 1, '03476 - 15562861', '**');
INSERT INTO `contacto` VALUES (301, 'Principal', 2, 'info@carroceriaeltero.com', NULL);
INSERT INTO `contacto` VALUES (304, 'Principal', 2, 'eladioputero@arnet.com.ar', NULL);
INSERT INTO `contacto` VALUES (305, 'Principal', 1, '0 3491 15 502969', '*');
INSERT INTO `contacto` VALUES (306, 'Principal', 0, '0 3491 472267', '*');
INSERT INTO `contacto` VALUES (307, 'Principal', 0, '3491-470374', NULL);
INSERT INTO `contacto` VALUES (309, 'Principal', 0, '3491-496043', NULL);
INSERT INTO `contacto` VALUES (310, 'Principal', 0, '3491-496319', NULL);
INSERT INTO `contacto` VALUES (311, 'Principal', 0, '03492 427461', '*');
INSERT INTO `contacto` VALUES (314, 'Principal', 2, 'admshell@soon.com.ar', NULL);
INSERT INTO `contacto` VALUES (317, 'Principal', 1, '0385156097726', '*');
INSERT INTO `contacto` VALUES (318, 'Principal', 0, '03854283729', '*');
INSERT INTO `contacto` VALUES (320, 'Principal', 0, '3491-470423', NULL);
INSERT INTO `contacto` VALUES (321, 'Principal', 2, 'levis@tostado.com.ar', NULL);
INSERT INTO `contacto` VALUES (322, 'Principal', 1, '3491417451', NULL);
INSERT INTO `contacto` VALUES (323, 'Principal', 0, '3491-496133', NULL);
INSERT INTO `contacto` VALUES (324, 'Principal', 1, '0349115441463', '*');
INSERT INTO `contacto` VALUES (325, 'Principal', 0, '03491479038', NULL);
INSERT INTO `contacto` VALUES (326, 'Principal', 2, 'gustavo.facyt@gmail.com', NULL);
INSERT INTO `contacto` VALUES (327, 'Principal', 0, '3491-496267', NULL);
INSERT INTO `contacto` VALUES (328, 'Principal', 1, '0364 15 4543466', '*');
INSERT INTO `contacto` VALUES (331, 'Principal', 1, '0 3491-15 506112', '*');
INSERT INTO `contacto` VALUES (332, 'Principal', 1, '(03462) 15 558 571', '*');
INSERT INTO `contacto` VALUES (335, 'Principal', 2, 'empresas3@hotmail.com', NULL);
INSERT INTO `contacto` VALUES (336, 'Principal', 1, '011 156 6389780', '*');
INSERT INTO `contacto` VALUES (338, 'Principal', 0, '3491-496110', NULL);
INSERT INTO `contacto` VALUES (341, 'Principal', 2, 'fernando.correa@finning.com.ar', NULL);
INSERT INTO `contacto` VALUES (343, 'Principal', 1, '03731 155 04144', '*');
INSERT INTO `contacto` VALUES (346, 'Principal', 0, '(03491) 422674 ', '*');
INSERT INTO `contacto` VALUES (347, 'Principal', 0, '3491-496068', NULL);
INSERT INTO `contacto` VALUES (350, 'Principal', 1, '3491 696780', NULL);
INSERT INTO `contacto` VALUES (351, 'Principal', 1, '03471 155 61928', '*');
INSERT INTO `contacto` VALUES (352, 'Principal', 1, '011-52391536 ', NULL);
INSERT INTO `contacto` VALUES (354, 'Principal', 1, '03491 - 15586365 ', '*');
INSERT INTO `contacto` VALUES (356, 'Principal', 0, '3491-496396', NULL);
INSERT INTO `contacto` VALUES (357, 'Principal', 2, 'repuestos@metalurgicagenovese.com.ar', NULL);
INSERT INTO `contacto` VALUES (365, 'Principal', 2, 'hilarraz@giorgiford.com', NULL);
INSERT INTO `contacto` VALUES (366, 'Principal', 1, '03482-15638913', '*');
INSERT INTO `contacto` VALUES (368, 'Principal', 0, '3491-15432335', NULL);
INSERT INTO `contacto` VALUES (369, 'Principal', 0, '(0341) 4316169', '*');
INSERT INTO `contacto` VALUES (373, 'Principal', 1, '3491-691329', NULL);
INSERT INTO `contacto` VALUES (374, 'Principal', 1, '3731620057', NULL);
INSERT INTO `contacto` VALUES (377, 'Principal', 1, '03491 15699322', '*');
INSERT INTO `contacto` VALUES (379, 'Principal', 2, 'pablop@tostado.com.ar', NULL);
INSERT INTO `contacto` VALUES (383, 'Principal', 2, 'djuarez@grupoprialis.com.ar', NULL);
INSERT INTO `contacto` VALUES (384, 'Principal', 1, '02494-15530753', '*');
INSERT INTO `contacto` VALUES (385, 'Principal', 2, 'Tigremejorcosechaclaas@Hotmail.Com', NULL);
INSERT INTO `contacto` VALUES (386, 'Principal', 1, '381-6420373', NULL);
INSERT INTO `contacto` VALUES (387, 'Principal', 0, '341-4101840', NULL);
INSERT INTO `contacto` VALUES (388, 'Principal', 2, 'EstevezGustavo@JohnDeere.com', NULL);
INSERT INTO `contacto` VALUES (389, 'Principal', 0, '496 197', NULL);
INSERT INTO `contacto` VALUES (390, 'Principal', 0, '03482 15589374', '*');
INSERT INTO `contacto` VALUES (391, 'Principal', 1, '03482 15591416', '*');
INSERT INTO `contacto` VALUES (392, 'Principal', 2, 'mzechinf@arnet.com.ar', NULL);
INSERT INTO `contacto` VALUES (395, 'Principal', 2, 'miguel@dugraty.com.ar', NULL);
INSERT INTO `contacto` VALUES (397, 'Principal', 1, '3491 588 592', NULL);
INSERT INTO `contacto` VALUES (399, 'Principal', 0, '0342 4892020', NULL);
INSERT INTO `contacto` VALUES (401, 'Principal', 0, '595 21497921', NULL);
INSERT INTO `contacto` VALUES (402, 'Principal', 1, '0385 155906001', '*');
INSERT INTO `contacto` VALUES (403, 'Principal', 0, '01147868210', '*');
INSERT INTO `contacto` VALUES (405, 'Principal', 2, 'info@plastrong.com.ar', NULL);
INSERT INTO `contacto` VALUES (406, 'Principal', 0, '03492-440440', '*');
INSERT INTO `contacto` VALUES (407, 'Principal', 2, 'melisainduquimika@gmail.com', NULL);
INSERT INTO `contacto` VALUES (414, 'Principal', 0, '3414491288', NULL);
INSERT INTO `contacto` VALUES (416, 'Principal', 0, '11 55542999', NULL);
INSERT INTO `contacto` VALUES (417, 'Principal', 0, '0341 4242507', '*');
INSERT INTO `contacto` VALUES (418, 'Principal', 2, 'alessioss@atci.com.ar', NULL);
INSERT INTO `contacto` VALUES (419, 'Principal', 0, '3857474335', NULL);
INSERT INTO `contacto` VALUES (421, 'Principal', 0, '3491-496017', NULL);
INSERT INTO `contacto` VALUES (422, 'Principal', 0, '03491 - 15 406 861', '*');
INSERT INTO `contacto` VALUES (423, 'Principal', 1, '03731 15544896', '*');
INSERT INTO `contacto` VALUES (424, 'Principal', 0, '0385 154849239', '*');
INSERT INTO `contacto` VALUES (425, 'Principal', 0, '3491-496620', NULL);
INSERT INTO `contacto` VALUES (426, 'Principal', 0, '3491-497076', NULL);
INSERT INTO `contacto` VALUES (429, 'Principal', 0, '0341 4250835', '*');
INSERT INTO `contacto` VALUES (432, 'Principal', 0, '03498428040', '*');
INSERT INTO `contacto` VALUES (433, 'Principal', 2, 'lqlaboratorio@sanjustosf.com.ar', NULL);
INSERT INTO `contacto` VALUES (434, 'Principal', 0, '03408 423610', '*');
INSERT INTO `contacto` VALUES (437, 'Principal', 1, '03491-15538436', '*');
INSERT INTO `contacto` VALUES (440, 'Principal', 1, '03401 - 15416490', '*');
INSERT INTO `contacto` VALUES (441, 'Principal', 0, '3491-496077', NULL);
INSERT INTO `contacto` VALUES (446, 'Principal', 1, '03491-15693367', '*');
INSERT INTO `contacto` VALUES (448, 'Principal', 1, '03496 -15460567', '*');
INSERT INTO `contacto` VALUES (449, 'Principal', 0, '03496 - 427333', '*');
INSERT INTO `contacto` VALUES (450, 'Principal', 0, '0 3482  481315', '*');
INSERT INTO `contacto` VALUES (452, 'Principal', 1, '03464 15 549 255', '*');
INSERT INTO `contacto` VALUES (453, 'Principal', 0, '03464 496237', NULL);
INSERT INTO `contacto` VALUES (455, 'Principal', 1, '03491 15 419016', '*');
INSERT INTO `contacto` VALUES (456, 'Principal', 1, '3414682566', NULL);
INSERT INTO `contacto` VALUES (457, 'Principal', 0, '3476420854', NULL);
INSERT INTO `contacto` VALUES (459, 'Principal', 0, '3491-496198', NULL);
INSERT INTO `contacto` VALUES (460, 'Principal', 1, '011 154 4212944', '*');
INSERT INTO `contacto` VALUES (461, 'Principal', 0, '011 43134225 ', '*');
INSERT INTO `contacto` VALUES (462, 'Principal', 2, 'bonomo@mosacarnip.com.ar', NULL);
INSERT INTO `contacto` VALUES (463, 'Principal', 0, '3471 15588555', NULL);
INSERT INTO `contacto` VALUES (464, 'Principal', 0, '(03491) 15 688 486', '*');
INSERT INTO `contacto` VALUES (465, 'Principal', 1, '03491 15500004', '*');
INSERT INTO `contacto` VALUES (466, 'Principal', 0, '0342 155391591', '*');
INSERT INTO `contacto` VALUES (467, 'Principal', 0, '03471 - 493166', NULL);
INSERT INTO `contacto` VALUES (470, 'Principal', 1, '0342 - 154384894', '*');
INSERT INTO `contacto` VALUES (471, 'Principal', 1, '3857-675720', NULL);
INSERT INTO `contacto` VALUES (473, 'Principal', 0, '3491-496217', NULL);
INSERT INTO `contacto` VALUES (481, 'Principal', 0, '3491-496067', NULL);
INSERT INTO `contacto` VALUES (485, 'Principal', 1, '0 3491 15 691355', '*');
INSERT INTO `contacto` VALUES (487, 'Principal', 1, '0358-154242691', '*');
INSERT INTO `contacto` VALUES (489, 'Principal', 0, '04313-4225', '*');
INSERT INTO `contacto` VALUES (490, 'Principal', 1, '3491-539016', NULL);
INSERT INTO `contacto` VALUES (491, 'Principal', 0, '03482-429569', '*');
INSERT INTO `contacto` VALUES (492, 'Principal', 0, '03857 421407', '*');
INSERT INTO `contacto` VALUES (493, 'Principal', 2, 'escribaniabonfigli@hotmail.com', NULL);
INSERT INTO `contacto` VALUES (494, 'Principal', 1, '03464-15526001', '*');
INSERT INTO `contacto` VALUES (495, 'Principal', 0, '03464-471713', '*');
INSERT INTO `contacto` VALUES (496, 'Principal', 0, '0341-4352020', '*');
INSERT INTO `contacto` VALUES (497, 'Principal', 1, '0341 - 155918536', '*');
INSERT INTO `contacto` VALUES (498, 'Principal', 0, '0341 - 4114179', NULL);
INSERT INTO `contacto` VALUES (499, 'Principal', 2, 'neocore.sistemas@gmail.com', NULL);
INSERT INTO `contacto` VALUES (500, 'Principal', 1, '3491-443976', NULL);
INSERT INTO `contacto` VALUES (504, 'Principal', 1, '3491 687676', NULL);
INSERT INTO `contacto` VALUES (505, 'Principal', 1, '3491-415295', NULL);
INSERT INTO `contacto` VALUES (508, 'Principal', 2, 'cicchittl@bancobsf.com.ar', NULL);
INSERT INTO `contacto` VALUES (509, 'Principal', 1, '3491-688662', NULL);
INSERT INTO `contacto` VALUES (510, 'Principal', 1, '03491 15538319', '*');
INSERT INTO `contacto` VALUES (513, 'Principal', 2, 'diegoybarra@oncativosa.com.ar', NULL);
INSERT INTO `contacto` VALUES (517, 'Principal', 0, '3471 672815', NULL);
INSERT INTO `contacto` VALUES (518, 'Principal', 1, '03731 15420866', '*');
INSERT INTO `contacto` VALUES (519, 'Principal', 0, '03731 420866', '*');
INSERT INTO `contacto` VALUES (520, 'Principal', 2, 'estudiobaz@hotmail.com', NULL);
INSERT INTO `contacto` VALUES (522, 'Principal', 0, '3491-496093', NULL);
INSERT INTO `contacto` VALUES (523, 'Principal', 0, '03482 - 481254', '*');
INSERT INTO `contacto` VALUES (524, 'Principal', 2, 'paduanor@trcnet.com.ar', NULL);
INSERT INTO `contacto` VALUES (527, 'Principal', 1, ' 0 3491 15 696677', '*');
INSERT INTO `contacto` VALUES (528, 'Principal', 1, '03460 156 92735', '*');
INSERT INTO `contacto` VALUES (531, 'Principal', 0, '(0343) 4260322', '*');
INSERT INTO `contacto` VALUES (532, 'Principal', 2, 'sebastiangonzalez@paranagrosacia.com.ar', NULL);
INSERT INTO `contacto` VALUES (534, 'Principal', 2, 'ventas@pascalonline.com.ar', NULL);
INSERT INTO `contacto` VALUES (540, 'Principal', 1, '3492 424957', NULL);
INSERT INTO `contacto` VALUES (542, 'Principal', 2, 'luis@gestoriapelletan.com.ar', NULL);
INSERT INTO `contacto` VALUES (543, 'Principal', 1, '3404 636079', NULL);
INSERT INTO `contacto` VALUES (546, 'Principal', 2, 'rodolfo.depetris@petrobono-sa.com.ar', NULL);
INSERT INTO `contacto` VALUES (549, 'Principal', 2, 'rfbanco@petrolerabandera.com.ar', NULL);
INSERT INTO `contacto` VALUES (551, 'Principal', 0, '03482- 428812', '*');
INSERT INTO `contacto` VALUES (552, 'Principal', 1, '03482 15 553 938', '*');
INSERT INTO `contacto` VALUES (553, 'Principal', 0, '03482 422 568', '*');
INSERT INTO `contacto` VALUES (554, 'Principal', 2, 'pighinleandro@hotmail.com', NULL);
INSERT INTO `contacto` VALUES (556, 'Principal', 0, '03492-50494', '*');
INSERT INTO `contacto` VALUES (558, 'Principal', 0, '100', NULL);
INSERT INTO `contacto` VALUES (559, 'Principal', 0, '3491-472660', NULL);
INSERT INTO `contacto` VALUES (561, 'Principal', 0, '03491 470407', '*');
INSERT INTO `contacto` VALUES (562, 'Principal', 2, 'carreras@tostado.com.ar', NULL);
INSERT INTO `contacto` VALUES (563, 'Principal', 0, '(03471) 15 518 023', '*');
INSERT INTO `contacto` VALUES (564, 'Principal', 1, '3491587432', NULL);
INSERT INTO `contacto` VALUES (567, 'Principal', 2, 'femosros@femos.com.ar', NULL);
INSERT INTO `contacto` VALUES (570, 'Principal', 1, '0342-155198390', '*');
INSERT INTO `contacto` VALUES (571, 'Principal', 1, '0341 156 160 514', '*');
INSERT INTO `contacto` VALUES (573, 'Principal', 0, '0342 474 0754', '*');
INSERT INTO `contacto` VALUES (574, 'Principal', 1, '03491 - 15441463', '*');
INSERT INTO `contacto` VALUES (575, 'Principal', 0, '0351 - 423283', '*');
INSERT INTO `contacto` VALUES (579, 'Principal', 2, 'gmolinari@renausa.com.ar', NULL);
INSERT INTO `contacto` VALUES (581, 'Principal', 2, 'rectiave@arnet.com.ar', NULL);
INSERT INTO `contacto` VALUES (583, 'Principal', 0, '3491-470478', NULL);
INSERT INTO `contacto` VALUES (588, 'Principal', 1, '0349115696945', '*');
INSERT INTO `contacto` VALUES (589, 'Principal', 0, '03731 - 15549483', '*');
INSERT INTO `contacto` VALUES (592, 'Principal', 2, 'rivarosarn@coopmorteros.com.ar', NULL);
INSERT INTO `contacto` VALUES (593, 'Principal', 1, '03464-15684585', NULL);
INSERT INTO `contacto` VALUES (594, 'Principal', 0, '03857 - 421590', '*');
INSERT INTO `contacto` VALUES (596, 'Principal', 0, '3491-496162', NULL);
INSERT INTO `contacto` VALUES (597, 'Principal', 1, '0 3491 15 436074', '*');
INSERT INTO `contacto` VALUES (598, 'Principal', 0, '3491-496081', NULL);
INSERT INTO `contacto` VALUES (599, 'Principal', 1, '03491-15585104', '*');
INSERT INTO `contacto` VALUES (600, 'Principal', 1, '3491-509315', NULL);
INSERT INTO `contacto` VALUES (601, 'Principal', 1, '0358 154360282', '*');
INSERT INTO `contacto` VALUES (602, 'Principal', 1, '03467 155 87712', '*');
INSERT INTO `contacto` VALUES (603, 'Principal', 0, '3414931506', NULL);
INSERT INTO `contacto` VALUES (604, 'Principal', 2, 'admin@rossetti.com.ar', NULL);
INSERT INTO `contacto` VALUES (605, 'Principal', 1, '3464687665', NULL);
INSERT INTO `contacto` VALUES (606, 'Principal', 2, 'juliocesarrosso@hotmail.com', NULL);
INSERT INTO `contacto` VALUES (607, 'Principal', 1, '3735-15617999', NULL);
INSERT INTO `contacto` VALUES (608, 'Principal', 1, '0054-11-15545614133', '*');
INSERT INTO `contacto` VALUES (609, 'Principal', 0, '0054-11-4896-2600', '*');
INSERT INTO `contacto` VALUES (610, 'Principal', 1, '0 3491 15 696688', '*');
INSERT INTO `contacto` VALUES (611, 'Principal', 1, '3644448313', NULL);
INSERT INTO `contacto` VALUES (612, 'Principal', 0, '3857-470755', NULL);
INSERT INTO `contacto` VALUES (615, 'Principal', 2, 'cis_contratista@yahoo.com.ar', NULL);
INSERT INTO `contacto` VALUES (618, 'Principal', 0, '3491-496164', NULL);
INSERT INTO `contacto` VALUES (619, 'Principal', 0, '03464-15507203', '*');
INSERT INTO `contacto` VALUES (620, 'Principal', 0, '03491-470226', '*');
INSERT INTO `contacto` VALUES (622, 'Principal', 1, '03491-15440406', '*');
INSERT INTO `contacto` VALUES (624, 'Principal', 0, '(03471) 452602', '*');
INSERT INTO `contacto` VALUES (625, 'Principal', 0, '3491-496010', NULL);
INSERT INTO `contacto` VALUES (628, 'Principal', 1, '03491-15688122', '*');
INSERT INTO `contacto` VALUES (635, 'Principal', 2, 'albertosantochi@sergiotrepat.com', NULL);
INSERT INTO `contacto` VALUES (636, 'Principal', 1, '0 364 15 4585889', '*');
INSERT INTO `contacto` VALUES (637, 'Principal', 2, 'Sergio.Bastiani@bunge.com', NULL);
INSERT INTO `contacto` VALUES (639, 'Principal', 2, 'ventas@serviciosviales.com.ar', NULL);
INSERT INTO `contacto` VALUES (640, 'Principal', 2, 'ventas@sofama.com.ar', NULL);
INSERT INTO `contacto` VALUES (641, 'Principal', 0, '3462-440131', NULL);
INSERT INTO `contacto` VALUES (643, 'Principal', 0, '0342 4533176', NULL);
INSERT INTO `contacto` VALUES (644, 'Principal', 0, '03491-470670', '*');
INSERT INTO `contacto` VALUES (645, 'Principal', 1, '03491 15456627', '*');
INSERT INTO `contacto` VALUES (646, 'Principal', 0, '03491 421856 - Gabriela', '*');
INSERT INTO `contacto` VALUES (648, 'Principal', 0, '3491-496991', NULL);
INSERT INTO `contacto` VALUES (649, 'Principal', 0, '0341 4330743', '*');
INSERT INTO `contacto` VALUES (652, 'Principal', 0, '0342 - 4930141', '*');
INSERT INTO `contacto` VALUES (653, 'Principal', 0, '03562 - 15407733', '*');
INSERT INTO `contacto` VALUES (654, 'Principal', 0, '3491-496176', NULL);
INSERT INTO `contacto` VALUES (657, 'Principal', 0, '0342 156128295', '*');
INSERT INTO `contacto` VALUES (658, 'Principal', 1, '0 3491 15 440191', '*');
INSERT INTO `contacto` VALUES (660, 'Principal', 1, '03491 15415187', '*');
INSERT INTO `contacto` VALUES (661, 'Principal', 0, '3491-496047', NULL);
INSERT INTO `contacto` VALUES (662, 'Principal', 0, '011 - 48376500', '*');
INSERT INTO `contacto` VALUES (663, 'Principal', 0, '0342 4930375', '*');
INSERT INTO `contacto` VALUES (664, 'Principal', 1, '0342 154773055', NULL);
INSERT INTO `contacto` VALUES (665, 'Principal', 0, '0342 4904469', '*');
INSERT INTO `contacto` VALUES (666, 'Principal', 0, '03476 - 429281', '*');
INSERT INTO `contacto` VALUES (667, 'Principal', 2, 'tallersalcedo@opcionestelmex.com.ar', NULL);
INSERT INTO `contacto` VALUES (668, 'Principal', 0, '03491-420779 ', '*');
INSERT INTO `contacto` VALUES (669, 'Principal', 0, '03476-429193 ', '*');
INSERT INTO `contacto` VALUES (670, 'Principal', 0, '03492-432068 ', '*');
INSERT INTO `contacto` VALUES (672, 'Principal', 1, '03491 15483055', '*');
INSERT INTO `contacto` VALUES (673, 'Principal', 0, '471411 - 470636', NULL);
INSERT INTO `contacto` VALUES (674, 'Principal', 0, '03564-423505', '*');
INSERT INTO `contacto` VALUES (677, 'Principal', 0, '3491-496344', NULL);
INSERT INTO `contacto` VALUES (678, 'Principal', 1, '03491-15694857', '*');
INSERT INTO `contacto` VALUES (679, 'Principal', 1, '0 3491 15 419621', '*');
INSERT INTO `contacto` VALUES (683, 'Principal', 0, '(0341) 456-2580', '*');
INSERT INTO `contacto` VALUES (684, 'Principal', 2, 'ventas@tracsa.com.ar', NULL);
INSERT INTO `contacto` VALUES (687, 'Principal', 0, '03491-420283', '*');
INSERT INTO `contacto` VALUES (688, 'Principal', 0, '03491-470027', '*');
INSERT INTO `contacto` VALUES (698, 'Principal', 1, '03476-15692187', NULL);
INSERT INTO `contacto` VALUES (699, 'Principal', 2, 'victor.vannay@yahoo.com.ar', NULL);
INSERT INTO `contacto` VALUES (702, 'Principal', 2, 'venicarepuestos@arnetbiz.com.ar', NULL);
INSERT INTO `contacto` VALUES (704, 'Principal', 1, '03404-15417084', '*');
INSERT INTO `contacto` VALUES (706, 'Principal', 0, '3491-483730', NULL);
INSERT INTO `contacto` VALUES (707, 'Principal', 1, '3491 687897', NULL);
INSERT INTO `contacto` VALUES (708, 'Principal', 0, '3491-496319', NULL);
INSERT INTO `contacto` VALUES (713, 'Principal', 0, '3731506110', NULL);
INSERT INTO `contacto` VALUES (716, 'Principal', 2, 'jzanetti@csdnet.com.ar', NULL);
INSERT INTO `contacto` VALUES (717, 'Principal', 1, '3464-6807894', NULL);
INSERT INTO `contacto` VALUES (718, 'Principal', 0, '3464-495200', NULL);
INSERT INTO `contacto` VALUES (719, 'Principal', 1, '3491-687527', NULL);
INSERT INTO `contacto` VALUES (720, 'Principal', 0, '3492-505102', NULL);
INSERT INTO `contacto` VALUES (721, 'Principal', 2, 'gzenklusen@defensasimpositivas.com.ar', NULL);
INSERT INTO `contacto` VALUES (725, 'Principal', 0, '3492-422685', 'Rep. Facundo');
INSERT INTO `contacto` VALUES (726, 'Principal', 0, '3492-422998', '|');
INSERT INTO `contacto` VALUES (727, 'Emilio Juncal', 1, '3857-442444', '');
INSERT INTO `contacto` VALUES (728, 'Principal', 0, '3857-421324', '');
INSERT INTO `contacto` VALUES (729, 'Principal', 0, '3491-496293', '');
INSERT INTO `contacto` VALUES (731, 'Claudio Riva', 1, '3491-430475', '');
INSERT INTO `contacto` VALUES (732, 'Pablo', 1, '3857-400092', 'Factura Basf-Entrega Agroq del Norte');
INSERT INTO `contacto` VALUES (735, 'Mario Ballesteros', 2, 'hectormario.ballesteros@bayer.com', '');
INSERT INTO `contacto` VALUES (736, 'Mario Ballesteros', 1, '3482-512102', 'Ingeniero');
INSERT INTO `contacto` VALUES (737, 'Oscar', 1, '3857-487430', '');
INSERT INTO `contacto` VALUES (738, 'Principal', 1, '3471-672148', '');
INSERT INTO `contacto` VALUES (739, 'Principal', 0, '3476-429142', '');
INSERT INTO `contacto` VALUES (740, 'Principal', 0, '3476-432521', '');
INSERT INTO `contacto` VALUES (741, 'Jorge', 0, '3482-427070', '');
INSERT INTO `contacto` VALUES (742, 'Carina', 0, '3491-427995', '');
INSERT INTO `contacto` VALUES (743, ' Daniel S.', 1, '3491-501137', '');
INSERT INTO `contacto` VALUES (744, 'Jorge P.', 1, '3491-692466', '');
INSERT INTO `contacto` VALUES (747, 'Alejandro Gimenez', 1, '341-3478052', 'Representante Comercial Zonal');
INSERT INTO `contacto` VALUES (748, 'Principal', 0, '3857-421271', '');
INSERT INTO `contacto` VALUES (749, 'Guardia', 1, '3857-408585', '');
INSERT INTO `contacto` VALUES (750, 'Jose Luis', 1, '3857-403666', '');
INSERT INTO `contacto` VALUES (751, 'Charata', 0, '364-4420338', '');
INSERT INTO `contacto` VALUES (752, 'Villa Angela', 0, '3735-420035', '');
INSERT INTO `contacto` VALUES (755, 'Principal', 0, '3564-462000', '');
INSERT INTO `contacto` VALUES (757, 'Rodrigo Gagliesi', 1, '342-5259138', '');
INSERT INTO `contacto` VALUES (758, 'Monica Quiroz', 1, '341-5769347', '');
INSERT INTO `contacto` VALUES (759, 'Principal', 0, '3496-425505', 'Horario de 8 a 16 corrido');
INSERT INTO `contacto` VALUES (760, 'Principal', 0, '3587-421325', 'Tramite: Certificado Productor Primario:');
INSERT INTO `contacto` VALUES (762, 'Principal', 0, '3857-422254', 'Tramite de Emergencia y Desastre');
INSERT INTO `contacto` VALUES (763, 'Diego Chiati', 1, '3857-473856', 'Tramite de Emergencia y Desastre');
INSERT INTO `contacto` VALUES (764, 'Principal', 0, '3492-506656', '');
INSERT INTO `contacto` VALUES (765, 'Principal', 0, '3492-506616', '');
INSERT INTO `contacto` VALUES (766, 'Principal', 0, '3492-433801', 'Sergio: Repuestos');
INSERT INTO `contacto` VALUES (767, 'Servicios', 2, 'servicios@long.com.ar', '');
INSERT INTO `contacto` VALUES (768, 'Principal', 0, '3492-452800', '');
INSERT INTO `contacto` VALUES (769, 'Principal', 0, '3492-422640', '');
INSERT INTO `contacto` VALUES (770, 'Principal', 0, '3492-422191', '');
INSERT INTO `contacto` VALUES (771, 'Principal', 0, '3492-421993', '');
INSERT INTO `contacto` VALUES (772, 'Principal', 0, '3735-430691', '');
INSERT INTO `contacto` VALUES (773, 'Principal', 1, '3735-404057', '');
INSERT INTO `contacto` VALUES (774, 'Principal', 1, '3471-689081', '');
INSERT INTO `contacto` VALUES (776, 'Principal', 2, 'martingorr@hotmail.com', '');
INSERT INTO `contacto` VALUES (777, 'Principal', 0, '3471-470876', '');
INSERT INTO `contacto` VALUES (778, 'Principal', 1, '3491-409695', '');
INSERT INTO `contacto` VALUES (779, 'Principal', 1, '3491-441603', '');
INSERT INTO `contacto` VALUES (780, 'Antinori Domingo', 1, '3491-431367', '');
INSERT INTO `contacto` VALUES (781, 'Principal', 0, '3491-471166', '');
INSERT INTO `contacto` VALUES (782, 'Principal', 0, '342-4559464', '');
INSERT INTO `contacto` VALUES (783, 'Principal', 0, '3735-473740', '');
INSERT INTO `contacto` VALUES (784, 'Esteban', 1, '3492-223646', '');
INSERT INTO `contacto` VALUES (785, 'Principal', 0, '3408-423577', '');
INSERT INTO `contacto` VALUES (786, 'Principal', 1, '3408-672440', '');
INSERT INTO `contacto` VALUES (787, 'Principal', 0, '3493-451664', '');
INSERT INTO `contacto` VALUES (788, 'Jose Yost', 1, '3493-661276', '');
INSERT INTO `contacto` VALUES (789, 'Luis', 0, '3491-496148', '');
INSERT INTO `contacto` VALUES (791, 'Taller', 0, '3492-447398', '');
INSERT INTO `contacto` VALUES (792, 'Taller', 1, '3492-670171', 'Mondino Gaston');
INSERT INTO `contacto` VALUES (793, 'Ruta', 0, '3491-496262', '');
INSERT INTO `contacto` VALUES (794, 'Principal', 0, '3491-496021', '');
INSERT INTO `contacto` VALUES (795, 'Principal', 0, '3564-435900', '');
INSERT INTO `contacto` VALUES (796, 'Juan Reynares', 1, '3564-666283', '');
INSERT INTO `contacto` VALUES (797, 'Principal', 0, '11-48976796', '');
INSERT INTO `contacto` VALUES (798, 'Gustavo - Tecnico', 1, '11-60302682', '');
INSERT INTO `contacto` VALUES (799, 'Juan Carlos Mussano', 1, '3406-431420', '');
INSERT INTO `contacto` VALUES (800, 'Juan Carlos Mussano', 2, 'juancarlosmussano@hotmail.com', '');
INSERT INTO `contacto` VALUES (801, 'Turnos - Armando', 0, '342-4884677', '');
INSERT INTO `contacto` VALUES (802, 'Principal', 1, '342-4385100', '');
INSERT INTO `contacto` VALUES (803, 'Perez Ariel', 1, '3471-623357', '');
INSERT INTO `contacto` VALUES (804, 'Principal', 0, '3498-428244', '');
INSERT INTO `contacto` VALUES (805, 'Suarez Sandro - Encargado', 1, '3491-438626', '');
INSERT INTO `contacto` VALUES (806, 'Fisat Franco', 2, 'franco-fisat@hotmail.com', '');
INSERT INTO `contacto` VALUES (807, 'Peralta Silvia', 1, '3491-534411', '');
INSERT INTO `contacto` VALUES (808, 'Principal', 0, '3492-430666', 'int:114 Ricardo');
INSERT INTO `contacto` VALUES (809, 'Principal', 0, '3492-432775', '');
INSERT INTO `contacto` VALUES (811, 'Principal', 0, '341-4331321', '');
INSERT INTO `contacto` VALUES (812, 'Principal', 0, '3471-461044', '');
INSERT INTO `contacto` VALUES (813, 'Vendedor', 2, 'jbaudino@crucianelli.com', '');
INSERT INTO `contacto` VALUES (814, 'Principal', 2, 'distribuidora_jbm@fibertel.com.ar', '');
INSERT INTO `contacto` VALUES (815, 'Principal', 0, '3491-470397', '');
INSERT INTO `contacto` VALUES (816, 'Principal', 0, '3492-437811', '');
INSERT INTO `contacto` VALUES (817, 'Principal', 0, '3492-437947', '');
INSERT INTO `contacto` VALUES (818, 'Principal', 0, '3492-422792', '');
INSERT INTO `contacto` VALUES (819, 'Principal', 0, '3492-501792', '');
INSERT INTO `contacto` VALUES (820, 'Principal', 0, '3562-422763', '');
INSERT INTO `contacto` VALUES (821, 'Principal', 0, '3592-422747', '');
INSERT INTO `contacto` VALUES (822, 'Oscar', 1, '3562-671646', '');
INSERT INTO `contacto` VALUES (823, 'Principal', 0, '3402-493200', '');
INSERT INTO `contacto` VALUES (824, 'Principal', 0, '3402-493222', '');
INSERT INTO `contacto` VALUES (825, 'Principal', 1, '236-4569495', '');
INSERT INTO `contacto` VALUES (827, 'Principal', 0, '3562-466253', '');
INSERT INTO `contacto` VALUES (828, 'Principal', 0, '3562-467420', '');
INSERT INTO `contacto` VALUES (829, 'Principal', 0, '3491-470235', '');
INSERT INTO `contacto` VALUES (830, 'Principal', 2, 'hondagermani@norfe.net.ar', '');
INSERT INTO `contacto` VALUES (831, 'Villa Minetti', 1, '3491-432800', '');
INSERT INTO `contacto` VALUES (832, 'Principal', 0, '3492-423789', '');
INSERT INTO `contacto` VALUES (833, 'Principal', 0, '341-4544544', '');
INSERT INTO `contacto` VALUES (834, 'Principal', 2, 'rosario@proglobal.com', '');
INSERT INTO `contacto` VALUES (835, 'Paez Gerardo', 1, '342-4369812', '');
INSERT INTO `contacto` VALUES (836, 'Principal', 0, '342-4741111', '');
INSERT INTO `contacto` VALUES (837, 'Principal', 0, '342-4743031', '');
INSERT INTO `contacto` VALUES (838, 'Principal', 3, 'http://www.innova-ing.com', '');
INSERT INTO `contacto` VALUES (839, 'Principal', 0, '3491-451882', '');
INSERT INTO `contacto` VALUES (840, 'Principal', 0, '3491-453332', '');
INSERT INTO `contacto` VALUES (841, 'Marcelo Bohive', 1, '3471-582974', '');
INSERT INTO `contacto` VALUES (842, 'Principal', 0, '3492-442212', '');
INSERT INTO `contacto` VALUES (843, 'Principal', 1, '3492-674910', '');
INSERT INTO `contacto` VALUES (844, 'Principal', 1, '364-4625536', '');
INSERT INTO `contacto` VALUES (845, 'V. Angela', 1, '3735-622060', '');
INSERT INTO `contacto` VALUES (846, 'Principal', 0, '3493-421000', '');
INSERT INTO `contacto` VALUES (847, 'Principal', 0, '3491-470270', 'Erica');
INSERT INTO `contacto` VALUES (848, 'Principal', 0, '3491-496100', '');
INSERT INTO `contacto` VALUES (849, 'Miky Fedele', 1, '3491-440115', '');
INSERT INTO `contacto` VALUES (850, 'Principal', 0, '342-4894071', '');
INSERT INTO `contacto` VALUES (852, 'Principal', 1, '3468-565705', '');
INSERT INTO `contacto` VALUES (853, 'Principal', 1, '3491-441046', '');
INSERT INTO `contacto` VALUES (854, 'Gancedo', 0, '3731-491625', '');
INSERT INTO `contacto` VALUES (856, 'Pinedo', 0, '3731-480329', 'Encargado Alejandro');
INSERT INTO `contacto` VALUES (857, 'Principal', 0, '11-51993292', '');
INSERT INTO `contacto` VALUES (858, 'Principal', 1, '3404-511331', '');
INSERT INTO `contacto` VALUES (859, 'Principal', 0, '3404-420482', 'Manuel');
INSERT INTO `contacto` VALUES (860, 'Principal', 0, '11-60916699', '');
INSERT INTO `contacto` VALUES (861, 'Antonio Grieci', 2, 'antonio@ipcalls.com.ar', '');
INSERT INTO `contacto` VALUES (862, 'Principal', 0, '3482-480555', '');
INSERT INTO `contacto` VALUES (863, 'Principal', 0, '3482-480488', '');
INSERT INTO `contacto` VALUES (864, 'Principal', 0, '3483-470397', '');
INSERT INTO `contacto` VALUES (865, 'Miguel A. Diaz', 1, '3483-640226', '');
INSERT INTO `contacto` VALUES (866, 'Presa Ricardo Miguel', 1, '3482-528188', 'Gerente');
INSERT INTO `contacto` VALUES (867, 'Principal', 0, '3491-470468', 'Roxana');
INSERT INTO `contacto` VALUES (868, 'Principal', 0, '3491-496022', '');
INSERT INTO `contacto` VALUES (869, 'Principal', 0, '3491-496070', '');
INSERT INTO `contacto` VALUES (870, 'Marcelo', 1, '342-6310585', '');
INSERT INTO `contacto` VALUES (871, 'Principal', 0, '3491-470456', '');
INSERT INTO `contacto` VALUES (872, 'Principal', 1, '342-6155453', '');
INSERT INTO `contacto` VALUES (873, 'Miguel', 1, '3731-538632', '');
INSERT INTO `contacto` VALUES (874, 'Omar', 1, '3731-622397', '');
INSERT INTO `contacto` VALUES (875, 'Principal', 0, '3541-420133', '');
INSERT INTO `contacto` VALUES (876, 'Señora', 1, '3731-624228', '');
INSERT INTO `contacto` VALUES (877, 'Dr. Gonzalez Fabio', 1, '3731-451455', '');
INSERT INTO `contacto` VALUES (878, 'Hijo', 1, '3731-628139', '');
INSERT INTO `contacto` VALUES (879, 'Padre', 1, '3731-628003', '');
INSERT INTO `contacto` VALUES (880, 'Julio Salazar', 1, '3854-849239', '');
INSERT INTO `contacto` VALUES (881, 'Oficina Daniel', 1, '3731-512525', '');
INSERT INTO `contacto` VALUES (882, 'Javier', 1, '3491-442456', '');
INSERT INTO `contacto` VALUES (883, 'Gabriela Armando', 1, '3491-687918', '');
INSERT INTO `contacto` VALUES (884, 'Principal', 0, '3491-472619', '');
INSERT INTO `contacto` VALUES (885, 'Principal', 0, '3491-475619', '');
INSERT INTO `contacto` VALUES (886, 'Principal', 0, '3491-480045', '');
INSERT INTO `contacto` VALUES (887, 'Escribana', 1, '3491-583497', '');
INSERT INTO `contacto` VALUES (888, 'Teresa - Secretaria', 1, '3491-483055', '');
INSERT INTO `contacto` VALUES (889, 'Francisco', 1, '3471-680128', '');
INSERT INTO `contacto` VALUES (891, 'Fernando Banco', 1, '3857-473911', '');
INSERT INTO `contacto` VALUES (892, 'Principal', 1, '3857-421062', '');
INSERT INTO `contacto` VALUES (893, 'Principal', 0, '3857-422211', '');
INSERT INTO `contacto` VALUES (894, 'Monti Miguel', 0, '11-47978800', 'Venta');
INSERT INTO `contacto` VALUES (895, 'Repuestos - Alberto Santochi', 0, '11-47947500', '');
INSERT INTO `contacto` VALUES (896, 'Principal', 0, '3843-488456', '');
INSERT INTO `contacto` VALUES (897, 'Principal', 0, '3471-462430', '');
INSERT INTO `contacto` VALUES (898, 'Vigil Jose', 0, '3471-461922', '');
INSERT INTO `contacto` VALUES (899, 'Principal', 1, '3491-440406', '');
INSERT INTO `contacto` VALUES (900, 'Principal', 1, '3471-596032', '');
INSERT INTO `contacto` VALUES (901, 'Cristian', 1, '3471-566673', '');
INSERT INTO `contacto` VALUES (902, 'Principal', 0, '3471-457015', '');
INSERT INTO `contacto` VALUES (903, 'Principal', 0, '3476-482025', '');
INSERT INTO `contacto` VALUES (904, 'Principal', 0, '3476-482061', '');
INSERT INTO `contacto` VALUES (905, 'Principal', 1, '3491-443763', '3491699611');
INSERT INTO `contacto` VALUES (906, 'Principal', 1, '3491-432671', '');
INSERT INTO `contacto` VALUES (907, 'Principal', 1, '3491-417376', '');
INSERT INTO `contacto` VALUES (908, 'Oficina', 0, '3491-496330', '');
INSERT INTO `contacto` VALUES (909, 'Particular', 0, '3491-496301', '');
INSERT INTO `contacto` VALUES (910, 'Principal', 1, '3462-567215', '');
INSERT INTO `contacto` VALUES (912, 'Principal', 0, '3402-493071', '');
INSERT INTO `contacto` VALUES (913, 'Principal', 0, '3402-493060', '');
INSERT INTO `contacto` VALUES (914, 'Principal', 0, '3491-472543', '');
INSERT INTO `contacto` VALUES (915, 'Principal', 1, '3491-502571', '');
INSERT INTO `contacto` VALUES (916, 'Principal', 1, '3491-502570', '');
INSERT INTO `contacto` VALUES (917, 'Principal', 0, '3471-497037', '');
INSERT INTO `contacto` VALUES (918, 'Principal', 0, '3471-497241', '');
INSERT INTO `contacto` VALUES (919, 'Carolina Vanthienen', 0, '351-4858404', '');
INSERT INTO `contacto` VALUES (920, 'Principal', 0, '351-4858400', '');
INSERT INTO `contacto` VALUES (921, 'Principal', 0, '341-4635050', '');
INSERT INTO `contacto` VALUES (922, 'Principal', 0, '341-4630087', '');
INSERT INTO `contacto` VALUES (923, 'Principal', 0, '385-4213313', '');
INSERT INTO `contacto` VALUES (924, 'Principal', 0, '385-4214494', '');
INSERT INTO `contacto` VALUES (925, 'Principal', 0, '385-4219838', '');
INSERT INTO `contacto` VALUES (926, 'Principal', 0, '362-4465141', '');
INSERT INTO `contacto` VALUES (927, 'Principal', 0, '362-4465151', '');
INSERT INTO `contacto` VALUES (928, 'Principal', 1, '341-4006921', '');
INSERT INTO `contacto` VALUES (929, 'Principal', 0, '3476-430719', '');
INSERT INTO `contacto` VALUES (930, 'San Lorenzo', 0, '3476-459307', '');
INSERT INTO `contacto` VALUES (931, 'Principal', 1, '3404-636284', '');
INSERT INTO `contacto` VALUES (932, 'Principal', 1, '3404-492393', '');
INSERT INTO `contacto` VALUES (933, 'Principal', 0, '3404-481136', '');
INSERT INTO `contacto` VALUES (934, 'Principal', 0, '297-4480383', '');
INSERT INTO `contacto` VALUES (935, 'Principal', 1, '297-5098930', '');
INSERT INTO `contacto` VALUES (936, 'Principal', 1, '297-5098931', '');
INSERT INTO `contacto` VALUES (937, 'Principal', 0, '2983-423313', '');
INSERT INTO `contacto` VALUES (940, 'Principal', 1, '2983-456985', '');
INSERT INTO `contacto` VALUES (941, 'Principal', 1, '2983-412019', '');
INSERT INTO `contacto` VALUES (942, 'Principal', 0, '3464-481197', '');
INSERT INTO `contacto` VALUES (943, 'Principal', 1, '3464-681747', '');
INSERT INTO `contacto` VALUES (944, 'Principal', 1, '3464-692337', '');
INSERT INTO `contacto` VALUES (945, 'Principal', 0, '3492-497010', 'Gonzalo Molinari');
INSERT INTO `contacto` VALUES (946, 'Principal', 1, '3492-680222', '');
INSERT INTO `contacto` VALUES (947, 'Principal', 1, '3492-616910', '');
INSERT INTO `contacto` VALUES (948, 'Principal', 1, '3482-632030', '');
INSERT INTO `contacto` VALUES (949, 'Principal', 0, '3482-481022', '');
INSERT INTO `contacto` VALUES (950, 'Principal', 0, '3482-481026', '');
INSERT INTO `contacto` VALUES (951, 'Principal', 1, '3491-695097', '');
INSERT INTO `contacto` VALUES (952, 'Principal', 0, '3491-470455', '');
INSERT INTO `contacto` VALUES (953, 'Principal', 0, '3491-470645', '');
INSERT INTO `contacto` VALUES (954, 'Principal', 0, '3460-420177', '');
INSERT INTO `contacto` VALUES (955, 'Principal', 0, '3460-420370', '');
INSERT INTO `contacto` VALUES (956, 'Principal', 0, '343-4364625', '');
INSERT INTO `contacto` VALUES (957, 'Principal', 0, '343-4364628', '');
INSERT INTO `contacto` VALUES (958, 'Principal', 0, '2317-430586', '');
INSERT INTO `contacto` VALUES (959, 'Principal', 0, '2317-422135', '');
INSERT INTO `contacto` VALUES (960, 'Principal', 0, '3731-491076', '');
INSERT INTO `contacto` VALUES (961, 'Principal', 1, '3735-477109', '');
INSERT INTO `contacto` VALUES (962, 'Principal', 0, '3482-420518', '');
INSERT INTO `contacto` VALUES (963, 'Principal', 0, '3482-423040', '');
INSERT INTO `contacto` VALUES (964, 'Principal', 0, '342-4905553', '');
INSERT INTO `contacto` VALUES (965, 'Principal', 0, '342-4905319', '');
INSERT INTO `contacto` VALUES (966, 'Principal', 0, '342-4553407', '');
INSERT INTO `contacto` VALUES (967, 'Principal', 0, '342-4554525', '');
INSERT INTO `contacto` VALUES (968, 'Principal', 0, '3482-481439', '');
INSERT INTO `contacto` VALUES (969, 'Principal', 0, '3482-481666', '');
INSERT INTO `contacto` VALUES (970, 'Principal', 1, '3735-454171', '');
INSERT INTO `contacto` VALUES (971, 'Principal', 0, '3735-431558', '');
INSERT INTO `contacto` VALUES (972, 'Principal', 0, '358-4647699', '');
INSERT INTO `contacto` VALUES (973, 'Principal', 0, '358-4638995', '');
INSERT INTO `contacto` VALUES (974, 'Principal', 0, '3564-431505', '');
INSERT INTO `contacto` VALUES (975, 'Principal', 0, '3564-430247', '');
INSERT INTO `contacto` VALUES (976, 'Principal', 1, '3462-469738', '');
INSERT INTO `contacto` VALUES (977, 'Principal', 0, '3462-490087', '');
INSERT INTO `contacto` VALUES (978, 'Principal', 0, '3462-452500', '');
INSERT INTO `contacto` VALUES (979, 'Daniel E. Juarez', 1, '341-5010668', '');
INSERT INTO `contacto` VALUES (980, 'Principal', 0, '3476-470214', '');
INSERT INTO `contacto` VALUES (981, 'Principal', 0, '3476-470367', '');
INSERT INTO `contacto` VALUES (982, 'Principal', 0, '3482-422995', '');
INSERT INTO `contacto` VALUES (983, 'Principal', 0, '3482-421761', '');
INSERT INTO `contacto` VALUES (984, 'Principal', 0, '342-4561600', '');
INSERT INTO `contacto` VALUES (986, 'Principal', 0, '342-4561646', '');
INSERT INTO `contacto` VALUES (987, 'Principal', 0, '342-4563797', '');
INSERT INTO `contacto` VALUES (988, 'Principal', 1, '3491-586067', '');
INSERT INTO `contacto` VALUES (989, 'Principal', 0, '3491-470661', '');
INSERT INTO `contacto` VALUES (990, 'Principal', 0, '3491-470860', '');
INSERT INTO `contacto` VALUES (991, 'Principal', 0, '3491-474860', '');
INSERT INTO `contacto` VALUES (992, 'Bessone Luis', 1, '2355-570159', '');
INSERT INTO `contacto` VALUES (993, 'Principal', 0, '2355-432380', '');
INSERT INTO `contacto` VALUES (994, 'Principal', 0, '2355-432781', '');
INSERT INTO `contacto` VALUES (995, 'Principal', 0, '3401-420886', '');
INSERT INTO `contacto` VALUES (996, 'Principal', 0, '3401-421260', '');
INSERT INTO `contacto` VALUES (997, 'Diego Ibarra', 1, '3572-532033', '');
INSERT INTO `contacto` VALUES (998, 'Principal', 0, '3572-466145', '');
INSERT INTO `contacto` VALUES (999, 'Principal', 0, '3572-460146', '');
INSERT INTO `contacto` VALUES (1000, 'Principal', 0, '341-4493917', '');
INSERT INTO `contacto` VALUES (1001, 'Principal', 0, '341-4242129', '');
INSERT INTO `contacto` VALUES (1002, 'Principal', 0, '3476-460123', '');
INSERT INTO `contacto` VALUES (1003, 'Principal', 0, '3476-460442', '');
INSERT INTO `contacto` VALUES (1004, 'Principal', 0, '3491-496296', '');
INSERT INTO `contacto` VALUES (1005, 'Principal', 0, '3491-496416', '');
INSERT INTO `contacto` VALUES (1006, 'Principal', 1, '341-3374629', '');
INSERT INTO `contacto` VALUES (1007, 'Principal', 0, '3476-570308', '');
INSERT INTO `contacto` VALUES (1008, 'Principal', 0, '3476-570315', '');
INSERT INTO `contacto` VALUES (1009, 'Principal', 0, '3476-570317', '');
INSERT INTO `contacto` VALUES (1010, 'Principal', 0, '341-4307850', '');
INSERT INTO `contacto` VALUES (1011, 'Principal', 0, '341-4376380', '');
INSERT INTO `contacto` VALUES (1012, 'Principal', 1, '3460-497122', '');
INSERT INTO `contacto` VALUES (1013, 'Principal', 1, '3460-692735', '');
INSERT INTO `contacto` VALUES (1014, 'Principal', 1, '341-6543080', '');
INSERT INTO `contacto` VALUES (1015, 'Principal', 0, '341-4322223', '');
INSERT INTO `contacto` VALUES (1016, 'Principal', 0, '3482-429909', '');
INSERT INTO `contacto` VALUES (1017, 'Principal', 0, '3482-420821', '');
INSERT INTO `contacto` VALUES (1018, 'Principal', 1, '3491-693978', '');
INSERT INTO `contacto` VALUES (1019, 'Principal', 0, '3491-472027', '');
INSERT INTO `contacto` VALUES (1020, 'Roberto Diaz', 1, '3491-699584', '');
INSERT INTO `contacto` VALUES (1021, 'Principal', 1, '385-5906001', '');
INSERT INTO `contacto` VALUES (1022, 'Principal', 0, '381-4311299', 'Int 115');
INSERT INTO `contacto` VALUES (1023, 'Principal', 0, '3491-420459', '');
INSERT INTO `contacto` VALUES (1024, 'Mariano', 1, '3491-440363', '');
INSERT INTO `contacto` VALUES (1025, 'Principal', 0, '3482-488492', '');
INSERT INTO `contacto` VALUES (1026, 'Principal', 1, '3731-634425', '');
INSERT INTO `contacto` VALUES (1027, 'Principal', 0, '3731-422722', '');
INSERT INTO `contacto` VALUES (1028, 'Principal', 0, '3731-431914', '');
INSERT INTO `contacto` VALUES (1029, 'Dario Medina', 1, '3491-412252', '');
INSERT INTO `contacto` VALUES (1030, 'Principal', 0, '342-4600624', '');
INSERT INTO `contacto` VALUES (1031, 'Sergio', 1, '342-6150524', '');
INSERT INTO `contacto` VALUES (1032, 'Principal', 0, '3491-470580', '');
INSERT INTO `contacto` VALUES (1033, 'Principal', 1, '342-5318083', '');
INSERT INTO `contacto` VALUES (1034, 'Principal', 1, '342-5640101', '');
INSERT INTO `contacto` VALUES (1035, 'Principal', 0, '3562-500762', '');
INSERT INTO `contacto` VALUES (1036, 'Principal', 0, '3562-467821', '');
INSERT INTO `contacto` VALUES (1037, 'Principal', 1, '3735-405374', '');
INSERT INTO `contacto` VALUES (1038, 'Principal', 1, '3491-585057', '');
INSERT INTO `contacto` VALUES (1039, 'Principal', 0, '3491-491116', 'Cesar Int 35');
INSERT INTO `contacto` VALUES (1040, 'Principal', 0, '3491-470259', '');
INSERT INTO `contacto` VALUES (1041, 'Daniela', 1, '342-5528939', '');
INSERT INTO `contacto` VALUES (1042, 'Guardia', 1, '3491-464730', '');
INSERT INTO `contacto` VALUES (1043, 'Principal', 0, '3482-420332', '');
INSERT INTO `contacto` VALUES (1044, 'Principal', 0, '3471-491234', '');
INSERT INTO `contacto` VALUES (1045, 'Leonardo Principe', 1, '3471-532012', '');
INSERT INTO `contacto` VALUES (1046, 'Tato', 1, '3491-688778', '');
INSERT INTO `contacto` VALUES (1047, 'Autopista', 1, '3466-495328', '');
INSERT INTO `contacto` VALUES (1048, 'Recreo - Ernesto', 0, '342-4905115', '');
INSERT INTO `contacto` VALUES (1049, 'Marcelo', 1, '3843-451905', '');
INSERT INTO `contacto` VALUES (1050, 'Principal', 0, '3843-422456', '');
INSERT INTO `contacto` VALUES (1051, 'Principal', 0, '3843-427007', '');
INSERT INTO `contacto` VALUES (1052, 'Principal', 0, '341-4322223', 'Int.275 Gabriela');
INSERT INTO `contacto` VALUES (1053, 'Principal', 1, '11-56636671', '');
INSERT INTO `contacto` VALUES (1054, 'Cichiti Luis', 1, '3491-695369', '');
INSERT INTO `contacto` VALUES (1055, 'Principal', 0, '3491-496012', '');
INSERT INTO `contacto` VALUES (1056, 'Principal', 0, '3491-496148', '');
INSERT INTO `contacto` VALUES (1057, 'Principal', 0, '3751-424784', '');
INSERT INTO `contacto` VALUES (1058, 'Alejandro', 1, '3743-437241', '');
INSERT INTO `contacto` VALUES (1059, 'Principal', 0, '3491-470521', '');
INSERT INTO `contacto` VALUES (1060, 'Principal', 1, '3491-698767', '');
INSERT INTO `contacto` VALUES (1061, 'Maldonado Marcos', 1, '3491-502460', '');
INSERT INTO `contacto` VALUES (1062, 'David Morganti', 1, '3464-449838', '');
INSERT INTO `contacto` VALUES (1063, 'Leo Surcos', 1, '3491-699000', '');
INSERT INTO `contacto` VALUES (1064, 'Lucho Surcos', 1, '3491-687947', '');
INSERT INTO `contacto` VALUES (1065, 'Gustavo Nasich', 1, '3491-501610', '');
INSERT INTO `contacto` VALUES (1066, 'Ruvatta Jose - Choco', 1, '3491-534477', '');
INSERT INTO `contacto` VALUES (1067, 'Principal', 1, '3465-653789', '');
INSERT INTO `contacto` VALUES (1068, 'Principal', 0, '3491-475244', '');
INSERT INTO `contacto` VALUES (1069, 'Principal', 1, '3491-582322', '');
INSERT INTO `contacto` VALUES (1070, 'Principal', 0, '3408-424074', '');
INSERT INTO `contacto` VALUES (1071, 'Sergio', 1, '3735-446436', '');
INSERT INTO `contacto` VALUES (1072, 'Ernesto', 1, '3735-446437', '');
INSERT INTO `contacto` VALUES (1073, 'Jefe', 1, '3483-411014', '');
INSERT INTO `contacto` VALUES (1074, 'Francisco', 1, '341-5720216', '');
INSERT INTO `contacto` VALUES (1075, 'Principal', 0, '341-4309090', '');
INSERT INTO `contacto` VALUES (1076, 'Principal', 1, '3471-672601', '');
INSERT INTO `contacto` VALUES (1077, 'Principal', 1, '3491-697643', '');
INSERT INTO `contacto` VALUES (1080, 'Principal', 1, '3465-659094', '');
INSERT INTO `contacto` VALUES (1081, 'Principal', 1, '3460-693113', '');
INSERT INTO `contacto` VALUES (1082, 'Chofer a Designar', 1, '3491-430009', '');
INSERT INTO `contacto` VALUES (1083, 'Principal', 0, '3491-470690', '');
INSERT INTO `contacto` VALUES (1084, 'Principal', 1, '3491-586971', '');
INSERT INTO `contacto` VALUES (1085, 'Mancuello Alberto', 1, '3491-509226', '');
INSERT INTO `contacto` VALUES (1086, 'Principal', 0, '3857-422193', '');
INSERT INTO `contacto` VALUES (1087, 'Principal', 0, '3471-451083', '');
INSERT INTO `contacto` VALUES (1088, 'Milton', 1, '3491-440809', '');
INSERT INTO `contacto` VALUES (1089, 'Monando Claudio', 1, '3491-507811', '');
INSERT INTO `contacto` VALUES (1090, 'Principal', 0, '3857-421081', '');
INSERT INTO `contacto` VALUES (1091, 'Principal', 1, '3857-675401', '');
INSERT INTO `contacto` VALUES (1092, 'Jose', 1, '341-3736172', '');
INSERT INTO `contacto` VALUES (1093, 'Ezequiel', 1, '341-3474689', '');
INSERT INTO `contacto` VALUES (1094, 'Principal', 0, '3491-471784', '');
INSERT INTO `contacto` VALUES (1095, 'Marcela', 1, '3491-419016', '');
INSERT INTO `contacto` VALUES (1096, 'Principal', 0, '221-4213349', '');
INSERT INTO `contacto` VALUES (1097, 'Principal', 1, '221-6476067', '');
INSERT INTO `contacto` VALUES (1098, 'Principal', 1, '221-5457337', '');
INSERT INTO `contacto` VALUES (1099, 'Principal', 0, '3731-422107', '');
INSERT INTO `contacto` VALUES (1100, 'Dario Gonzalez - Gerente', 1, '364-4620351', '');
INSERT INTO `contacto` VALUES (1101, 'Principal', 1, '3735-446698', '');
INSERT INTO `contacto` VALUES (1102, 'Principal', 1, '3735-416554', '');
INSERT INTO `contacto` VALUES (1104, 'Principal', 1, '341-6031030', '');
INSERT INTO `contacto` VALUES (1105, 'Luis Pelletan', 1, '3492-617330', '');
INSERT INTO `contacto` VALUES (1106, 'Principal', 0, '3492-424404', '');
INSERT INTO `contacto` VALUES (1107, 'Principal', 0, '341-4320789', '');
INSERT INTO `contacto` VALUES (1108, 'Principal', 0, '3482-428124', '');
INSERT INTO `contacto` VALUES (1109, 'Principal', 1, '3493-666980', '');
INSERT INTO `contacto` VALUES (1110, 'Principal', 1, '3462-319846', '');
INSERT INTO `contacto` VALUES (1111, 'Principal', 1, '3462-313470', '');
INSERT INTO `contacto` VALUES (1112, 'Principal', 1, '3492-614659', '');
INSERT INTO `contacto` VALUES (1113, 'Principal', 0, '3562-467633', '');
INSERT INTO `contacto` VALUES (1114, 'Principal', 1, '3404-408321', '');
INSERT INTO `contacto` VALUES (1115, 'Principal', 1, '3491-691034', '');
INSERT INTO `contacto` VALUES (1116, 'Principal', 0, '3491-420363', '');
INSERT INTO `contacto` VALUES (1117, 'Principal', 0, '3496-411011', '');
INSERT INTO `contacto` VALUES (1118, 'Principal', 0, '3496-411800', '');
INSERT INTO `contacto` VALUES (1120, 'Ventas', 2, 'ventas@galcor.com.ar', '');
INSERT INTO `contacto` VALUES (1121, 'Principal', 0, '3491-496012', '');
INSERT INTO `contacto` VALUES (1122, 'Javier Menara', 1, '3491-442456', '');
INSERT INTO `contacto` VALUES (1123, 'Javier Menara', 0, '3491-475950', '');
INSERT INTO `contacto` VALUES (1124, 'Javier Menara', 2, 'jmaneraseguros@gmail.com', '');
INSERT INTO `contacto` VALUES (1125, 'Central - Avellaneda', 0, '3482-481268', '');
INSERT INTO `contacto` VALUES (1126, 'Central - Avellaneda', 0, '3482-481850', '');
INSERT INTO `contacto` VALUES (1127, 'Mario Vergara', 1, '3482-641990', '');
INSERT INTO `contacto` VALUES (1131, 'Magali Mariani', 0, '341-4248700', '');
INSERT INTO `contacto` VALUES (1132, 'Gabino Antunia', 1, '3482-643426', '');
INSERT INTO `contacto` VALUES (1133, 'Principal', 0, '341-4554827', '');
INSERT INTO `contacto` VALUES (1135, 'Casa Central', 0, '341-4852777', '');
INSERT INTO `contacto` VALUES (1136, 'ADM', 2, 'sumimaq@arnetbiz.com.ar', '');
INSERT INTO `contacto` VALUES (1137, 'Principal', 0, '3562-424071', '');
INSERT INTO `contacto` VALUES (1139, 'Principal', 0, '2473-480135', 'Ruben');
INSERT INTO `contacto` VALUES (1140, 'Franco Edinho Cuarto', 1, '3843-674835', '');
INSERT INTO `contacto` VALUES (1141, 'Sanchez Carlos', 1, '3731-628287', '');
INSERT INTO `contacto` VALUES (1142, 'Magali Mariani', 2, 'mmariani@suelosyescorias.com', '');
INSERT INTO `contacto` VALUES (1143, 'Magali Mariani', 0, '341-4248700', '');
INSERT INTO `contacto` VALUES (1144, 'Magali Mariani', 0, '341-4249700', '');
INSERT INTO `contacto` VALUES (1145, 'Rosel Rafael Fernando', 1, '3471-672404', '');
INSERT INTO `contacto` VALUES (1146, 'Rosel Rafael Fernando', 2, 'ale_ribotta@oulook.com', '');
INSERT INTO `contacto` VALUES (1147, 'Peralta Silvia_Esposa ', 1, '3491-699206', '');
INSERT INTO `contacto` VALUES (1148, 'Fabian Buchholz', 1, '3735-630042', '');
INSERT INTO `contacto` VALUES (1149, 'Rosel Rafael Fernando', 0, '3471-495112', '');
INSERT INTO `contacto` VALUES (1150, 'Vaschetto Hugo', 1, '3406-646240', '');
INSERT INTO `contacto` VALUES (1151, 'Sebastian Delfin', 1, '3406-643000', '');
INSERT INTO `contacto` VALUES (1152, 'Principal', 0, '236-4492002', '');
INSERT INTO `contacto` VALUES (1153, 'Danilo Iachini', 1, '3471-674132', '');
INSERT INTO `contacto` VALUES (1154, 'Dario', 1, '3471-689121', '');
INSERT INTO `contacto` VALUES (1155, 'IACHINI DANILO JESUS MARIA', 1, '3471-674132', '');
INSERT INTO `contacto` VALUES (1156, 'IACHINI DARIO', 1, '3471-689121', '');
INSERT INTO `contacto` VALUES (1157, 'Roberto Javier Buosi', 1, '3401-416032', '');
INSERT INTO `contacto` VALUES (1158, 'Roberto Javier Buosi', 1, '3401-480183', '');
INSERT INTO `contacto` VALUES (1159, 'Tamone Jose', 1, '3406-462029', '');
INSERT INTO `contacto` VALUES (1160, 'Ciarlantini Hernan Marcelo', 1, '3471-673260', '');
INSERT INTO `contacto` VALUES (1161, 'Capaldi Nelso', 1, '3464-680708', '');
INSERT INTO `contacto` VALUES (1162, 'Lucas Boasso', 1, '3401-640438', '');
INSERT INTO `contacto` VALUES (1163, 'Lucas Boasso', 1, '3401-640446', '');
INSERT INTO `contacto` VALUES (1164, 'Lucas Boasso', 2, 'lucas.boasso@hotmail.com', '');
INSERT INTO `contacto` VALUES (1165, 'Sitio', 3, 'http://www.sumimaqrosario.com.ar/', '');
INSERT INTO `contacto` VALUES (1166, 'Geronimo Dhondt', 1, '381-3586994', '');
INSERT INTO `contacto` VALUES (1167, 'Geronimo Dhondt', 3, '', '');
INSERT INTO `contacto` VALUES (1168, 'Jose', 1, '11-65910444', '');
INSERT INTO `contacto` VALUES (1169, 'Graciela', 1, '11-65696431', '');
INSERT INTO `contacto` VALUES (1170, 'Jose', 2, 'joseacirillo@gmail.com', '');
INSERT INTO `contacto` VALUES (1171, 'Raquel', 0, '', 'Mama de Facundo Guzman');
INSERT INTO `contacto` VALUES (1172, 'Principal', 0, '2353-498298', '');
INSERT INTO `contacto` VALUES (1173, 'Repuestos', 0, '2353-498146', '');
INSERT INTO `contacto` VALUES (1174, 'Web', 3, 'http://www.allochis.com/', '');
INSERT INTO `contacto` VALUES (1175, 'Fortuna Mauricio German				', 1, '3466-633147', '');
INSERT INTO `contacto` VALUES (1176, 'Sampaolo Dario 		', 1, '3471-440176', '');
INSERT INTO `contacto` VALUES (1177, 'Regonat', 1, '3482-641743', '');
INSERT INTO `contacto` VALUES (1178, 'Principal', 2, 'bononeumaticos@hotmail.com.ar', '');
INSERT INTO `contacto` VALUES (1179, 'Principal', 0, '3482-479030', '');
INSERT INTO `contacto` VALUES (1180, 'Ivan', 1, '3482-641743', '');
INSERT INTO `contacto` VALUES (1181, 'Rosel Javier', 1, '3471-686938', '');
INSERT INTO `contacto` VALUES (1182, 'Princimpal', 0, '11-47333333', 'Alejandro Andrade');
INSERT INTO `contacto` VALUES (1183, 'Gaitan Adrian', 1, '3491-698599', '');
INSERT INTO `contacto` VALUES (1184, 'David Antonio Dib', 2, 'dadbroker@gmail.com', '');
INSERT INTO `contacto` VALUES (1185, 'David Antonio Dib', 2, 'davidadib@hotmail.com', '');
INSERT INTO `contacto` VALUES (1186, 'David Antonio Dib', 1, '3843-674173', '');
INSERT INTO `contacto` VALUES (1187, 'Principal', 0, '3492-426966', '');
INSERT INTO `contacto` VALUES (1188, 'Fabian Monti', 2, 'fmonti@ingenieriaboggio.com.ar', '');
INSERT INTO `contacto` VALUES (1190, 'Planta Silos', 1, '3491-443301', '');
INSERT INTO `contacto` VALUES (1191, 'Pricipal', 1, '3496-548280', '');
INSERT INTO `contacto` VALUES (1192, 'Princimpal', 0, '3491-496091', '');
INSERT INTO `contacto` VALUES (1193, 'Fijo Bandera', 0, '3857-421081', '');
INSERT INTO `contacto` VALUES (1194, 'Celular Personal', 1, '3491-699919', '');
INSERT INTO `contacto` VALUES (1195, 'Senjel Cristian', 1, '3491-416658', '');
INSERT INTO `contacto` VALUES (1196, 'Gustavo', 1, '3491-530354', '');
INSERT INTO `contacto` VALUES (1197, 'Aslan Jaquelina', 1, '3492-609236', '');
INSERT INTO `contacto` VALUES (1198, 'Principal', 1, '3462-510633', '');
INSERT INTO `contacto` VALUES (1199, 'Sobrero Omar', 1, '341-5159215', '');
INSERT INTO `contacto` VALUES (1200, 'Lopez Aldo Marcelo ', 1, '3857-485840', '');
INSERT INTO `contacto` VALUES (1201, 'Perren Ulises Maria', 1, '3404-636079', 'Veneno para Hormigas, Generico de Coragen');
INSERT INTO `contacto` VALUES (1202, 'Perren Ulises Maria', 2, 'uliperren@gmail.com', '');
INSERT INTO `contacto` VALUES (1203, 'Passarelli Gustavo', 1, '3471-619342', '');
INSERT INTO `contacto` VALUES (1205, 'Ventas', 1, '341-5060963', '');
INSERT INTO `contacto` VALUES (1207, 'Pedir Datos', 0, '810-6662476', '0810-666-2476');
INSERT INTO `contacto` VALUES (1208, 'pedro', 1, '3731-539375', '');
INSERT INTO `contacto` VALUES (1209, 'Suc. Rosario', 0, '341-4308220', '');
INSERT INTO `contacto` VALUES (1210, 'Suc. Reconquista', 0, '3482-429899', '');
INSERT INTO `contacto` VALUES (1211, 'Principal', 1, '3735-546011', '');
INSERT INTO `contacto` VALUES (1212, 'Pricipal', 0, '3492-427226', '');
INSERT INTO `contacto` VALUES (1213, 'Zaffalon Miguel', 1, '3491-416965', '');
INSERT INTO `contacto` VALUES (1214, 'Logistica', 1, '341-3880003', '');
INSERT INTO `contacto` VALUES (1215, 'Principal', 0, '3471-471313', '');
INSERT INTO `contacto` VALUES (1216, 'Zain Victor Emilio', 0, '385-4211084', '');
INSERT INTO `contacto` VALUES (1217, 'Zain Victor Emilio', 1, '385-6984498', '');
INSERT INTO `contacto` VALUES (1218, 'fijo', 0, '3857-421081', '');
INSERT INTO `contacto` VALUES (1219, 'celular', 1, '3857-675401', '');
INSERT INTO `contacto` VALUES (1220, 'Emanuel Casañas', 1, '3855-939877', '');
INSERT INTO `contacto` VALUES (1221, 'Emanuel Casañas', 2, 'emanuel_jaec@hotmail.com', '');
INSERT INTO `contacto` VALUES (1222, 'Antonio', 1, '3491-438178', '');
INSERT INTO `contacto` VALUES (1223, 'casa', 0, '3491-496154', '');
INSERT INTO `contacto` VALUES (1224, 'Pamela Alquati', 0, '3492-458500', '');
INSERT INTO `contacto` VALUES (1225, 'Tomas Marcelo', 0, '3492-423905', 'Interno 1001');
INSERT INTO `contacto` VALUES (1226, 'Matias Chiabrando', 0, '3492-429240', 'Suc Rafela');
INSERT INTO `contacto` VALUES (1227, 'Villa Angela', 1, '3735-609227', 'Maximiliano');
INSERT INTO `contacto` VALUES (1228, 'Irene', 1, '3735-630040', '');
INSERT INTO `contacto` VALUES (1229, 'Principal', 0, '362-4461500', '');
INSERT INTO `contacto` VALUES (1230, 'Luis A. Comolli ', 1, '362-4669627', '');
INSERT INTO `contacto` VALUES (1231, 'Adentro de Tostado', 0, '3491-470788', '');
INSERT INTO `contacto` VALUES (1233, 'Ruta 95', 0, '3491-470021', '');
INSERT INTO `contacto` VALUES (1234, 'Principal', 1, '3492-418488', '');
INSERT INTO `contacto` VALUES (1235, 'Principal', 0, '3492-502056', '');
INSERT INTO `contacto` VALUES (1236, 'Principal', 0, '3492-427226', 'Emiliano');
INSERT INTO `contacto` VALUES (1237, 'Principal', 1, '3491-689633', '');
INSERT INTO `contacto` VALUES (1238, 'Fumo', 1, '342-5288051', '');
INSERT INTO `contacto` VALUES (1239, 'Gorr Cristian Xavier', 2, 'gorrcristian@gmail.com', '');
INSERT INTO `contacto` VALUES (1241, 'Oficina', 0, '3491-470496', '');
INSERT INTO `contacto` VALUES (1242, 'Anibal Otermin', 1, '3491-599984', '');
INSERT INTO `contacto` VALUES (1243, 'Oficial', 3, 'http://www.pilmhor.com.ar/', '');
INSERT INTO `contacto` VALUES (1244, 'Principal', 0, '351-4650012', '');
INSERT INTO `contacto` VALUES (1245, 'Carvallo Christian', 2, 'ventas@pilmhor.com.ar', '');
INSERT INTO `contacto` VALUES (1246, 'Palacios Gustavo', 1, '3491-535609', '');
INSERT INTO `contacto` VALUES (1248, 'Principal', 2, 'pegatinastostado@hotmail.com.ar', '');
INSERT INTO `contacto` VALUES (1250, 'Principal', 0, '3471-471027', '');
INSERT INTO `contacto` VALUES (1251, 'Celso', 1, '3735-625443', '');
INSERT INTO `contacto` VALUES (1252, 'Peresutti Claudio Jesus', 1, '3498-440438', '');
INSERT INTO `contacto` VALUES (1253, 'Principal', 1, '353-6570106', '');
INSERT INTO `contacto` VALUES (1254, 'Principal', 1, '341-6167410', '');
INSERT INTO `contacto` VALUES (1255, 'Principal', 0, '3483-470555', '');
INSERT INTO `contacto` VALUES (1256, 'Principal', 1, '3483-459607', '');
INSERT INTO `contacto` VALUES (1257, 'Principal', 1, '3491-400593', '');
INSERT INTO `contacto` VALUES (1258, 'Sandra', 1, '3491-442749', '');
INSERT INTO `contacto` VALUES (1259, 'Principal', 1, '3855-855626', '');
INSERT INTO `contacto` VALUES (1260, 'Principal', 0, '3467-421202', '');
INSERT INTO `contacto` VALUES (1261, 'Principal', 0, '3491-420703', '');
INSERT INTO `contacto` VALUES (1262, 'Principal', 0, '3731-491262', '');
INSERT INTO `contacto` VALUES (1263, 'Principal', 0, '3468-440012', '');
INSERT INTO `contacto` VALUES (1264, 'Rafaela', 0, '3492-452758', '');
INSERT INTO `contacto` VALUES (1265, 'Principal', 0, '3562-405847', '');
INSERT INTO `contacto` VALUES (1266, 'Principal', 0, '362-4425816', '');
INSERT INTO `contacto` VALUES (1267, 'Principal', 1, '3491-506346', '');
INSERT INTO `contacto` VALUES (1268, 'Principal', 1, '3734-422969', '');
INSERT INTO `contacto` VALUES (1269, 'Principal', 0, '3492-452982', 'Jorge');
INSERT INTO `contacto` VALUES (1270, 'Principal', 0, '3482-421456', '');
INSERT INTO `contacto` VALUES (1271, 'Principal', 0, '3491-491117', '');
INSERT INTO `contacto` VALUES (1272, 'Principal', 0, '3482-483559', '');
INSERT INTO `contacto` VALUES (1273, 'Principal', 1, '3482-442266', '');
INSERT INTO `contacto` VALUES (1274, 'Principal', 1, '3735-472159', '');
INSERT INTO `contacto` VALUES (1275, 'Principal', 1, '3482-591156', '');
INSERT INTO `contacto` VALUES (1276, 'Cristian', 1, '3471-631388', '');
INSERT INTO `contacto` VALUES (1277, 'Principal', 0, '341-4822092', 'Repuestos -  ENRIQUE NUÑEZ');
INSERT INTO `contacto` VALUES (1278, 'Repuestos', 2, 'seghetti-ventas@arnetbiz.com.ar', '');
INSERT INTO `contacto` VALUES (1279, 'Federico Benedini', 1, '11-54136553', '');
INSERT INTO `contacto` VALUES (1280, 'Principal', 0, '342-4533961', '');
INSERT INTO `contacto` VALUES (1281, 'Suelos y Escorias SA_NUEVO', 0, '341-5252699', '');
INSERT INTO `contacto` VALUES (1283, 'Angel Ribes', 1, '3464-680127', '');
INSERT INTO `contacto` VALUES (1284, 'Angel Ribes', 0, '3464-461145', '');
INSERT INTO `contacto` VALUES (1285, 'FIjo 2', 0, '3857-421039', '');
INSERT INTO `contacto` VALUES (1286, 'Principal ', 0, '3857-421325', '');
INSERT INTO `contacto` VALUES (1287, 'SRB', 3, 'http://www.srbandera.com.ar', '');
INSERT INTO `contacto` VALUES (1288, 'Principal', 0, '3857-421121', 'Horario 8:00 a 13:00 y 16:00 a 20:00');
INSERT INTO `contacto` VALUES (1289, 'Carina - Emergencia', 2, 'administracion@srbandera.com.ar', '');
INSERT INTO `contacto` VALUES (1291, 'casa de Pfaffl', 0, '3843-421424', '');
INSERT INTO `contacto` VALUES (1292, 'Sra. Ma Elena (administrativa)', 1, '3843-457320', '');
INSERT INTO `contacto` VALUES (1293, 'WhatsApps', 1, '3491-502758', '');
INSERT INTO `contacto` VALUES (1294, 'Principal', 0, '341-4643222', '');
INSERT INTO `contacto` VALUES (1295, 'Principal ', 0, '341-4560301', '');
INSERT INTO `contacto` VALUES (1296, 'Principal', 0, '3471-493287', '');
INSERT INTO `contacto` VALUES (1297, 'Principal ', 0, '3491-470333', '');
INSERT INTO `contacto` VALUES (1298, 'ADM', 2, 'cooperativa@tostado.com.ar', '');
INSERT INTO `contacto` VALUES (1299, 'Martin', 1, '3491-508251', '');
INSERT INTO `contacto` VALUES (1300, 'Ledrehoz Franco Hernan', 2, 'francoledrehoz@hotmail.com', '');
INSERT INTO `contacto` VALUES (1301, 'Ledrehoz Franco Hernan', 1, '3735-419013', '');
INSERT INTO `contacto` VALUES (1303, 'Principal', 0, '3492-506349', '');
INSERT INTO `contacto` VALUES (1304, 'Jose Alberto Tamone', 2, 'jose.tamone@hotmail.com', '');
INSERT INTO `contacto` VALUES (1305, 'Web', 3, 'http://www.bustinzagomasa.com.ar/', '');
INSERT INTO `contacto` VALUES (1306, 'Principal', 0, '3471-461109', '');
INSERT INTO `contacto` VALUES (1307, 'Web', 3, 'http://crucianelli.com/?lang=es&seccion=home', '');
INSERT INTO `contacto` VALUES (1308, 'Taller', 2, 'MecanicaTorreano@hotmail.com', '');
INSERT INTO `contacto` VALUES (1309, 'Petrolera de Galvez', 0, '3404-481897', '');
INSERT INTO `contacto` VALUES (1312, 'Principal', 0, '0 342 4019 600', '');
INSERT INTO `contacto` VALUES (1313, 'Sucursal Rosario', 0, '0810 222 7256?', '');
INSERT INTO `contacto` VALUES (1314, 'Personal', 1, '12345679', NULL);

-- ----------------------------
-- Table structure for dispositivo
-- ----------------------------
DROP TABLE IF EXISTS `dispositivo`;
CREATE TABLE `dispositivo`  (
  `uuid` char(36) CHARACTER SET utf8 COLLATE utf8_spanish_ci NOT NULL,
  `nombre` char(20) CHARACTER SET utf8 COLLATE utf8_spanish_ci NULL DEFAULT NULL,
  `info` varchar(255) CHARACTER SET utf8 COLLATE utf8_spanish_ci NULL DEFAULT NULL,
  `created` timestamp(0) NULL DEFAULT NULL,
  `updated` timestamp(0) NULL DEFAULT NULL,
  PRIMARY KEY (`uuid`) USING BTREE
) ENGINE = InnoDB CHARACTER SET = utf8 COLLATE = utf8_spanish_ci ROW_FORMAT = Compact;

-- ----------------------------
-- Records of dispositivo
-- ----------------------------
INSERT INTO `dispositivo` VALUES ('1', 'RemoTE', 'Juan', '2020-05-06 09:18:40', '2020-05-06 09:18:43');
INSERT INTO `dispositivo` VALUES ('2', 'Gen x', 'sas', '2020-05-05 17:35:44', '2020-05-05 17:35:44');
INSERT INTO `dispositivo` VALUES ('3', 'Ofn-Renzo', 'ds', '2020-05-06 09:24:02', '2020-05-06 09:24:05');

-- ----------------------------
-- Table structure for doc_seguro
-- ----------------------------
DROP TABLE IF EXISTS `doc_seguro`;
CREATE TABLE `doc_seguro`  (
  `id_seguro` bigint(9) NOT NULL AUTO_INCREMENT,
  `empresa` bigint(9) NULL DEFAULT NULL,
  `compania` bigint(9) NULL DEFAULT NULL,
  `poliza` varchar(50) CHARACTER SET utf8 COLLATE utf8_spanish_ci NULL DEFAULT NULL,
  `desde` date NULL DEFAULT NULL,
  `hasta` date NULL DEFAULT NULL,
  `referencia` varchar(50) CHARACTER SET utf8 COLLATE utf8_spanish_ci NULL DEFAULT NULL,
  `prima` double(10, 0) NULL DEFAULT 0,
  `monto` double(10, 0) NULL DEFAULT 0,
  `tipo` int(1) NULL DEFAULT 0,
  `info` varchar(255) CHARACTER SET utf8 COLLATE utf8_spanish_ci NULL DEFAULT NULL,
  PRIMARY KEY (`id_seguro`) USING BTREE
) ENGINE = InnoDB AUTO_INCREMENT = 3 CHARACTER SET = utf8 COLLATE = utf8_spanish_ci ROW_FORMAT = Compact;

-- ----------------------------
-- Records of doc_seguro
-- ----------------------------
INSERT INTO `doc_seguro` VALUES (1, 2, 626, '49.521.266', '2019-09-25', '2020-03-25', '0', 0, 10029, 1, 'Casillas');
INSERT INTO `doc_seguro` VALUES (2, 2, 626, '49.471.075', '2019-09-12', '2020-03-12', '0', 0, 3368, 1, 'Implementos Rurales');

-- ----------------------------
-- Table structure for empresa
-- ----------------------------
DROP TABLE IF EXISTS `empresa`;
CREATE TABLE `empresa`  (
  `id_empresa` bigint(20) NOT NULL AUTO_INCREMENT,
  `cuit` varchar(255) CHARACTER SET utf8 COLLATE utf8_unicode_ci NULL DEFAULT NULL,
  `nombre` varchar(255) CHARACTER SET utf8 COLLATE utf8_unicode_ci NULL DEFAULT NULL,
  `observacion` varchar(255) CHARACTER SET utf8 COLLATE utf8_unicode_ci NULL DEFAULT NULL,
  `razon_social` varchar(255) CHARACTER SET utf8 COLLATE utf8_unicode_ci NULL DEFAULT NULL,
  PRIMARY KEY (`id_empresa`) USING BTREE
) ENGINE = InnoDB AUTO_INCREMENT = 1155 CHARACTER SET = utf8 COLLATE = utf8_unicode_ci ROW_FORMAT = Compact;

-- ----------------------------
-- Records of empresa
-- ----------------------------
INSERT INTO `empresa` VALUES (1, '00-00000000-0', 'Resconi Raul', NULL, 'Resconi Raul Ricardo');
INSERT INTO `empresa` VALUES (2, '00-00000000-0', 'RCM SA', NULL, 'RCM Sociedad Anonima');
INSERT INTO `empresa` VALUES (3, '00-0000000-0', 'Otra Empresa', NULL, 'Otra Empresa');
INSERT INTO `empresa` VALUES (100, '20-06555708-9', 'Abelardo Cuffia', 'x', 'rs');
INSERT INTO `empresa` VALUES (102, '30-70988396-4', 'Acriba S.A.', '', '');
INSERT INTO `empresa` VALUES (104, '20-16180845-9', 'Adrian R. Moriconi', '', '');
INSERT INTO `empresa` VALUES (105, '30-71084292-9', 'AF y JB Servicios SRL', '', '');
INSERT INTO `empresa` VALUES (106, '30-71015052-0', 'AGL S.A.', '', '');
INSERT INTO `empresa` VALUES (107, '30-70781316-0', 'Agricolors Argentina SRL', '', '');
INSERT INTO `empresa` VALUES (108, '30-70931018-2', 'Agro Cristal S.R.L.', '', 'Agro Cristal S.R.L.');
INSERT INTO `empresa` VALUES (111, '30-71136787-6', 'Agro Terra S.H.', '', '');
INSERT INTO `empresa` VALUES (113, '30-71017677-5', 'Agrobio Insumos y Servicios SRL', '', '');
INSERT INTO `empresa` VALUES (114, '33-67390353-9', 'Agrocentro Pedro Paoli S.A.', '', '');
INSERT INTO `empresa` VALUES (115, '00-00000000-0', 'Agrocereales Don Fernando SRL', '', '');
INSERT INTO `empresa` VALUES (116, '00-00000000-0', 'AGROCOMERCIAL NORTE S.C.', '', 'Aitue Comunica SA');
INSERT INTO `empresa` VALUES (117, '30-67012626-5', 'Agrohermoso SRL', '', '');
INSERT INTO `empresa` VALUES (118, '30-70816345-3', 'Agro-In-Pul S.A', '', '');
INSERT INTO `empresa` VALUES (120, '30-71077041-3', 'Agroinsumos B&L S.A. ', '', '');
INSERT INTO `empresa` VALUES (121, '00-00000000-0', 'Agrolatina - Permisos de Circulacion', '', '');
INSERT INTO `empresa` VALUES (122, '00-00000000-0', 'Agromecanica del Norte', '', 'Alfonzo Cristian Ariel');
INSERT INTO `empresa` VALUES (123, '30-57959942-8', 'Agropecuaria  EL HORNERO S.A.', '', '');
INSERT INTO `empresa` VALUES (126, '30-6151955-7', 'Agropecuaria del Litoral S.R.L', '', '');
INSERT INTO `empresa` VALUES (128, '30-70836223-5', 'Agroquimicos del Norte S.R.L.', '', '');
INSERT INTO `empresa` VALUES (129, '30-70847933-7', 'Agross S.R.L.', '', '');
INSERT INTO `empresa` VALUES (130, '00-00000000-0', 'Agrotransporte S.R.L.', '', '');
INSERT INTO `empresa` VALUES (131, '30-71054330-1', 'Agroyuspe S.R.L.', '', '');
INSERT INTO `empresa` VALUES (132, '20-13698341-6', 'Aguirre E. Ramon', '', 'Giorgi Automotores S.A.');
INSERT INTO `empresa` VALUES (133, '00-00000000-0', 'Aguirre Gilbio', '', '');
INSERT INTO `empresa` VALUES (135, '20-13830135-5', 'Aguirre L. Elvio', '', '');
INSERT INTO `empresa` VALUES (137, '20-06288891-2', 'Airaldo L. Jorge', '', '');
INSERT INTO `empresa` VALUES (138, '00-00000000-0', 'Aitue', '', '');
INSERT INTO `empresa` VALUES (139, '00-00000000-0', 'AKRON', '', '');
INSERT INTO `empresa` VALUES (141, '20-12542060-6', 'Alberto Crossetti', '', 'Alberto Crossetti');
INSERT INTO `empresa` VALUES (142, '20-08508626-0', 'Alberto D`Ascanio', '', 'ATP Chaco');
INSERT INTO `empresa` VALUES (143, '30-68947350-0', 'Alberto L. Marchionni S.A.', '', 'ATP Chaco');
INSERT INTO `empresa` VALUES (144, '27-04180481-0', 'Alcober Neli Blanca', '', 'ATP Chaco');
INSERT INTO `empresa` VALUES (146, '20-1671819-1', 'Alderete C. Juan', '', '');
INSERT INTO `empresa` VALUES (147, '27-23354519-3', 'Alegre Claudia Liliana', '', '');
INSERT INTO `empresa` VALUES (150, '00-00000000-0', 'Alfonzo Cristian Ariel', '', '');
INSERT INTO `empresa` VALUES (152, '30-50231944-9', 'Alfredo Gentili y CIA S.A.', '', '');
INSERT INTO `empresa` VALUES (153, '00-00000000-0', 'Algodon Procesado SA', '', '');
INSERT INTO `empresa` VALUES (154, '00-00000000-0', 'Alianza Cereales SRL', '', '');
INSERT INTO `empresa` VALUES (155, '00-00000000-0', 'Almiron Jose (NyJS)', '', '');
INSERT INTO `empresa` VALUES (156, '00-00000000-0', 'Alvarez Silvio', '', '');
INSERT INTO `empresa` VALUES (157, '00-00000000-0', 'AMIUN SA', '', '');
INSERT INTO `empresa` VALUES (159, '27-23912768-7', 'Andrea G. Parra T.', '', '');
INSERT INTO `empresa` VALUES (160, '20-25733445-8', 'Andres Mauricio Banchi', '', '');
INSERT INTO `empresa` VALUES (161, '30-53221902-3', 'Andres Parra y CIA S.C.C.', '', 'Andres Parra y CIA S.C.C.');
INSERT INTO `empresa` VALUES (165, '30-70870238-9', 'Angel A Ribes y Adalberto R Savio SH', '', '');
INSERT INTO `empresa` VALUES (166, '20-12112228-7', 'Angel Strappa', '', '');
INSERT INTO `empresa` VALUES (167, '30-71412324-2', 'ANPISA SA', '', '');
INSERT INTO `empresa` VALUES (168, '30-62430434-5', 'Antonio Colaneri & Cia S.R.L.', '', '');
INSERT INTO `empresa` VALUES (169, '20-26717591-9', 'Antonio Eduardo Drobec', '', '');
INSERT INTO `empresa` VALUES (170, '00-00000000-0', 'API - Villa Minetti', '', '');
INSERT INTO `empresa` VALUES (172, '20-28212690-8', 'Aranda Cristhian Leonel', '', '');
INSERT INTO `empresa` VALUES (174, '23-32286186-9', 'Aranda Edgar Isidro', '', '');
INSERT INTO `empresa` VALUES (176, '20-06546693-8', 'Arguello Onesimo Rosendo', '', '');
INSERT INTO `empresa` VALUES (178, '27-16931935-4', 'Arrac Maria Ester', '', '');
INSERT INTO `empresa` VALUES (180, '30-65167106-6', 'Arrows Argentina SRL', '', '');
INSERT INTO `empresa` VALUES (181, '00-00000000-0', 'ARS SA', '', '');
INSERT INTO `empresa` VALUES (183, '30-61627590-5', 'Asociados Don Mario S.A.', '', '');
INSERT INTO `empresa` VALUES (184, '20-23345680-3', 'Atlanta Carlos Daniel', '', '');
INSERT INTO `empresa` VALUES (185, '00-00000000-0', 'ATP Chaco', '', '');
INSERT INTO `empresa` VALUES (189, '00-00000000-0', 'Automotores Morteros ', '', '');
INSERT INTO `empresa` VALUES (190, '30-70840556-2', 'Ayui S. R. L.', '', '');
INSERT INTO `empresa` VALUES (191, '20-06136663-7', 'Balestrieri Angel Mario', '', '');
INSERT INTO `empresa` VALUES (192, '20-06143902-2', 'Balestrieri Carlos Primo', '', '');
INSERT INTO `empresa` VALUES (194, '00-00000000-0', 'Balestrieri Hnos', '', '');
INSERT INTO `empresa` VALUES (196, '23-31377508-9', 'Balik Sergio Manuel', '', '');
INSERT INTO `empresa` VALUES (198, '00-00000000-0', 'Banchi Andres', '', '');
INSERT INTO `empresa` VALUES (201, '20-25733445-8', 'Banchi M. Andres', '', '');
INSERT INTO `empresa` VALUES (202, '00-00000000-0', 'Banco Galicia ', '', '');
INSERT INTO `empresa` VALUES (203, '00-00000000-0', 'Banco Hipotecario', '', 'Banco Hipotecario');
INSERT INTO `empresa` VALUES (204, '00-00000000-0', 'Banco Macro', '', '');
INSERT INTO `empresa` VALUES (205, '00-00000000-0', 'Banco Nacion', '', 'Cesar Oscar Ojeda');
INSERT INTO `empresa` VALUES (206, '00-00000000-0', 'Banco Patagonia ', '', '');
INSERT INTO `empresa` VALUES (207, '00-00000000-0', 'Banco Villa Minetti', '', 'Nuevo Banco de Santa Fe');
INSERT INTO `empresa` VALUES (209, '30-71077307-2', 'Bandeo Javier O, Victor H y Nancy E.', '', '');
INSERT INTO `empresa` VALUES (212, '20-11615030-2', 'Barbano Carlos Alberto', '', '');
INSERT INTO `empresa` VALUES (213, '20-11615030-2', 'Barbano Carlos Alberto_Arrendador', '', '');
INSERT INTO `empresa` VALUES (215, '20-10928507-3', 'Basilico Nolberto Oscar', '', '');
INSERT INTO `empresa` VALUES (216, '30-70866950-0', 'Battaglia SRL', '', '');
INSERT INTO `empresa` VALUES (217, '30-60741325-4', 'Bayá Casal', '', '');
INSERT INTO `empresa` VALUES (219, '30-50381106-1', 'Bayer S.A.', '', '');
INSERT INTO `empresa` VALUES (220, '27-12453641-9', 'Bazan Beatriz Aurelia', '', '');
INSERT INTO `empresa` VALUES (221, '00-00000000-0', 'Personal SA', '', 'Personal S.A.');
INSERT INTO `empresa` VALUES (222, '00-00000000-0', 'Becker Walter', '', '');
INSERT INTO `empresa` VALUES (223, '00-00000000-0', 'Belen - Tostado - Reconquista', '', '');
INSERT INTO `empresa` VALUES (225, '20-12020193-0', 'Beltramino H. Oscar', '', '');
INSERT INTO `empresa` VALUES (226, '00-00000000-0', 'Benabidez Alejandro', '', '');
INSERT INTO `empresa` VALUES (228, '20-20142420-9', 'Berti Herman Fabian', '', '');
INSERT INTO `empresa` VALUES (230, '20-16629284-1', 'Berti L. Guillermo', '', '');
INSERT INTO `empresa` VALUES (231, '00-00000000-0', 'Bertorello', '', '');
INSERT INTO `empresa` VALUES (232, '20-21413155-3', 'Berttini F. Leonardo', '', '');
INSERT INTO `empresa` VALUES (233, '20-06308992-4', 'Bessone Juan Jose', '', '');
INSERT INTO `empresa` VALUES (234, '33-71083165-9', 'Bioceres Semillas SA', '', '');
INSERT INTO `empresa` VALUES (235, '00-00000000-0', 'Blanco Fabio', '', '');
INSERT INTO `empresa` VALUES (236, '20-12800778-5', 'Blazquez Hugo Roberto', '', '');
INSERT INTO `empresa` VALUES (237, '20-16719378-2', 'Bogner Luis Alberto', '', '');
INSERT INTO `empresa` VALUES (238, '27-04667178-9', 'Bonfanti Maria del Carmen', '', '');
INSERT INTO `empresa` VALUES (239, '00-00000000-0', 'BONO Neumaticos', '', '');
INSERT INTO `empresa` VALUES (241, '30-61134443-7', 'BorUr S.R.L.', '', '');
INSERT INTO `empresa` VALUES (242, '20-07876763-5', 'Braida Filiberto', '', 'Daniel Walter Chersich');
INSERT INTO `empresa` VALUES (243, '20-17645672-9', 'Brunetti A Gustavo', '', '');
INSERT INTO `empresa` VALUES (244, '00-00000000-0', 'Brunetti Gustavo', '', '');
INSERT INTO `empresa` VALUES (246, '20-12175556-5', 'Bruno Luis Alberto', '', '');
INSERT INTO `empresa` VALUES (247, '30-50607152-2', 'BUDASSI Y CIA. S.R.L.', '', 'BUDASSI Y CIA. S.R.L.');
INSERT INTO `empresa` VALUES (251, '33-70831947-9', 'Bustinza Goma SA', '', '  Bustinza Goma S.A.');
INSERT INTO `empresa` VALUES (252, '00-00000000-0', 'Butarelli Hector', '', '');
INSERT INTO `empresa` VALUES (253, '23-11412133-9', 'Buyatti Hector Manuel', '', '');
INSERT INTO `empresa` VALUES (255, '20-07877306-6', 'Buyatti Martin Cevero', '', 'Debona M. Fabian y Victor H. Debona SH');
INSERT INTO `empresa` VALUES (256, '00-00000000-0', 'Cabalin Jose', '', '');
INSERT INTO `empresa` VALUES (257, '00-00000000-0', 'Cable', '', '');
INSERT INTO `empresa` VALUES (258, '20-29647668-5', 'Caceres H. Sebatian', '', '');
INSERT INTO `empresa` VALUES (259, '00-00000000-0', 'Caceres Roberto', '', '');
INSERT INTO `empresa` VALUES (260, '00-00000000-0', 'Cachorro Bien', '', '');
INSERT INTO `empresa` VALUES (261, '00-00000000-0', 'Camara De Empresarios De Tostado', '', '');
INSERT INTO `empresa` VALUES (262, '00-00000000-0', 'CampoGI - Liliana Cecilia Gastaldi', '', '');
INSERT INTO `empresa` VALUES (263, '00-00000000-0', 'Carabajal Gerardo(el PAYO)', '', '');
INSERT INTO `empresa` VALUES (265, '23-16881196-9', 'Carlos Alberto Genero (Combustibles)', '', '');
INSERT INTO `empresa` VALUES (268, '20-12421841-2', 'Carlos Aurelio Sanchez', '', '');
INSERT INTO `empresa` VALUES (270, '00-00000000-0', 'Carrizo Hector', '', '');
INSERT INTO `empresa` VALUES (271, '00-00000000-0', 'Carruega', '', '');
INSERT INTO `empresa` VALUES (272, '00-00000000-0', 'Cartas Marcelo', '', '');
INSERT INTO `empresa` VALUES (273, '00-00000000-0', 'Casa', '', '');
INSERT INTO `empresa` VALUES (274, '00-00000000-0', 'Casa Angonoa', '', '');
INSERT INTO `empresa` VALUES (275, '20-23719469-2', 'Castillo A. Ariel', '', '');
INSERT INTO `empresa` VALUES (277, '20-30596302-0', 'Cavallaro Lucas Matias', '', '');
INSERT INTO `empresa` VALUES (278, '00-00000000-0', 'CDM Mandiyu SRL', '', 'El Dragon S.A.');
INSERT INTO `empresa` VALUES (280, '30-68612535-8', 'CDM Mandiyú SRL', '', 'Sergio D. Retamoso');
INSERT INTO `empresa` VALUES (281, '00-00000000-0', 'CEACE', '', 'CEACE');
INSERT INTO `empresa` VALUES (284, '00-00000000-0', 'Cejas Cristian', '', '');
INSERT INTO `empresa` VALUES (285, '00-00000000-0', 'Centro Motor S.A.', '', '');
INSERT INTO `empresa` VALUES (286, '20-25157520-8', 'Centro Neumaticos', '', 'Campana Luciano Martin');
INSERT INTO `empresa` VALUES (287, '30-56714735-1', 'Cereales Bogliolo S.R.L.', '', '');
INSERT INTO `empresa` VALUES (288, '00-00000000-0', 'Cesar Delbon', '', 'Escribania Quiroga');
INSERT INTO `empresa` VALUES (289, '00-00000000-0', 'Cesar Oscar Ojeda', '', 'Escribania Quiroga');
INSERT INTO `empresa` VALUES (291, '30-69674727-6', 'Chaco Das S.A.', '', 'Chaco Das S.A.');
INSERT INTO `empresa` VALUES (292, '30-70777673-7', 'Chalpac S.A.', '', '');
INSERT INTO `empresa` VALUES (293, '00-00000000-0', 'Chapero Juan Manuel', '', '');
INSERT INTO `empresa` VALUES (295, '27-20191651-3', 'Chelini R. Laura', '', '');
INSERT INTO `empresa` VALUES (296, '00-00000000-0', 'Chevroford', '', '');
INSERT INTO `empresa` VALUES (298, '27-17453129-9', 'Ciotti Albertina Sunana', '', 'Ayui SRL');
INSERT INTO `empresa` VALUES (299, '00-00000000-0', 'Clinica Ferrati', '', '');
INSERT INTO `empresa` VALUES (301, '20-10561639-3', 'Collera Osmar', '', '');
INSERT INTO `empresa` VALUES (302, '20-14332564-5', 'Colombini Ricardo Abel', '', '');
INSERT INTO `empresa` VALUES (303, '00-00000000-0', 'Colotti D. Gerardo ', '', 'Colotti D. Gerardo ');
INSERT INTO `empresa` VALUES (304, '00-00000000-0', 'Colotti Gerardo', '', '');
INSERT INTO `empresa` VALUES (305, '23-13392155-9', 'Colotti Gerardo D.', '', '');
INSERT INTO `empresa` VALUES (306, '00-00000000-0', 'Comagro Dupont Amud', '', 'Algodon');
INSERT INTO `empresa` VALUES (307, '00-00000000-0', 'Comagro Dupont Cristian ', '', '');
INSERT INTO `empresa` VALUES (308, '00-00000000-0', 'Comagro Dupont Oficina - Luciano', '', '');
INSERT INTO `empresa` VALUES (309, '00-00000000-0', 'Comagro Dupont Paduan ', '', '');
INSERT INTO `empresa` VALUES (310, '30-67434516-6', 'Comagro S.R.L.', '', '');
INSERT INTO `empresa` VALUES (312, '20-25309599-8', 'Comba Javier Alejandro', '', '');
INSERT INTO `empresa` VALUES (313, '30-70858630-3', 'Combustibles y Servicios S.A.', '', '');
INSERT INTO `empresa` VALUES (314, '33-71073832-9', 'Combustrans S.A.', '', '');
INSERT INTO `empresa` VALUES (315, '30-60588692-9', 'Compañía de Cereales \"La Pelada\" S.A.', '', '');
INSERT INTO `empresa` VALUES (316, '00-00000000-0', 'Comuna Pozo Borrado', '', '');
INSERT INTO `empresa` VALUES (317, '00-00000000-0', 'Comuna San Bernardo', '', '');
INSERT INTO `empresa` VALUES (318, '00-00000000-0', 'Comuna Santa Margarita', '', 'Frutero y Asociado S.H.');
INSERT INTO `empresa` VALUES (319, '00-00000000-0', 'Comuna Villa Minetti', '', '');
INSERT INTO `empresa` VALUES (320, '30-60229148-7', 'Conbra S.A.', '', 'Crucianelli');
INSERT INTO `empresa` VALUES (321, '00-00000000-0', 'Conbra S.A. (Gerardo Bielsa )', '', '');
INSERT INTO `empresa` VALUES (322, '00-00000000-0', 'Concha Ramon', '', '');
INSERT INTO `empresa` VALUES (324, '00-00000000-0', 'Conrado Kremser', '', '');
INSERT INTO `empresa` VALUES (325, '00-00000000-0', 'Coop TAL', '', '');
INSERT INTO `empresa` VALUES (326, '00-00000000-0', 'Coop Villa Trinidad', '', '');
INSERT INTO `empresa` VALUES (327, '30-52894093-1', 'Coop. Agricola Ganadera Limitada de Acevedo', '', '');
INSERT INTO `empresa` VALUES (328, '30-52882973-9', 'Cooperativa Agricola y Ganadera La Trinidad Ltda', '', 'Metalúrgica Genovese S.A.');
INSERT INTO `empresa` VALUES (329, '33-50289561-9', 'Cooperativa Agropecuaria \"SANTA SYLVINA\" Ltda.', '', '');
INSERT INTO `empresa` VALUES (330, '00-00000000-0', 'Cooperativa El Nochero', '', '');
INSERT INTO `empresa` VALUES (331, '00-00000000-0', 'Cooperativa Villa Trinidad - Iban', '', '');
INSERT INTO `empresa` VALUES (332, '30-70738019-1', 'Cor Sant S.A.', '', '');
INSERT INTO `empresa` VALUES (333, '00-00000000-0', 'Correo Villa Minetti', '', '');
INSERT INTO `empresa` VALUES (334, '30-71038919-1', 'Cosechas del Litoral S.R.L.', '', '');
INSERT INTO `empresa` VALUES (335, '00-00000000-0', 'CPN Bertolatto Gabriela_Relacion con Afip', '', '');
INSERT INTO `empresa` VALUES (336, '00-00000000-0', 'Cravero German', '', '');
INSERT INTO `empresa` VALUES (337, '20-21651443-3', 'Cravero German Daniel', '', '');
INSERT INTO `empresa` VALUES (338, '00-00000000-0', 'Cravero Jose', '', '');
INSERT INTO `empresa` VALUES (339, '30-70789731-3', 'Cristian Morganti y Otros SH', '', '');
INSERT INTO `empresa` VALUES (340, '00-00000000-0', 'Crucianelli', '', '');
INSERT INTO `empresa` VALUES (341, '30-70928779-2', 'CUENCA S.A.', '', 'Vertorelli Daniel Alberto');
INSERT INTO `empresa` VALUES (342, '00-00000000-0', 'Cuenca SA', '', '');
INSERT INTO `empresa` VALUES (344, '30-70889843-7', 'CUIROLO Combustibles S.A.', '', '');
INSERT INTO `empresa` VALUES (345, '00-00000000-0', 'Dagatti Jose', '', '');
INSERT INTO `empresa` VALUES (346, '30-71099381-1', 'Damar S.R.L.', '', '');
INSERT INTO `empresa` VALUES (347, '00-00000000-0', 'Daniel Cordoba', '', '');
INSERT INTO `empresa` VALUES (348, '20-13694936-6', 'Daniel Fassetta - Integral Repuestos', '', 'Rodolfo Pablo Peña');
INSERT INTO `empresa` VALUES (349, '00-00000000-0', 'Daniel Rivanegra', '', '');
INSERT INTO `empresa` VALUES (350, '00-00000000-0', 'Daniel Walter Chersich', '', '');
INSERT INTO `empresa` VALUES (352, '20-14859825-9', 'Dante Armando Ciotti', '', '');
INSERT INTO `empresa` VALUES (353, '00-00000000-0', 'Dr. Dante Vergara', '', 'Dante Vergara');
INSERT INTO `empresa` VALUES (354, '00-00000000-0', 'Dany < Villa Minetti <> Tostado >', '', '');
INSERT INTO `empresa` VALUES (356, '23-14775866-9', 'Darwin F. Faydella', '', '(Falito)');
INSERT INTO `empresa` VALUES (357, '00-00000000-0', 'David Sartor - Suc. Bandera', '', 'David Sartor e Hijos S.A.');
INSERT INTO `empresa` VALUES (358, '00-00000000-0', 'David Sartor E Hijos S.A.', '', 'Orestres A. Massa');
INSERT INTO `empresa` VALUES (360, '30-54156155-9', 'David Sartor e Hijos S.A. (Repuestos)', '', '');
INSERT INTO `empresa` VALUES (361, '30-54156155-9', 'David Sartor e Hijos S.A. (Servicios)', '', '');
INSERT INTO `empresa` VALUES (363, '24-04038452-5', 'De Caro Tomas', '', '');
INSERT INTO `empresa` VALUES (364, '00-00000000-0', 'De Combar', '', '');
INSERT INTO `empresa` VALUES (366, '23-27150272-9', 'De Marco Gerardo', '', '');
INSERT INTO `empresa` VALUES (367, '00-00000000-0', 'De Marco Gonzalo', '', '');
INSERT INTO `empresa` VALUES (369, '20-23122335-6', 'De Marco Walter', '', 'Humberto Dorado');
INSERT INTO `empresa` VALUES (370, '30-69240236-3', 'Debona M. Fabian y Victor H. Debona SH', '', '');
INSERT INTO `empresa` VALUES (371, '00-00000000-0', 'Debona Neumaticos', '', 'Juan Manuel Rojo');
INSERT INTO `empresa` VALUES (372, '00-00000000-0', 'Defago Agricola', '', '');
INSERT INTO `empresa` VALUES (373, '20-16401242-6', 'Defago Claudio Osvaldo', '', '');
INSERT INTO `empresa` VALUES (374, '20-14285543-8', 'Defago de Eugenio Carlos', '', '');
INSERT INTO `empresa` VALUES (375, '00-00000000-0', 'Defagot Claudio', '', '');
INSERT INTO `empresa` VALUES (377, '20-26855595-2', 'Defagot Hugo Orlando', '', 'Luis Marcelini');
INSERT INTO `empresa` VALUES (378, '00-00000000-0', 'Deibele Miguel y Omar SH', '', '');
INSERT INTO `empresa` VALUES (379, '20-07874459-7', 'Delfino N. Venica', '', '');
INSERT INTO `empresa` VALUES (380, '20-27440330-7', 'Della Savia Javier', '', '');
INSERT INTO `empresa` VALUES (382, '20-07922839-8', 'Della Savia Osvaldo', '', '');
INSERT INTO `empresa` VALUES (383, '00-00000000-0', 'Demarchis Rotulados', '', '');
INSERT INTO `empresa` VALUES (384, '00-00000000-0', 'Deppeler Abel', '', '');
INSERT INTO `empresa` VALUES (386, '20-16934845-7', 'Deppeler Abel O. Augusto', '', '');
INSERT INTO `empresa` VALUES (387, '20-16934845-7', 'Deppeler Abel O. Augusto (Semilla)', '', '');
INSERT INTO `empresa` VALUES (388, '00-00000000-0', 'Desch Norma', '', '');
INSERT INTO `empresa` VALUES (389, '00-00000000-0', 'DGR - Santiago', '', '');
INSERT INTO `empresa` VALUES (390, '00-00000000-0', 'Di Santis Adrian', '', '');
INSERT INTO `empresa` VALUES (391, '20-20241028-7', 'Di Santis Adrián', '', '');
INSERT INTO `empresa` VALUES (392, '00-00000000-0', 'Diaz Enzo', '', '');
INSERT INTO `empresa` VALUES (394, '20-30022914-0', 'Diego J. Cimino ', '', '');
INSERT INTO `empresa` VALUES (395, '30-70084681-0', 'Dieppe SA ( Arrendador )', '', '');
INSERT INTO `empresa` VALUES (396, '30-70084681-0', 'Dieppe SA ( Servicios )', '', 'la casa de los vinos');
INSERT INTO `empresa` VALUES (397, '33-57444163-9', 'Diesel Lange S.R.L.', '', '');
INSERT INTO `empresa` VALUES (398, '00-00000000-0', 'Distribuidora del Bobinado', '', 'Tomatis Leandro');
INSERT INTO `empresa` VALUES (400, '20-07880841-2', 'Dolzani Nestor ', '', '');
INSERT INTO `empresa` VALUES (401, '20-18167248-0', 'Domizi Luis Teodoro', '', '');
INSERT INTO `empresa` VALUES (402, '00-00000000-0', 'Dr. Armando Diaz', '', '');
INSERT INTO `empresa` VALUES (403, '00-00000000-0', 'Dra. Sonia Elizabeth Heffner', '', '');
INSERT INTO `empresa` VALUES (404, '00-00000000-0', 'Drobec Antonio', '', '');
INSERT INTO `empresa` VALUES (405, '30-50112696-5', 'Du Pont Argentina S.R.L.', '', '');
INSERT INTO `empresa` VALUES (406, '00-00000000-0', 'Dubois Luis (Lona)', '', '');
INSERT INTO `empresa` VALUES (407, '00-00000000-0', 'Dueño Casa Chaco', '', '');
INSERT INTO `empresa` VALUES (408, '30-69366028-5', 'Duraplas S.R.L.', '', '');
INSERT INTO `empresa` VALUES (409, '20-18034056-5', 'Edgardo J.M. Spaccesi', '', '');
INSERT INTO `empresa` VALUES (410, '20-22207463-1', 'Eduardo Adan Delgado', '', '');
INSERT INTO `empresa` VALUES (411, '23-12246016-9', 'Eduardo Drobec', '', '');
INSERT INTO `empresa` VALUES (413, '33-70707760-9', 'El Andar S.R.L.', '', '');
INSERT INTO `empresa` VALUES (415, '30-71043244-5', 'El Cambio S.H.', '', '');
INSERT INTO `empresa` VALUES (416, '30-70855212-3', 'El Desafio S.R.L.', '', '');
INSERT INTO `empresa` VALUES (418, '30-70849197-3', 'El Dragon S.A.', '', '');
INSERT INTO `empresa` VALUES (419, '00-00000000-0', 'El Embrión SRL', '', '');
INSERT INTO `empresa` VALUES (420, '00-00000000-0', 'El Flecha (Lavadero Camion)', '', '');
INSERT INTO `empresa` VALUES (421, '00-00000000-0', 'El Tero', '', '');
INSERT INTO `empresa` VALUES (422, '30-70943615-1', 'El Yaguarete S.R.L.', '', '');
INSERT INTO `empresa` VALUES (423, '00-00000000-0', 'Eladio Putero', '', '');
INSERT INTO `empresa` VALUES (424, '20-16121507-5', 'Eladio R Angonoa', '', '');
INSERT INTO `empresa` VALUES (426, '20-16726349-7', 'Elia Jorge Daniel', '', '');
INSERT INTO `empresa` VALUES (427, '00-00000000-0', 'EPE Tostado', '', 'Bayer');
INSERT INTO `empresa` VALUES (428, '00-00000000-0', 'EPE - Villa Minetti', '', 'Empresa Provincial de la Enenrgia');
INSERT INTO `empresa` VALUES (429, '00-00000000-0', 'Ernesto Hector Wasinger', '', '');
INSERT INTO `empresa` VALUES (430, '00-00000000-0', 'Escribania Eguiazu Carlos', '', '');
INSERT INTO `empresa` VALUES (431, '00-00000000-0', 'Escribania Quiroga', '', '');
INSERT INTO `empresa` VALUES (434, '30-68442794-2', 'Est. de Serv. Shell San Guillermo SRL', '', '');
INSERT INTO `empresa` VALUES (435, '30-70815155-2', 'Estableciemiento SEL S.R.L.', '', '');
INSERT INTO `empresa` VALUES (436, '00-00000000-0', 'Estacion de Servicio Quimili', '', '');
INSERT INTO `empresa` VALUES (437, '00-00000000-0', 'Estudio Cioccolani & Asociados', '', 'Lo Jack');
INSERT INTO `empresa` VALUES (438, '00-00000000-0', 'Estudio Contadora', '', '');
INSERT INTO `empresa` VALUES (439, '00-00000000-0', 'Estudio Levis Angel', '', 'Metalfor S.A.');
INSERT INTO `empresa` VALUES (440, '30-50362930-1', 'Etchebar SA', '', '');
INSERT INTO `empresa` VALUES (441, '00-00000000-0', 'Euler Flaco', '', '');
INSERT INTO `empresa` VALUES (442, '00-00000000-0', 'Fabbro Miguel', '', 'Mignani S.R.L.');
INSERT INTO `empresa` VALUES (444, '27-12219317-4', 'Fabro Dora', '', 'CHALPAC SA, CORSANT SA');
INSERT INTO `empresa` VALUES (445, '00-00000000-0', 'Facyt', '', '');
INSERT INTO `empresa` VALUES (446, '00-00000000-0', 'Fain', '', 'Sergio Rabellino');
INSERT INTO `empresa` VALUES (447, '30-67442863-0', 'Fain Hnos. Servicios S.R.L.', '', '');
INSERT INTO `empresa` VALUES (448, '00-00000000-0', 'Falco Marcelo', '', '');
INSERT INTO `empresa` VALUES (450, '00-00000000-0', 'Farias Gabriel - Arrime Algodon', '', '');
INSERT INTO `empresa` VALUES (451, '00-00000000-0', 'Felix Cano', '', '');
INSERT INTO `empresa` VALUES (453, '30-70809543-1', 'Fermin Cuirolo S.A.', '', '');
INSERT INTO `empresa` VALUES (454, '00-00000000-0', 'Fernandez Francisco', '', 'Leguizamon Gustavo Javier');
INSERT INTO `empresa` VALUES (455, '20-17655275-2', 'Fernandez Ruben', '', '');
INSERT INTO `empresa` VALUES (456, '00-00000000-0', 'Fernando Aftalion', '', '');
INSERT INTO `empresa` VALUES (457, '20-17609518-1', 'Fernando Atilio S. Aguirre', '', '');
INSERT INTO `empresa` VALUES (458, '00-00000000-0', 'Fernando Principe', '', '');
INSERT INTO `empresa` VALUES (459, '00-00000000-0', 'Ferrero J. Omar', '', '');
INSERT INTO `empresa` VALUES (460, '20-12398942-3', 'Ferrero Omar', '', 'Nancy Bonfigli');
INSERT INTO `empresa` VALUES (462, '20-22772382-4', 'Ferrero P. Andres (Bommba Hidraulicas)', '', 'Natalio Automotores SA');
INSERT INTO `empresa` VALUES (463, '00-00000000-0', 'Ferreteria Gauchito', '', '');
INSERT INTO `empresa` VALUES (464, '30-64722711-9', 'Finnig Argentina SA', '', '');
INSERT INTO `empresa` VALUES (465, '00-00000000-0', 'Finning Argentina SA', '', '');
INSERT INTO `empresa` VALUES (466, '30-67839373-4', 'Fleming y Martolio SRL', '', 'Fleming y Martolio SRL');
INSERT INTO `empresa` VALUES (467, '00-00000000-0', 'Flete Diaz', '', '');
INSERT INTO `empresa` VALUES (468, '20-33724308-9', 'Flora Alberto Fabian', '', '');
INSERT INTO `empresa` VALUES (469, '30-69925283-9', 'Florencia Bonazzola y Alicia M. Urrutia S.H.', '', '');
INSERT INTO `empresa` VALUES (470, '00-00000000-0', 'Forlin', '', '');
INSERT INTO `empresa` VALUES (471, '00-00000000-0', 'Fornero Marisel   ', '', '');
INSERT INTO `empresa` VALUES (473, '20-14103962-9', 'Franich Esteban', '', '');
INSERT INTO `empresa` VALUES (475, '30-62297765-2', 'Franklin S. Boglich S.R.L.', '', '');
INSERT INTO `empresa` VALUES (477, '30-68435440-6', 'Fruttero Deolindo y Fornero Rodolfo', '', 'Fruttero Deolindo y Fornero Rodolfo');
INSERT INTO `empresa` VALUES (478, '00-00000000-0', 'Fumigador RRR', '', '');
INSERT INTO `empresa` VALUES (479, '00-00000000-0', 'Gabriel Abutti', '', '');
INSERT INTO `empresa` VALUES (481, '30-67512560-7', 'Gabriel y Adrian Trossero S.H.', '', '');
INSERT INTO `empresa` VALUES (483, '00-00000000-0', 'Gabrielli Julio', '', '');
INSERT INTO `empresa` VALUES (484, '00-00000000-0', 'Galarza Monica Beatriz', '', '');
INSERT INTO `empresa` VALUES (485, '27-20966752-0', 'Galarza Mónica Beatriz', '', '');
INSERT INTO `empresa` VALUES (486, '00-00000000-0', 'Gaminde Pedro', '', '');
INSERT INTO `empresa` VALUES (488, '20-00005782-1', 'Garcia H. Aldo', '', 'Paranagro S.A.C.I.A.');
INSERT INTO `empresa` VALUES (489, '00-00000000-0', 'Garcia Hector Aldo', '', '');
INSERT INTO `empresa` VALUES (491, '30-66922034-7', 'Gatti S.A.', '', '');
INSERT INTO `empresa` VALUES (492, '30-55268653-1', 'Gaviglio Comercial SA', '', 'Pedro Paoli S.A.');
INSERT INTO `empresa` VALUES (493, '33-70970377-9', 'Gen Semillas S.R.L.', '', '');
INSERT INTO `empresa` VALUES (494, '20-17490153-9', 'Genesio Julio A', '', '');
INSERT INTO `empresa` VALUES (496, '30-50079450-6', 'Genovese S.A.', '', 'Perrent');
INSERT INTO `empresa` VALUES (498, '20-21414709-3', 'Gentili Gabriel Angel', '', '');
INSERT INTO `empresa` VALUES (499, '20-20813036-7', 'German Walser', '', '');
INSERT INTO `empresa` VALUES (500, '00-00000000-0', 'Gestoria Pergoleci', '', '');
INSERT INTO `empresa` VALUES (501, '33-70820611-9', 'Martin Gorr S.R.L.', '', 'Martin Gorr S.R.L.');
INSERT INTO `empresa` VALUES (503, '30-68441388-7', 'Giailevra Maria C. y Giailevra M. S.H.', '', '');
INSERT INTO `empresa` VALUES (505, '20-12637584-1', 'Giglio Tos H. Angel', '', '');
INSERT INTO `empresa` VALUES (506, '00-00000000-0', 'Giorgi Automotores S.A.', '', '');
INSERT INTO `empresa` VALUES (507, '00-00000000-0', 'Giraudo Marcos', '', 'Ponce Daniel');
INSERT INTO `empresa` VALUES (509, '20-11544334-9', 'Gobetti A. Jorge', '', '');
INSERT INTO `empresa` VALUES (510, '20-21642182-6', 'Godeas Julio Carlos', '', '');
INSERT INTO `empresa` VALUES (512, '30-69923775-9', 'Godoy Poviña S.A.', '', '');
INSERT INTO `empresa` VALUES (514, '20-32228769-1', 'Goetschi Jonatan W.', '', '');
INSERT INTO `empresa` VALUES (516, '00-00000000-0', 'Golob Semillas SRL', '', 'Process S.R.L.');
INSERT INTO `empresa` VALUES (517, '00-00000000-0', 'Gomeria Alicia', '', 'Puerto Femos SRL');
INSERT INTO `empresa` VALUES (518, '30-55603155-6', 'Gomeria el Rapido S.C.', '', '');
INSERT INTO `empresa` VALUES (519, '00-00000000-0', 'Gomeria Vetorelli', '', 'Gomeria Vetorelli');
INSERT INTO `empresa` VALUES (520, '20-10662925-1', 'Gomez Elvio Oscar', '', '');
INSERT INTO `empresa` VALUES (521, '00-00000000-0', 'Gomez Luna Claudio', '', '');
INSERT INTO `empresa` VALUES (522, '00-00000000-0', 'Gonar S.A.', '', '');
INSERT INTO `empresa` VALUES (523, '00-00000000-0', 'Gonzales - Waldy', '', '');
INSERT INTO `empresa` VALUES (524, '20-28522761-6', 'Gonzalez Jesus Pablo', '', '');
INSERT INTO `empresa` VALUES (525, '00-00000000-0', 'Gonzalez La Cautiva', '', '');
INSERT INTO `empresa` VALUES (526, '20-30596072-2', 'Gonzalez Leonardo M', '', '');
INSERT INTO `empresa` VALUES (527, '20-07903417-8', 'Gonzalez Osvaldo', '', 'RCM Sociedad Anonima');
INSERT INTO `empresa` VALUES (528, '00-00000000-0', 'Gonzalez Osvaldo ', '', '');
INSERT INTO `empresa` VALUES (529, '23-20675715-9', 'Gonzalez Victor Hugo', '', 'Braida Filiberto');
INSERT INTO `empresa` VALUES (530, '27-21806590-8', 'Graff Mirtha Liliana', '', '');
INSERT INTO `empresa` VALUES (531, '00-00000000-0', 'Grafica C3', '', '');
INSERT INTO `empresa` VALUES (532, '23-20531873-9', 'Grafica Peña', '', 'Peña Rodolfo Pablo');
INSERT INTO `empresa` VALUES (533, '20-16864759-0', 'Grassetti Angel Pablo', '', '');
INSERT INTO `empresa` VALUES (534, '20-11355891-2', 'Grassetti Mario Enrique', '', '');
INSERT INTO `empresa` VALUES (535, '27-12615947-7', 'Grassetti Nilda G.', '', '');
INSERT INTO `empresa` VALUES (537, '20-24653558-3', 'Griffa Ariel Nelson', '', 'Ricardo Guzman');
INSERT INTO `empresa` VALUES (538, '00-00000000-0', 'Griffa Dar?o Nelson', '', '');
INSERT INTO `empresa` VALUES (539, '20-24653559-1', 'Griffa Darío Nelson', '', '');
INSERT INTO `empresa` VALUES (540, '00-00000000-0', 'Griffa Marisa M?nica', '', '');
INSERT INTO `empresa` VALUES (541, '27-21956945-4', 'Griffa Marisa Mónica', '', '');
INSERT INTO `empresa` VALUES (542, '20-30565542-3', 'Grosso Cristian Domingo', '', 'Rivarosa Sociedad Anonima');
INSERT INTO `empresa` VALUES (543, '00-00000000-0', 'Gruman Osmosis', '', '');
INSERT INTO `empresa` VALUES (544, '30-61572654-7', 'Grupo Agros S.A.', '', '');
INSERT INTO `empresa` VALUES (545, '00-00000000-0', 'Grupo Prialis', '', '');
INSERT INTO `empresa` VALUES (546, '00-00000000-0', 'Guillermo Berti - El Tigre', '', '');
INSERT INTO `empresa` VALUES (547, '00-00000000-0', 'Gustavo Estevez_Gerente de Territorio', '', '');
INSERT INTO `empresa` VALUES (548, '20-17964168-3', 'Gustavo Javier Leguizamon', '', '');
INSERT INTO `empresa` VALUES (549, '20-92105700-9', 'Gutierrez Hector', '', '');
INSERT INTO `empresa` VALUES (550, '00-00000000-0', 'Haidar Rafael ', '', '');
INSERT INTO `empresa` VALUES (552, '20-20632873-9', 'Haidar Rafael Leonardo', '', '');
INSERT INTO `empresa` VALUES (553, '00-00000000-0', 'Heller Raul (Motor)', '', 'Rosana Sarale');
INSERT INTO `empresa` VALUES (554, '20-21420186-1', 'Hernan A. Zechin', '', '');
INSERT INTO `empresa` VALUES (555, '00-00000000-0', 'Hernan A. Zechin - Sensores de Semillas', '', '');
INSERT INTO `empresa` VALUES (557, '30-67004508-7', 'Hernan Buchholz S.A.', '', '');
INSERT INTO `empresa` VALUES (558, '00-00000000-0', 'Hernan Schaller', '', '');
INSERT INTO `empresa` VALUES (559, '00-00000000-0', 'Hernan Starna', '', '');
INSERT INTO `empresa` VALUES (560, '30-71473190-0', 'Hernandez Eduardo', '', 'Hernadez & Hernandez SH');
INSERT INTO `empresa` VALUES (562, '30-61272752-6', 'Hidroplast SA', '', 'Sabate Pedro y Sabate Nestor');
INSERT INTO `empresa` VALUES (563, '27-05388967-6', 'Hill Maria Catalina', '', '');
INSERT INTO `empresa` VALUES (564, '00-00000000-0', 'Horacio Arguello Combustibles', '', '');
INSERT INTO `empresa` VALUES (565, '00-00000000-0', 'Hospital Villa Minetti', '', '');
INSERT INTO `empresa` VALUES (567, '00-00000000-0', 'Hotel Granados Park', '', '');
INSERT INTO `empresa` VALUES (568, '00-00000000-0', 'Humberto Dorado', '', '');
INSERT INTO `empresa` VALUES (570, '20-23084162-5', 'Ibrahim F. Sergio', '', 'Savio S.A.');
INSERT INTO `empresa` VALUES (571, '20-18209234-8', 'Igich Victor Omar', '', '');
INSERT INTO `empresa` VALUES (572, '00-00000000-0', 'Importador de anemometros', '', 'Ledwij Hermanos - Algodon');
INSERT INTO `empresa` VALUES (573, '00-00000000-0', 'Ind. Termoplastica Plastrong SRL', '', 'Ind. Termoplastica Plastrong SRL');
INSERT INTO `empresa` VALUES (574, '00-00000000-0', 'Induquimica Rafaela', '', '');
INSERT INTO `empresa` VALUES (575, '00-00000000-0', 'Industria Termoplastica Plastrong SRL', '', '');
INSERT INTO `empresa` VALUES (576, '30-62683166-0', 'Industrias 9 De Julio S.A.', '', '');
INSERT INTO `empresa` VALUES (577, '00-00000000-0', 'Industrias 9 De Julio S.A. - TRAIMAX', '', 'Honda Germani');
INSERT INTO `empresa` VALUES (579, '30-50372023-6', 'Industrias John Deere Argentina S.A.', '', '');
INSERT INTO `empresa` VALUES (580, '00-00000000-0', 'Industrias Marcelini', '', '');
INSERT INTO `empresa` VALUES (583, '27-21835021-1', 'Ingaramo M. Teresita', '', '');
INSERT INTO `empresa` VALUES (584, '30-66588702-9', 'INGENIERIA MEGA S.A. - Sacadora', '', 'Ingenieria Mega S.A.');
INSERT INTO `empresa` VALUES (586, '30-70924952-1', 'Ingenieria Siri Consultora SA', '', '');
INSERT INTO `empresa` VALUES (587, '30-71092663-4', 'Innova Ingenieria', '', 'Innova Ingenieria');
INSERT INTO `empresa` VALUES (589, '27-18322303-3', 'Insaurralde N. Beatriz', '', 'Sergio Lufiego');
INSERT INTO `empresa` VALUES (590, '00-00000000-0', 'Intagro SA', '', '');
INSERT INTO `empresa` VALUES (591, '00-00000000-0', 'Integral Repuesto - INGERSOR', '', '');
INSERT INTO `empresa` VALUES (592, '00-00000000-0', 'Interbanking S.A.', '', '');
INSERT INTO `empresa` VALUES (593, '00-00000000-0', 'Jorge Alessio', '', '');
INSERT INTO `empresa` VALUES (594, '20-33840448-5', 'Jorge Emiliano Spalletti', '', 'Wasinger H. Alberto');
INSERT INTO `empresa` VALUES (595, '20-33840448-5', 'Jorge Emiliano Spalletti (Transportista)', '', '');
INSERT INTO `empresa` VALUES (597, '00-00000000-0', 'Jorge G. Andurell', '', '');
INSERT INTO `empresa` VALUES (598, '30-71427021-0', 'Jorge Pinto e Hijo SRL', '', '');
INSERT INTO `empresa` VALUES (599, '20-20491533-5', 'Jorge Salas', '', '');
INSERT INTO `empresa` VALUES (600, '00-00000000-0', 'Jorge Salas Refrigeracion', '', 'Lanzetti Sergio Abel');
INSERT INTO `empresa` VALUES (601, '20-17652879-7', 'Jose Alberto Apud', '', '');
INSERT INTO `empresa` VALUES (602, '30-71031845-6', 'JOSEBRAN s.a.c.i.f.i y a.', '', '');
INSERT INTO `empresa` VALUES (603, '30-71031845-6', 'JOSEBRAN s.a.c.i.f.i y a._Semillas', '', '');
INSERT INTO `empresa` VALUES (604, '00-00000000-0', 'JOSEBRAN s.a.c.i.f.i. y a.', '', '');
INSERT INTO `empresa` VALUES (605, '20-16306737-5', 'Juan Andres Rodriguez', '', '');
INSERT INTO `empresa` VALUES (606, '20-22156364-7', 'Juan Antonio Pla', '', 'Salcedo Juan y Salcedo Alejandro');
INSERT INTO `empresa` VALUES (608, '20-16539472-1', 'Juan Carlos Fedele', '', '');
INSERT INTO `empresa` VALUES (610, '20-08051805-0', 'Juan Carlos Gravina', '', '');
INSERT INTO `empresa` VALUES (611, '20-17264009-6', 'Juan Carlos Zago', '', 'Leandra Levis - Secretaria');
INSERT INTO `empresa` VALUES (613, '20-32718281-2', 'Juan Pablo Flores Lingua', '', '');
INSERT INTO `empresa` VALUES (614, '20-32718281-2', 'Juan Pablo Flores Lingua_Cosecha', '', '');
INSERT INTO `empresa` VALUES (615, '27-28212664-3', 'Juarez Nidia Elizabet', '', 'Lesgart E. Luis');
INSERT INTO `empresa` VALUES (616, '00-00000000-0', 'Julio Salazar', '', '');
INSERT INTO `empresa` VALUES (617, '00-00000000-0', 'Juzgado - Juez de Paz V.M.', '', '');
INSERT INTO `empresa` VALUES (618, '00-00000000-0', 'Juzgado - Pozo Borrado', '', '');
INSERT INTO `empresa` VALUES (619, '00-00000000-0', 'Klatt Ernesto', '', '');
INSERT INTO `empresa` VALUES (620, '20-27255792-7', 'Klatt Ernesto Ruben', '', '');
INSERT INTO `empresa` VALUES (621, '20-27255792-7', 'Klatt Ernesto Ruben_Servicio', '', '');
INSERT INTO `empresa` VALUES (622, '20-27292745-7', 'Kreig Juan Carlos', '', 'Juan Carlos Kreig');
INSERT INTO `empresa` VALUES (623, '30-67439962-2', 'La Calera S.R.L.', '', '');
INSERT INTO `empresa` VALUES (624, '00-00000000-0', 'la casa de los vinos', '', '');
INSERT INTO `empresa` VALUES (625, '30-70907237-0', 'La Cautiva SH', '', '');
INSERT INTO `empresa` VALUES (626, '00-00000000-0', 'La Segunda', '', 'La Segunda');
INSERT INTO `empresa` VALUES (627, '00-00000000-0', 'Laboratorio La Quinta', '', '');
INSERT INTO `empresa` VALUES (628, '00-00000000-0', 'Lagger claudia', '', '');
INSERT INTO `empresa` VALUES (632, '27-23382134-4', 'Lagger Claudia Marcela', '', '');
INSERT INTO `empresa` VALUES (633, '00-00000000-0', 'Lampara Baliestriere', '', '');
INSERT INTO `empresa` VALUES (635, '20-23869476-1', 'Lanzetti Fernando Pablo', '', 'Venica N. Delfino');
INSERT INTO `empresa` VALUES (636, '20-26855563-4', 'Lanzetti Sergio Abel', '', '');
INSERT INTO `empresa` VALUES (637, '00-00000000-0', 'Lastra Carlos', '', '');
INSERT INTO `empresa` VALUES (638, '00-00000000-0', 'Leal Jose Daniel', '', '');
INSERT INTO `empresa` VALUES (639, '00-00000000-0', 'Leandra Levis', '', 'Leandra Levis');
INSERT INTO `empresa` VALUES (640, '20-14395545-2', 'Ledwij Celso', '', '');
INSERT INTO `empresa` VALUES (642, '20-13333649-5', 'Leeuw Ernesto', '', '');
INSERT INTO `empresa` VALUES (643, '00-00000000-0', 'Leguizamon Rodrigo ( Carting Chasis )', '', '');
INSERT INTO `empresa` VALUES (644, '00-00000000-0', 'Lenzi Marcelo ( Hijo )', '', '');
INSERT INTO `empresa` VALUES (646, '27-06481965-3', 'Leonilda Maria Manoni', '', '');
INSERT INTO `empresa` VALUES (647, '20-21946587-5', 'Lesgart Luis E.', '', '');
INSERT INTO `empresa` VALUES (648, '20-12132602-8', 'Levis Angel Roque', '', '');
INSERT INTO `empresa` VALUES (649, '00-00000000-0', 'Leyba Norma', '', 'Zanetti Juan E.');
INSERT INTO `empresa` VALUES (650, '20-05085312-9', 'Lezcano Ramualdo', '', '');
INSERT INTO `empresa` VALUES (651, '23-18466781-9', 'Lisandro Omar Alegre', '', '');
INSERT INTO `empresa` VALUES (652, '00-00000000-0', 'Lo Jack', '', '');
INSERT INTO `empresa` VALUES (654, '20-29921618-8', 'Lombardi Martin Ricardo', '', '');
INSERT INTO `empresa` VALUES (655, '00-00000000-0', 'Long Automotores', '', '');
INSERT INTO `empresa` VALUES (656, '00-00000000-0', 'Lopez Cristian', '', '');
INSERT INTO `empresa` VALUES (657, '20-21876619-7', 'Lopez Cristian Daniel', '', '');
INSERT INTO `empresa` VALUES (658, '00-00000000-0', 'Los Pumas - Guardias Rural', '', '');
INSERT INTO `empresa` VALUES (659, '00-00000000-0', 'Lucas Sporman < Smartrucking S.A. >', '', '');
INSERT INTO `empresa` VALUES (660, '20-12828856-3', 'Luchava Jose', '', '');
INSERT INTO `empresa` VALUES (661, '20-25157520-8', 'Luciano Martin Campana', '', '');
INSERT INTO `empresa` VALUES (662, '00-00000000-0', 'Luis Dolzani e Hijos', '', '');
INSERT INTO `empresa` VALUES (663, '30-52207381-0', 'Luis Dolzani e Hijos SRL', '', '');
INSERT INTO `empresa` VALUES (664, '20-12351791-2', 'Maciel Omar', '', '');
INSERT INTO `empresa` VALUES (666, '30-71242199-8', 'Malmann Fumigaciones S.A.', '', '');
INSERT INTO `empresa` VALUES (667, '20-34379333-3', 'Manatini Leandro Daniel', '', '');
INSERT INTO `empresa` VALUES (668, '00-00000000-0', 'Mancini Rogelio - Destape Camiones', '', '');
INSERT INTO `empresa` VALUES (670, '20-35041167-5', 'Mansilla Alexis Eugenio Domingo', '', '');
INSERT INTO `empresa` VALUES (671, '20-16345933-8', 'Mansilla Mario Dario', '', '');
INSERT INTO `empresa` VALUES (672, '00-00000000-0', 'Marcela Casanova OSDE', '', '');
INSERT INTO `empresa` VALUES (673, '00-00000000-0', 'Marcelo Meroi', '', '');
INSERT INTO `empresa` VALUES (674, '30-70838308-9', 'Marcelo Trento S.R.L.', '', '');
INSERT INTO `empresa` VALUES (676, '00-00000000-0', 'Mariela - Hna Monica', '', '');
INSERT INTO `empresa` VALUES (677, '00-00000000-0', 'Mario Ballesteros', '', '');
INSERT INTO `empresa` VALUES (678, '00-00000000-0', 'Mario Bonomo', '', '');
INSERT INTO `empresa` VALUES (679, '00-00000000-0', 'Mario Gonzales (ruralco)', '', '');
INSERT INTO `empresa` VALUES (680, '20-12261963-0', 'Mario Hector Defagot', '', '');
INSERT INTO `empresa` VALUES (682, '20-17913605-9', 'Martignon Horacio', '', '');
INSERT INTO `empresa` VALUES (684, '20-17913605-9', 'Martignon Horacio (Transporte)', '', '');
INSERT INTO `empresa` VALUES (685, '00-00000000-0', 'Martin Bernaus', '', '');
INSERT INTO `empresa` VALUES (686, '00-00000000-0', 'Martin Fierro - Lavadero', '', '');
INSERT INTO `empresa` VALUES (688, '27-16022089-4', 'Martini Maria Alejandra', '', '');
INSERT INTO `empresa` VALUES (689, '00-00000000-0', 'Martiniom Neli', '', '');
INSERT INTO `empresa` VALUES (691, '23-17942805-9', 'Matta L. Marcelo', '', '');
INSERT INTO `empresa` VALUES (692, '00-00000000-0', 'Matey - Repuestos Camion', '', 'Mauricio O. Mathey');
INSERT INTO `empresa` VALUES (693, '00-00000000-0', 'Mauro Hetze', '', '');
INSERT INTO `empresa` VALUES (695, '20-23890785-4', 'Medula Jose Salvador', '', '');
INSERT INTO `empresa` VALUES (696, '20-08618270-0', 'Mendoza W. Victor', '', '');
INSERT INTO `empresa` VALUES (698, '30-64616777-5', 'Metalfor S.A.', '', '');
INSERT INTO `empresa` VALUES (699, '00-00000000-0', 'Metalurgica Alfa Zampar', '', '');
INSERT INTO `empresa` VALUES (700, '00-00000000-0', 'Metalurgica El Pinar', '', '');
INSERT INTO `empresa` VALUES (701, '27-29529324-7', 'Meza Leticia Lorena', '', '');
INSERT INTO `empresa` VALUES (702, '30-52184048-6', 'Micron Fresar S.R.L. - AKRON', '', '');
INSERT INTO `empresa` VALUES (703, '00-00000000-0', 'Mignani S.R.L.', '', '');
INSERT INTO `empresa` VALUES (704, '00-00000000-0', 'Mignola Javier', '', '');
INSERT INTO `empresa` VALUES (706, '00-00000000-0', 'MILANI Francisco - Miguel', '', '');
INSERT INTO `empresa` VALUES (707, '00-00000000-0', 'Milenium C. - Rabellino - Quique', '', '');
INSERT INTO `empresa` VALUES (709, '00-00000000-0', 'Ministerio Villa Minetti', '', '');
INSERT INTO `empresa` VALUES (710, '20-10191624-1', 'Minutti Luis C.', '', '');
INSERT INTO `empresa` VALUES (711, '20-20191854-6', 'Minutti Mario Jose', '', '');
INSERT INTO `empresa` VALUES (713, '23-18046126-4', 'Molina Miriam A.', '', '');
INSERT INTO `empresa` VALUES (717, '27-12626813-6', 'Mondino Ida Nelida (Bety)', '', 'Mondino Ida Nelida');
INSERT INTO `empresa` VALUES (718, '00-00000000-0', 'Monica', '', '');
INSERT INTO `empresa` VALUES (719, '00-00000000-0', 'Monitoreo 2011', '', '');
INSERT INTO `empresa` VALUES (720, '30-50350872-5', 'Monsanto Argentina S.A.C.I.', '', '');
INSERT INTO `empresa` VALUES (721, '00-00000000-0', 'Monzza S.R.L', '', '');
INSERT INTO `empresa` VALUES (722, '00-00000000-0', 'Morganti Hector, Cristian y Daniel', '', '');
INSERT INTO `empresa` VALUES (724, '20-20147176-2', 'Mori E. Fabian', '', '');
INSERT INTO `empresa` VALUES (725, '00-00000000-0', 'Mosa Carnip & Cia. SRL', '', '');
INSERT INTO `empresa` VALUES (726, '30-60433145-1', 'Mosa Carnip y Cia SRL', '', '');
INSERT INTO `empresa` VALUES (728, '20-22683952-7', 'Muchiut Dario Rene', '', '');
INSERT INTO `empresa` VALUES (729, '30-71094660-0', 'N y JS. S.R.L.', '', '');
INSERT INTO `empresa` VALUES (730, '00-00000000-0', 'Nancy Bonfigli', '', '');
INSERT INTO `empresa` VALUES (731, '20-07874363-9', 'Nardin Raul', '', '');
INSERT INTO `empresa` VALUES (732, '00-00000000-0', 'Nardon Pablo Y Otros S.H.', '', '');
INSERT INTO `empresa` VALUES (733, '00-00000000-0', 'Natalio Automotores SA', '', '');
INSERT INTO `empresa` VALUES (734, '00-00000000-0', 'NeoCore - Javier R. Tommasi', '', '');
INSERT INTO `empresa` VALUES (735, '00-00000000-0', 'Nestor Rosales ', '', '');
INSERT INTO `empresa` VALUES (736, '00-00000000-0', 'Neumaticos Terraf', '', '');
INSERT INTO `empresa` VALUES (737, '00-00000000-0', 'Neumaticos Verona Srl', '', '');
INSERT INTO `empresa` VALUES (739, '33-50673744-9', 'Nidera S.A', '', '');
INSERT INTO `empresa` VALUES (741, '20-10501910-7', 'Nilo R. Giorgis', '', '');
INSERT INTO `empresa` VALUES (742, '30-71184899-8', 'NIPSA Argentina S.R.L.', '', '');
INSERT INTO `empresa` VALUES (743, '00-00000000-0', 'Nizzo Gustavo', '', '');
INSERT INTO `empresa` VALUES (744, '00-00000000-0', 'Nobile Carlos', '', '');
INSERT INTO `empresa` VALUES (745, '23-17698754-4', 'Norma R Desch', '', '');
INSERT INTO `empresa` VALUES (746, '00-00000000-0', 'Nuevo Banco de Santa Fe', '', '');
INSERT INTO `empresa` VALUES (747, '00-00000000-0', 'Oficina', '', '');
INSERT INTO `empresa` VALUES (748, '00-00000000-0', 'Ojeda Raul', '', '');
INSERT INTO `empresa` VALUES (749, '00-00000000-0', 'Oncativo S.A.', '', 'Oncativo S.A.');
INSERT INTO `empresa` VALUES (750, '30-53637534-5', 'ONCATIVO S.A.', '', '');
INSERT INTO `empresa` VALUES (751, '27-14974793-7', 'Orrego Maria Teresa', '', '');
INSERT INTO `empresa` VALUES (752, '20-14445059-1', 'Oscar A Mansilla', '', '');
INSERT INTO `empresa` VALUES (753, '00-00000000-0', 'OSDE', '', '');
INSERT INTO `empresa` VALUES (754, '00-00000000-0', 'OSECAC - Santa Fe', '', '');
INSERT INTO `empresa` VALUES (755, '00-00000000-0', 'Osella Sergio', '', '');
INSERT INTO `empresa` VALUES (756, '20-22299677-6', 'Osvaldo Antonio Mosich', '', '');
INSERT INTO `empresa` VALUES (757, '00-00000000-0', 'Osvaldo Gonzalez', '', '');
INSERT INTO `empresa` VALUES (758, '20-07903417-8', 'Osvaldo González', '', '');
INSERT INTO `empresa` VALUES (759, '20-04032362-8', 'Osvaldo Luis Santilli', '', '');
INSERT INTO `empresa` VALUES (761, '30-56665033-5', 'Osvaldo Luis Santilli e Hijos S.A.C.F.A.', '', '');
INSERT INTO `empresa` VALUES (763, '20-24081157-0', 'Otermin Anibal Mario', '', '');
INSERT INTO `empresa` VALUES (765, '20-06137514-8', 'Otermin Joaquin', '', '');
INSERT INTO `empresa` VALUES (766, '20-26956397-5', 'Pablo A Ñañez', '', '');
INSERT INTO `empresa` VALUES (767, '00-00000000-0', 'Paduan Norma A.', '', '');
INSERT INTO `empresa` VALUES (768, '33-71316560-9', 'Paitubi Servicios SRL (Cobertor - Enganches)', '', 'Paitubi Servicios SRL');
INSERT INTO `empresa` VALUES (769, '00-00000000-0', 'Palacio Horacio', '', '');
INSERT INTO `empresa` VALUES (770, '00-00000000-0', 'Panetti Rodolfo Lampara', '', '');
INSERT INTO `empresa` VALUES (773, '20-14724981-1', 'Papa Ruben Alberto', '', '');
INSERT INTO `empresa` VALUES (774, '00-00000000-0', 'Paranagro S.A.C.I.A.', '', '');
INSERT INTO `empresa` VALUES (775, '00-00000000-0', 'Pascual Computadoras SRL', '', '');
INSERT INTO `empresa` VALUES (776, '00-00000000-0', 'Pasquale Mirta de Fantinelli', '', '');
INSERT INTO `empresa` VALUES (778, '20-08281108-8', 'Paulin Hector Gabriel', '', '');
INSERT INTO `empresa` VALUES (779, '20-16030973-4', 'Pedro José Gaminde', '', '');
INSERT INTO `empresa` VALUES (781, '30-68467210-6', 'Pedro Paoli S.A.', '', 'Pedro Paoli S.A.');
INSERT INTO `empresa` VALUES (782, '00-00000000-0', 'Peiriti Agro', '', '');
INSERT INTO `empresa` VALUES (783, '00-00000000-0', 'Gestoria Pelletan', '', '');
INSERT INTO `empresa` VALUES (785, '30-71160822-9', 'Perotti Jorge y Sanchez Daniel S.H.', '', '');
INSERT INTO `empresa` VALUES (786, '00-00000000-0', 'Perrent', '', '');
INSERT INTO `empresa` VALUES (787, '20-14607162-8', 'Persoglia Aldo Ernesto', '', '');
INSERT INTO `empresa` VALUES (788, '00-00000000-0', 'Petrobono S.A.', '', 'Petrobono S.A.');
INSERT INTO `empresa` VALUES (789, '00-00000000-0', 'Petrolera Bandera', '', ' Antonio Colaneri y Cia S.R.L.');
INSERT INTO `empresa` VALUES (790, '33-58533875-9', 'Petrolera Bandera S.R.L.', '', '');
INSERT INTO `empresa` VALUES (792, '33-67416787-9', 'Petrolera Villa Minetti S.R.L.', '', 'Petrolera Villa Minetti S.R.L.');
INSERT INTO `empresa` VALUES (794, '23-07378180-9', 'Pezzatti Eduardo', '', '');
INSERT INTO `empresa` VALUES (796, '30-70897103-7', 'Piccoli Hnos S.R.L', '', '');
INSERT INTO `empresa` VALUES (797, '00-00000000-0', 'Pighin Leandro', '', '');
INSERT INTO `empresa` VALUES (798, '20-29367163-0', 'Pinto Juan Manuel', '', '');
INSERT INTO `empresa` VALUES (799, '00-00000000-0', 'Pinturerias del Centro', '', '');
INSERT INTO `empresa` VALUES (800, '00-00000000-0', 'PiscinaSpa', '', '');
INSERT INTO `empresa` VALUES (802, '20-28566843-4', 'PLACKA - Exequiel Kaminsky', '', '');
INSERT INTO `empresa` VALUES (803, '00-00000000-0', 'Policia Villa Minetti', '', '');
INSERT INTO `empresa` VALUES (804, '00-00000000-0', 'Ponce Daniel', '', '');
INSERT INTO `empresa` VALUES (806, '33-56460980-9', 'Ponticelli Hnos S.R.L', '', '');
INSERT INTO `empresa` VALUES (807, '00-00000000-0', 'Porfidio Carreras', '', '');
INSERT INTO `empresa` VALUES (809, '30-67388578-7', 'Porfirio, Gabriel y Gustavo Ardusso', '', '');
INSERT INTO `empresa` VALUES (810, '20-06304312-6', 'Portella Luis', '', '');
INSERT INTO `empresa` VALUES (812, '20-17783545-6', 'Pozzi Omar Ernesto', '', '');
INSERT INTO `empresa` VALUES (814, '20-25098551-8', 'Prato Sebastian E.', '', '');
INSERT INTO `empresa` VALUES (815, '00-00000000-0', 'Prato Sebastian Ingeniero', '', '');
INSERT INTO `empresa` VALUES (817, '24-12452409-8', 'Prialis Roberto Jose', '', '');
INSERT INTO `empresa` VALUES (818, '20-08280151-1', 'Prieto Nestor', '', '');
INSERT INTO `empresa` VALUES (820, '20-07686516-8', 'Principe R. Fernando', '', '');
INSERT INTO `empresa` VALUES (821, '00-00000000-0', 'Pro Global', '', '');
INSERT INTO `empresa` VALUES (822, '30-71086273-3', 'Process S.R.L.', '', '');
INSERT INTO `empresa` VALUES (824, '30-69366813-8', 'Puerto Femos SRL', '', '');
INSERT INTO `empresa` VALUES (826, '20-06557936-8', 'Quijada Oscar Hilario', '', '');
INSERT INTO `empresa` VALUES (827, '20-25506733-9', 'Rabelino Sergio', '', '');
INSERT INTO `empresa` VALUES (828, '00-00000000-0', 'Rafaela Embragues', '', '');
INSERT INTO `empresa` VALUES (830, '20-05534731-0', 'Rainaudo Jorge A.', '', '');
INSERT INTO `empresa` VALUES (831, '20-12624851-3', 'Ramallo Jorge Alberto', '', '');
INSERT INTO `empresa` VALUES (833, '27-23835426-4', 'Ramayal Flavia Marina', '', '');
INSERT INTO `empresa` VALUES (834, '00-00000000-0', 'Ramello Gabriel', '', '');
INSERT INTO `empresa` VALUES (835, '20-33039691-2', 'Ramello Gabriel Antonio', '', '');
INSERT INTO `empresa` VALUES (836, '20-12132826-8', 'Ramonda Claudio J.', '', '');
INSERT INTO `empresa` VALUES (837, '00-00000000-0', 'Rampello La Nena', '', '');
INSERT INTO `empresa` VALUES (838, '00-00000000-0', 'Rapi Flet Carolina', '', '');
INSERT INTO `empresa` VALUES (839, '00-00000000-0', 'Raul Oscar Valeri (Tapisado Butaca', '', '');
INSERT INTO `empresa` VALUES (840, '20-10985401-9', 'Raul Tomas Cappa', '', '');
INSERT INTO `empresa` VALUES (841, '00-00000000-0', 'Ravelino Gustavo - Facyt', '', '');
INSERT INTO `empresa` VALUES (844, '00-00000000-0', 'RE.NEU. S.A. (Re capado)', '', '');
INSERT INTO `empresa` VALUES (845, '00-00000000-0', 'Rectificadora Avellaneda - Braida Filiberto', '', '');
INSERT INTO `empresa` VALUES (847, '30-58952711-5', 'Red Surcos S.A.', '', '');
INSERT INTO `empresa` VALUES (848, '00-00000000-0', 'Registro Tostado - Miguel Clap', '', '');
INSERT INTO `empresa` VALUES (850, '30-53663344-4', 'Remonda Castro y Cia S.A.C.', '', 'Remonda Castro y Cia S.A.C.');
INSERT INTO `empresa` VALUES (851, '00-00000000-0', 'Ren? Jos? Leurino', '', '');
INSERT INTO `empresa` VALUES (852, '20-10310017-9', 'René José Leurino', '', '');
INSERT INTO `empresa` VALUES (853, '27-05084808-1', 'Resconi Maria Cristina', '', '');
INSERT INTO `empresa` VALUES (854, '20-17293174-0', 'Respo Hugo Santiago', '', '');
INSERT INTO `empresa` VALUES (855, '00-00000000-0', 'Rewalser German Javier', '', '');
INSERT INTO `empresa` VALUES (857, '20-26694150-2', 'Rhiner Adrian Luis', '', '');
INSERT INTO `empresa` VALUES (859, '33-54127049-9', 'Ricardo C. Bieler S.A.C.I. y F.', '', '');
INSERT INTO `empresa` VALUES (860, '00-00000000-0', 'Richar Celulares', '', '');
INSERT INTO `empresa` VALUES (861, '20-14815897-6', 'Richter F. Reinaldo', '', '');
INSERT INTO `empresa` VALUES (862, '00-00000000-0', 'Richter F. Reinaldo - Servicios Agropecuario', '', '');
INSERT INTO `empresa` VALUES (863, '20-17071289-8', 'Rinaudo Gustavo Alejandro', '', '');
INSERT INTO `empresa` VALUES (865, '30-58472251-3', 'Rio Chico S.A.', '', '');
INSERT INTO `empresa` VALUES (866, '20-13712650-9', 'Riva Dante Omar', '', '');
INSERT INTO `empresa` VALUES (867, '00-00000000-0', 'Riva Omar', '', '');
INSERT INTO `empresa` VALUES (869, '20-17184231-0', 'Rivanegra Daniel O.', '', '');
INSERT INTO `empresa` VALUES (870, '00-00000000-0', 'Rivarosa S.A.', '', '');
INSERT INTO `empresa` VALUES (871, '30-70835734-7', 'Rivarosa Sociedad Anonima', '', '');
INSERT INTO `empresa` VALUES (872, '00-00000000-0', 'Rives y Sabio', '', '');
INSERT INTO `empresa` VALUES (873, '30-59317405-7', 'Rizobacter Argentina SA', '', '');
INSERT INTO `empresa` VALUES (874, '00-00000000-0', 'ROBERTO CHELALA', '', '');
INSERT INTO `empresa` VALUES (875, '20-32309680-6', 'Roberto Jacinto Caceres', '', '');
INSERT INTO `empresa` VALUES (877, '20-16881130-7', 'Rodolfo Jesus A. Panetti', '', '');
INSERT INTO `empresa` VALUES (878, '20-26636648-6', 'Rodriguez Cristian Adrian', '', '');
INSERT INTO `empresa` VALUES (880, '27-23535558-8', 'Rodriguez N. Marcela', '', '');
INSERT INTO `empresa` VALUES (881, '23-14560276-9', 'Rodriguez Ruben E.', '', '');
INSERT INTO `empresa` VALUES (883, '20-17398796-0', 'Roldan Carlos Alberto', '', '');
INSERT INTO `empresa` VALUES (884, '00-00000000-0', 'Roldan Hector - Contruccion', '', '');
INSERT INTO `empresa` VALUES (885, '00-00000000-0', 'Roldan Hnos S.H. (Corralon)', '', '');
INSERT INTO `empresa` VALUES (886, '30-61998485-0', 'Roldan Hnos. S.H.', '', '');
INSERT INTO `empresa` VALUES (887, '00-00000000-0', 'Romanela Minicheli', '', '');
INSERT INTO `empresa` VALUES (888, '00-00000000-0', 'Romero Miguel', '', '');
INSERT INTO `empresa` VALUES (889, '00-00000000-0', 'RoNi Servicios SRL', '', '');
INSERT INTO `empresa` VALUES (890, '30-70932064-1', 'Ro-Ni Servicios SRL', '', '');
INSERT INTO `empresa` VALUES (891, '00-00000000-0', 'Rosana Sarale', '', '');
INSERT INTO `empresa` VALUES (892, '27-17939232-7', 'Rosario Eulalia Espinosa', '', '');
INSERT INTO `empresa` VALUES (893, '20-20143883-8', 'Rosell Javier', '', '');
INSERT INTO `empresa` VALUES (894, '20-20143883-8', 'Rosell Javier (Arrendador )', '', '');
INSERT INTO `empresa` VALUES (895, '00-00000000-0', 'Rosolani Ruben', '', '');
INSERT INTO `empresa` VALUES (896, '00-00000000-0', 'Rossetti SACIFI', '', '');
INSERT INTO `empresa` VALUES (897, '20-24942903-2', 'Rosso Ivan Javier', '', '');
INSERT INTO `empresa` VALUES (898, '00-00000000-0', 'Rosso Julio Cesar', '', '');
INSERT INTO `empresa` VALUES (899, '20-21417370-1', 'Rosso Julio Rosso', '', '');
INSERT INTO `empresa` VALUES (900, '00-00000000-0', 'Rothamel Repuestos', '', '');
INSERT INTO `empresa` VALUES (902, '27-16306747-7', 'Roxana L. Bacinello', '', '');
INSERT INTO `empresa` VALUES (904, '00-00000000-0', 'Ruben A. Gutierrez', '', '');
INSERT INTO `empresa` VALUES (905, '00-00000000-0', 'Ruben Carlos Rutkowski', '', '');
INSERT INTO `empresa` VALUES (906, '20-06303338-4', 'Ruffinatto Rodolfo', '', '');
INSERT INTO `empresa` VALUES (907, '00-00000000-0', 'Rulo', '', '');
INSERT INTO `empresa` VALUES (908, '30-71187368-2', 'Ruralco Soluciones S.A.', '', '');
INSERT INTO `empresa` VALUES (909, '00-00000000-0', 'Sabate Nestor', '', '');
INSERT INTO `empresa` VALUES (910, '30-69091285-2', 'Sabate Pedro y Sabate Nestor', '', '');
INSERT INTO `empresa` VALUES (911, '00-00000000-0', 'Salomon Algodon Maquinas', '', '');
INSERT INTO `empresa` VALUES (912, '20-32063670-2', 'Sanchez Carlos Abel', '', '');
INSERT INTO `empresa` VALUES (914, '20-07874787-1', 'Sanchez Ramon Mauricio', '', '');
INSERT INTO `empresa` VALUES (915, '00-00000000-0', 'Santiago Cesar', '', '');
INSERT INTO `empresa` VALUES (916, '20-13375032-1', 'Santiago Cesar Ismael', '', '');
INSERT INTO `empresa` VALUES (917, '00-00000000-0', 'Santilli E Hijos - Sunchales', '', 'Santilli E Hijos');
INSERT INTO `empresa` VALUES (918, '00-00000000-0', 'Santucci Luis', '', '');
INSERT INTO `empresa` VALUES (919, '20-06111757-2', 'Santucci Luis F.', '', '');
INSERT INTO `empresa` VALUES (920, '20-14912677-6', 'Santucci Sergio Andres', '', '');
INSERT INTO `empresa` VALUES (922, '20-30677947-9', 'Saraceni Nicolas Alberto', '', '');
INSERT INTO `empresa` VALUES (924, '20-06354007-3', 'Saucuns Jesus Victor', '', '');
INSERT INTO `empresa` VALUES (925, '00-00000000-0', 'Savio S.A.', '', '');
INSERT INTO `empresa` VALUES (926, '20-16629198-5', 'Scaglione Omar Vicente', '', '');
INSERT INTO `empresa` VALUES (927, '00-00000000-0', 'Schaller Hernan', '', '');
INSERT INTO `empresa` VALUES (928, '20-11879636-6', 'Schaller Ricardo Jose A.', '', '');
INSERT INTO `empresa` VALUES (929, '20-30468413-6', 'Seitzinger Christian Ariel', '', '');
INSERT INTO `empresa` VALUES (930, '00-00000000-0', 'Selso Ledwij', '', '');
INSERT INTO `empresa` VALUES (931, '00-00000000-0', 'Semirremolques Vulcano S.A.', '', '');
INSERT INTO `empresa` VALUES (932, '00-00000000-0', 'SENASA - Villa Minetti ', '', '');
INSERT INTO `empresa` VALUES (933, '00-00000000-0', 'SENASA Tostado (Frigorifico Armando)', '', '');
INSERT INTO `empresa` VALUES (934, '00-00000000-0', 'Sengel Raul (Tati)', '', '');
INSERT INTO `empresa` VALUES (935, '20-16807768-9', 'Sequeira Jose', '', '');
INSERT INTO `empresa` VALUES (936, '20-17942807-6', 'Sergio Ariel Osella', '', '');
INSERT INTO `empresa` VALUES (937, '20-29709258-9', 'Sergio Fabian Klatt_Cosecha', '', '');
INSERT INTO `empresa` VALUES (938, '20-29709258-9', 'Sergio Fabian Klatt_Fletes', '', '');
INSERT INTO `empresa` VALUES (942, '30-70957716-2', 'Sergio Germani Motos', '', 'Sergio Germani S.A.');
INSERT INTO `empresa` VALUES (943, '20-22040859-1', 'Sergio Lofiego', '', '');
INSERT INTO `empresa` VALUES (944, '20-14938040-0', 'Sergio Rovere', '', '');
INSERT INTO `empresa` VALUES (945, '00-00000000-0', 'Sergio Trepat Automotores', '', '');
INSERT INTO `empresa` VALUES (946, '00-00000000-0', 'Sergio.Bastiani - Bunge', '', '');
INSERT INTO `empresa` VALUES (947, '00-00000000-0', 'Servicios Viales', '', 'Servicios Viales');
INSERT INTO `empresa` VALUES (948, '30-65522556-7', 'Servicios Viales Santa Fe S.A.', '', '');
INSERT INTO `empresa` VALUES (950, '30-52297335-8', 'Severino Coego Sofama S.A.', '', '');
INSERT INTO `empresa` VALUES (951, '20-17751637-7', 'Sfiligoy Horacio', '', '');
INSERT INTO `empresa` VALUES (952, '00-00000000-0', 'Est. de Serv. Shell Tostado -Pergolesi-', '', 'Est. de Serv. Shell Tostado');
INSERT INTO `empresa` VALUES (953, '00-00000000-0', 'SIDECOM', '', '');
INSERT INTO `empresa` VALUES (954, '00-00000000-0', 'Simonella Abel&Angel A', '', '');
INSERT INTO `empresa` VALUES (955, '00-00000000-0', 'Sindicato Camioneros', '', '');
INSERT INTO `empresa` VALUES (956, '00-00000000-0', 'Agrotransporte S.R.L.', '', '');
INSERT INTO `empresa` VALUES (957, '00-00000000-0', 'SL - Sergio Lufiego', '', '');
INSERT INTO `empresa` VALUES (959, '27-26975441-4', 'Sneidenit Perla Lorena', '', '');
INSERT INTO `empresa` VALUES (960, '00-00000000-0', 'Sociedad Rural Bandera', '', '');
INSERT INTO `empresa` VALUES (961, '00-00000000-0', 'Sola y Brusa S.A.', '', '');
INSERT INTO `empresa` VALUES (962, '00-00000000-0', 'Soldano German', '', '');
INSERT INTO `empresa` VALUES (963, '30-71254509-3', 'Soset S.R.L.', '', '');
INSERT INTO `empresa` VALUES (964, '00-00000000-0', 'SOTO Repuestos', '', '');
INSERT INTO `empresa` VALUES (965, '00-00000000-0', 'Sottomano Gaston Joaquin', '', '');
INSERT INTO `empresa` VALUES (966, '00-00000000-0', 'Spalletti Jorge Emiliano', '', '');
INSERT INTO `empresa` VALUES (968, '30-70763319-1', 'SpeedAgro S.R.L.', '', '');
INSERT INTO `empresa` VALUES (969, '00-00000000-0', 'Stoffel Mauricio', '', '');
INSERT INTO `empresa` VALUES (970, '20-07909292-5', 'Strohschein Gerardo German', '', '');
INSERT INTO `empresa` VALUES (971, '23-17806416-9', 'Suarez Omar', '', '');
INSERT INTO `empresa` VALUES (972, '30-67506349-0', 'Suc. Antonio Lladhon - YPF DIRECTO ', '', 'Suc. De Antonio Lladhon S.R.L');
INSERT INTO `empresa` VALUES (973, '00-00000000-0', 'Suc. de Antonio Lladhon S.R.L.', '', ' Claudio Chichari');
INSERT INTO `empresa` VALUES (974, '20-06128783-4', 'Sucesion De Forlin Ciro E.', '', '');
INSERT INTO `empresa` VALUES (975, '00-00000000-0', 'Supermercado El Sol - Lanzetti  ', '', '');
INSERT INTO `empresa` VALUES (976, '00-00000000-0', 'Syngenta - Casa Central', '', '');
INSERT INTO `empresa` VALUES (978, '30-63297672-7', 'T.R.A.C.S.A.', '', '');
INSERT INTO `empresa` VALUES (980, '20-17373511-2', 'Talalay Alberto', '', '');
INSERT INTO `empresa` VALUES (981, '00-00000000-0', 'Taller Ledroz - Esperanza', '', '');
INSERT INTO `empresa` VALUES (982, '00-00000000-0', 'Taller Libertadad - Pallero Hnos SRL', '', '');
INSERT INTO `empresa` VALUES (983, '00-00000000-0', 'Taller SALCEDO S.H', '', '');
INSERT INTO `empresa` VALUES (984, '00-00000000-0', 'TECNICA CERES ', '', '');
INSERT INTO `empresa` VALUES (985, '00-00000000-0', 'TECNICA PUERTO SAN  MARTIN ', '', '');
INSERT INTO `empresa` VALUES (986, '00-00000000-0', 'TECNICA RAFAELA ', '', '');
INSERT INTO `empresa` VALUES (987, '00-00000000-0', 'Tecnica Sunchales - Revican S.R.L.', '', 'Revican S.R.L.');
INSERT INTO `empresa` VALUES (988, '00-00000000-0', 'Teresa Fernandez ', '', '');
INSERT INTO `empresa` VALUES (989, '00-00000000-0', 'Terminal de Omnibus de Tostado    ', '', '');
INSERT INTO `empresa` VALUES (990, '30-70974107-8', 'Termotecnica Ingenieria y Servicios SRL', '', '');
INSERT INTO `empresa` VALUES (991, '00-00000000-0', 'Terras Hnos. S.A.', '', '');
INSERT INTO `empresa` VALUES (992, '00-00000000-0', 'Titonel Mario', '', '');
INSERT INTO `empresa` VALUES (993, '20-16848641-4', 'Titonel Mario Luis', '', '');
INSERT INTO `empresa` VALUES (994, '00-00000000-0', 'Todo Metal', '', '');
INSERT INTO `empresa` VALUES (995, '00-00000000-0', 'Toni Defagot', '', '');
INSERT INTO `empresa` VALUES (997, '00-00000000-0', 'Torreta Mirko', '', '');
INSERT INTO `empresa` VALUES (998, '00-00000000-0', 'Torrez Dario', '', '');
INSERT INTO `empresa` VALUES (999, '00-00000000-0', 'Tossone - Motores ', '', '');
INSERT INTO `empresa` VALUES (1000, '00-00000000-0', 'TOYOTA. DERKA Y VARGAS SA', '', '');
INSERT INTO `empresa` VALUES (1001, '00-00000000-0', 'TRACSA', '', '');
INSERT INTO `empresa` VALUES (1002, '00-00000000-0', 'Trans Contro S.R.L.', '', '');
INSERT INTO `empresa` VALUES (1003, '30-70908020-9', 'TRANSCOL S.R.L.', '', '');
INSERT INTO `empresa` VALUES (1004, '00-00000000-0', 'Transporte \"Mi Tata\" ( V. Minetti <> Tostado )', '', 'Transporte \"Mi Tata\"');
INSERT INTO `empresa` VALUES (1005, '30-71207698-0', 'Transporte A y G S.R.L.', '', '');
INSERT INTO `empresa` VALUES (1006, '20-07709702-4', 'Transporte Alberto Alba', '', '');
INSERT INTO `empresa` VALUES (1007, '00-00000000-0', 'Transporte Ceres-Rosario', '', '');
INSERT INTO `empresa` VALUES (1008, '00-00000000-0', 'Transporte Pauloni', '', '');
INSERT INTO `empresa` VALUES (1009, '30-70765975-7', 'Transporte Rumbo Norte SRL', '', 'Rumbo Norte S.R.L.');
INSERT INTO `empresa` VALUES (1010, '30-69925245-6', 'Transporte Snaider S.R.L.', '', '');
INSERT INTO `empresa` VALUES (1011, '00-00000000-0', 'Transporte Valle', '', '');
INSERT INTO `empresa` VALUES (1014, '20-34218355-8', 'Travassi Jose Ignacio', '', '');
INSERT INTO `empresa` VALUES (1015, '00-00000000-0', 'Truck Center - Santilli Neumaticos S.A.', '', '');
INSERT INTO `empresa` VALUES (1017, '20-20948356-5', 'Valetti Walter Luis', '', '');
INSERT INTO `empresa` VALUES (1018, '20-06245093-3', 'Valls Angel Hugo', '', '');
INSERT INTO `empresa` VALUES (1019, '00-00000000-0', 'VANFLA - Blazquez Hugo Roberto', '', '');
INSERT INTO `empresa` VALUES (1020, '00-00000000-0', 'Vannay Victor', '', '');
INSERT INTO `empresa` VALUES (1022, '27-16278490-6', 'Vasquez M. Sandra', '', '');
INSERT INTO `empresa` VALUES (1023, '00-00000000-0', 'VENICA Repuestos', '', '');
INSERT INTO `empresa` VALUES (1024, '20-11962538-7', 'Vernetti D. Alberto', '', '');
INSERT INTO `empresa` VALUES (1025, '20-16200601-1', 'Vertorelli Daniel Alberto', '', '');
INSERT INTO `empresa` VALUES (1026, '00-00000000-0', 'Vialidad Provincial - Santa Fe', '', '');
INSERT INTO `empresa` VALUES (1027, '27-21826376-9', 'Vicentini Analia del Carmen', '', '');
INSERT INTO `empresa` VALUES (1028, '27-27869165-4', 'Vicentini Claudia Roxana', '', '');
INSERT INTO `empresa` VALUES (1029, '00-00000000-0', 'Vicino Luis', '', '');
INSERT INTO `empresa` VALUES (1030, '20-17516331-0', 'Victor  H. Vannay ( Transportista )', '', '');
INSERT INTO `empresa` VALUES (1031, '20-17516331-0', 'Victor H Vannay (trillador)', '', '');
INSERT INTO `empresa` VALUES (1032, '00-00000000-0', 'VIRGILIO STERZER - Oil ( Gancedo - Chaco )', '', '');
INSERT INTO `empresa` VALUES (1033, '00-00000000-0', 'Viri Dichoso', '', '');
INSERT INTO `empresa` VALUES (1035, '20-30707409-6', 'Vivas  Ezio G.', '', '');
INSERT INTO `empresa` VALUES (1036, '20-26502466-2', 'Vog A. Sergio', '', '');
INSERT INTO `empresa` VALUES (1037, '20-21416103-7', 'Waldemar A. Spaccesi', '', '');
INSERT INTO `empresa` VALUES (1038, '20-14775881-3', 'Wasinger Hector Alberto', '', '');
INSERT INTO `empresa` VALUES (1039, '20-14775881-3', 'Wasinger Hector Alberto (Arrendador)', '', '');
INSERT INTO `empresa` VALUES (1040, '00-00000000-0', 'Wasinger Hector E. - Pipila', '', '');
INSERT INTO `empresa` VALUES (1041, '30-63181058-2', 'Wurth Argentina S.A.', '', '');
INSERT INTO `empresa` VALUES (1042, '33-70920806-9', 'Yaccu S.R.L.', '', '');
INSERT INTO `empresa` VALUES (1043, '00-00000000-0', 'Yacuzzi Pablo', '', '');
INSERT INTO `empresa` VALUES (1045, '20-11102123-7', 'Yara J. Carlos', '', '');
INSERT INTO `empresa` VALUES (1046, '20-30388673-8', 'Yavorky Leandro Dario', '', '');
INSERT INTO `empresa` VALUES (1048, '20-18104066-2', 'Yezze Guillermo E.', '', '');
INSERT INTO `empresa` VALUES (1050, '20-12547902-3', 'Yezze Jose Luis', '', '');
INSERT INTO `empresa` VALUES (1051, '20-14320384-1', 'Yocco Omar', '', '');
INSERT INTO `empresa` VALUES (1052, '20-10458008-5', 'Yovaldi Raul J.', '', '');
INSERT INTO `empresa` VALUES (1053, '00-00000000-0', 'YPF GAS SA', '', '');
INSERT INTO `empresa` VALUES (1054, '00-00000000-0', 'Zago Juan Carlos', '', '');
INSERT INTO `empresa` VALUES (1055, '00-00000000-0', 'zalesky pedro', '', '');
INSERT INTO `empresa` VALUES (1056, '20-08380827-7', 'Zalesky Pedro H.', '', '');
INSERT INTO `empresa` VALUES (1057, '23-06183004-9', 'Zanetti Juan E', '', '');
INSERT INTO `empresa` VALUES (1058, '00-00000000-0', 'Zanetti Neumaticos', '', '');
INSERT INTO `empresa` VALUES (1059, '00-00000000-0', 'Zaninovich Ariel', '', '');
INSERT INTO `empresa` VALUES (1060, '23-30621062-9', 'Zechin Jose Luis', '', '');
INSERT INTO `empresa` VALUES (1061, '00-00000000-0', 'Zeiser Juan', '', '');
INSERT INTO `empresa` VALUES (1062, '00-00000000-0', 'Zenklusen Guillermo Andres', '', '');
INSERT INTO `empresa` VALUES (1063, '00-0000000-0', 'Basf Argentina', NULL, 'BASF Argentina SA');
INSERT INTO `empresa` VALUES (1065, '00-0000000-0', 'Transporte Vanesa ( V. Minetti <> Santa Fe )', NULL, 'Expreso VANESA');
INSERT INTO `empresa` VALUES (1066, '00-0000000-0', 'Compu Santa Fe', NULL, 'Compu Santa Fe');
INSERT INTO `empresa` VALUES (1067, '00-0000000-0', 'Tecnica Villa Angela', NULL, 'Tecnica Villa Angela');
INSERT INTO `empresa` VALUES (1068, '20-16565098-1', 'San Jose - Proteccion Contra Incendios', NULL, 'Carlos O. Cappelletti');
INSERT INTO `empresa` VALUES (1069, '00-0000000-0', 'Agro Activa S.A.', NULL, 'Agro Activa S.A.');
INSERT INTO `empresa` VALUES (1070, '00-0000000-0', 'D\'Ascanio Alberto', NULL, 'D\'Ascanio');
INSERT INTO `empresa` VALUES (1071, '00-0000000-0', 'Stecher Jose', NULL, 'Stecher Jose');
INSERT INTO `empresa` VALUES (1072, '00-0000000-0', 'Fisat Franco', NULL, 'Fisat Franco');
INSERT INTO `empresa` VALUES (1073, '00-0000000-0', 'Herrera Antonio', NULL, 'Herrera Antonio');
INSERT INTO `empresa` VALUES (1074, '00-0000000-0', 'Distribuidora JBM', NULL, 'Distribuidora JBM');
INSERT INTO `empresa` VALUES (1075, '00-0000000-0', 'Tostado Repuestos', NULL, 'Tostado Repuestos');
INSERT INTO `empresa` VALUES (1076, '30-71208091-0', 'Manera S.H.', NULL, 'Manera Roberto, German y Leandro');
INSERT INTO `empresa` VALUES (1077, '00-0000000-0', 'Acumuladores Lucas', NULL, ' Manoni L. Maria');
INSERT INTO `empresa` VALUES (1078, '00-0000000-0', 'IVAST', NULL, 'IVAST');
INSERT INTO `empresa` VALUES (1079, '20-28439289-3', 'IPCALLS - Comunicaciones', NULL, 'IPCALLS - Comunicaciones');
INSERT INTO `empresa` VALUES (1080, '20-11011454-1', 'Letreros R.Zuil', NULL, 'Zuil Roberto Sergio');
INSERT INTO `empresa` VALUES (1081, '20-14371892-2', 'Presisso Muebles', NULL, 'Ricardo Luis Perello');
INSERT INTO `empresa` VALUES (1082, '00-0000000-0', 'GALCOR - Angel Monguzzi', NULL, 'Angel Monguzzi');
INSERT INTO `empresa` VALUES (1083, '00-0000000-0', 'Sancor Seguros', NULL, 'Sancor Seguros CLSG');
INSERT INTO `empresa` VALUES (1084, '00-0000000-0', 'Cooperativa Avellaneda', NULL, 'Cooperativa Avellaneda');
INSERT INTO `empresa` VALUES (1085, '30-70716375-1', 'Suelos y Escorias SA', NULL, 'Suelos y Escorias SA');
INSERT INTO `empresa` VALUES (1086, '20-054088494-4', 'Ing. Angeletti - Equipos Radios VHF', NULL, 'Angeletti Alfredo Jose');
INSERT INTO `empresa` VALUES (1087, '30-78177934-4', 'Sumimaq S.R.L. - Sthil', NULL, 'Sumimaq S.R.L.');
INSERT INTO `empresa` VALUES (1088, '00-0000000-0', 'Autopartes El Palo S.R.L.', NULL, 'Autopartes El Palo S.R.L.');
INSERT INTO `empresa` VALUES (1089, '00-0000000-0', 'Matiasevich E Hijos - Desarmadero', NULL, 'Matiasevich E Hijos Esteban');
INSERT INTO `empresa` VALUES (1090, '20-26947880-3', 'Franco Edinho Cuarto', NULL, 'Franco Edinho Cuarto');
INSERT INTO `empresa` VALUES (1091, '00-0000000-0', 'Sanchez Carlos', NULL, 'Anpisa SA');
INSERT INTO `empresa` VALUES (1092, '00-0000000-0', 'Rosel Rafael Fernando', NULL, 'Rosel Rafael Fernando');
INSERT INTO `empresa` VALUES (1093, '00-0000000-0', 'Vascheto Hugo', NULL, 'Vascheto Hugo');
INSERT INTO `empresa` VALUES (1094, '00-0000000-0', 'Delfin Sebastian', NULL, 'Delfin Sebastian');
INSERT INTO `empresa` VALUES (1095, '20-16645899-5', 'Iachini Danilo', NULL, 'Iachini Danilo Jesus Maria');
INSERT INTO `empresa` VALUES (1096, '20-16645899-5', 'IACHINI DANILO JESUS MARIA', NULL, 'IACHINI DANILO JESUS MARIA');
INSERT INTO `empresa` VALUES (1097, '23-22932725-9', 'Buosi Roberto Javier', NULL, 'Buosi Roberto Javier');
INSERT INTO `empresa` VALUES (1098, '20-13508642-9', 'Tamone Jose', NULL, 'Tamone Jose');
INSERT INTO `empresa` VALUES (1099, '00-0000000-0', 'Ciarlantini Hernan Marcelo', NULL, 'Ciarlantini Hernan Marcelo');
INSERT INTO `empresa` VALUES (1100, '30-69566435-0', 'Capaldi Nelso y Otros S. H', NULL, 'Capaldi Nelso y Otros S. H');
INSERT INTO `empresa` VALUES (1101, '20-14549814-8', 'Boasso Dario Luis', NULL, 'Boasso Dario Luis');
INSERT INTO `empresa` VALUES (1102, '00-0000000-0', 'Molinos Cañuela', NULL, 'Molinos Cañuela');
INSERT INTO `empresa` VALUES (1103, '00-0000000-0', 'Jose Cirillo', NULL, 'Jose Cirillo');
INSERT INTO `empresa` VALUES (1104, '00-0000000-0', 'Raquel Mercedes Peralta - Facundo Guzman', NULL, 'Raquel Mercedes Peralta');
INSERT INTO `empresa` VALUES (1105, '27-16177960-7', 'Allochis Cabezales Maiceros', NULL, 'Allochis Norma Beatriz');
INSERT INTO `empresa` VALUES (1106, '20-21773775-4', 'Fortuna Mauricio German				', NULL, 'Fortuna Mauricio German				');
INSERT INTO `empresa` VALUES (1107, '30-71451325-3', 'Sampaolo Dario Daniel y Julian Andres				', NULL, 'Sampaolo Dario Daniel y Julian Andres				');
INSERT INTO `empresa` VALUES (1108, '00-0000000-0', 'Regonat - Reparacion Silos', NULL, 'Regonat');
INSERT INTO `empresa` VALUES (1109, '00-0000000-0', 'ByL Oscar', NULL, 'B y L');
INSERT INTO `empresa` VALUES (1110, '00-0000000-0', 'MONTAJES INDUSTRIALES S.R.L.', NULL, 'MONTAJES INDUSTRIALES S.R.L.');
INSERT INTO `empresa` VALUES (1111, '00-0000000-0', 'Rosel Javier', NULL, 'Rosel Javier');
INSERT INTO `empresa` VALUES (1112, '30-50435544-2', 'CARAN Internacional', NULL, 'CARAN SA');
INSERT INTO `empresa` VALUES (1113, '00-0000000-0', 'PFAFFL JOHANN', NULL, 'PFAFFL JOHANN');
INSERT INTO `empresa` VALUES (1114, '30-50261312-6', 'Ingenieria Boggio', NULL, 'Ingenieria Boggio S.A.');
INSERT INTO `empresa` VALUES (1115, '00-0000000-0', 'Los Hermanos', NULL, 'Los Hermanos');
INSERT INTO `empresa` VALUES (1116, '00-0000000-0', 'Estudio Lujan', NULL, 'Estudio Lujan');
INSERT INTO `empresa` VALUES (1117, '00-0000000-0', 'Milenium Transporte', NULL, 'Milenium Transporte');
INSERT INTO `empresa` VALUES (1118, '00-0000000-0', 'Abogada Jovtis Guadalupe', NULL, 'Abogada Jovtis Guadalupe');
INSERT INTO `empresa` VALUES (1119, '00-0000000-0', 'Maldonado Gustavo', NULL, 'Maldonado Gustavo');
INSERT INTO `empresa` VALUES (1120, '00-0000000-0', 'Aslan Jaquelina (Licenciada en  Higiene  y Seg )', NULL, 'Aslan Jaquelina (Lic  Hig y Seg)');
INSERT INTO `empresa` VALUES (1121, '00-0000000-0', 'Bibiloni Antonio Rufino', NULL, 'Bibiloni Antonio Rufino');
INSERT INTO `empresa` VALUES (1122, '00-0000000-0', 'Sobrero Omar (Tecnico en Higiene y Seg)', NULL, 'Sobrero Omar (Tec en Hig y Seg)');
INSERT INTO `empresa` VALUES (1123, '00-0000000-0', 'Lopez Aldo Marcelo (Medico Laboral)', NULL, 'Lopez Aldo Marcelo (Medico Laboral)');
INSERT INTO `empresa` VALUES (1124, '23254323209', 'Perren Ulises Maria', NULL, 'Perren Ulises Maria');
INSERT INTO `empresa` VALUES (1125, '00-0000000-0', 'Passarelli Gustavo', NULL, 'Passarelli Gustavo');
INSERT INTO `empresa` VALUES (1126, '00-0000000-0', 'Suelos y Escorias', NULL, 'suelos y Escorias');
INSERT INTO `empresa` VALUES (1127, '00-0000000-0', 'Banco Nacion - Pedir Datos de Cuentas', NULL, 'Banco Nacion');
INSERT INTO `empresa` VALUES (1128, '00-0000000-0', 'Luna Pedro', NULL, 'Luna Pedro');
INSERT INTO `empresa` VALUES (1129, '00-0000000-0', 'Palmusi Embrague', NULL, 'Palmusi Embrague');
INSERT INTO `empresa` VALUES (1130, '00-0000000-0', 'Zaffalon Miguel', NULL, 'Zaffalon Miguel');
INSERT INTO `empresa` VALUES (1131, '20-21417537-2', 'Gorr Cristian Xavier', NULL, 'Gorr Cristian Xavier');
INSERT INTO `empresa` VALUES (1132, '00-0000000-0', 'Zain Victor Emilio', NULL, 'Zain Victor Emilio');
INSERT INTO `empresa` VALUES (1133, '00-0000000-0', 'Szyrko Antonio', NULL, 'Szyrko Antonio');
INSERT INTO `empresa` VALUES (1134, '00-0000000-0', 'Banco ICBC', NULL, 'Banco ICBC');
INSERT INTO `empresa` VALUES (1135, '00-0000000-0', 'ICBC', NULL, 'ICBC');
INSERT INTO `empresa` VALUES (1136, '00-0000000-0', 'Santander', NULL, 'Santander');
INSERT INTO `empresa` VALUES (1137, '30-59921363-1', 'Warbel S.A.', NULL, 'Warbel S.A.');
INSERT INTO `empresa` VALUES (1138, '00-0000000-0', 'Roberto Carlos Fumo', NULL, 'CPN Roberto Carlos Fumo');
INSERT INTO `empresa` VALUES (1139, '30-64527972-3', 'Industrias Bott SRL', NULL, 'Industrias Bott SRL');
INSERT INTO `empresa` VALUES (1140, '00-0000000-0', 'PILMHOR Oleohidraulica', NULL, 'PILMHOR Oleohidraulica');
INSERT INTO `empresa` VALUES (1141, '00-0000000-0', 'Pegatina Tostado', NULL, 'Pegatina Tostado');
INSERT INTO `empresa` VALUES (1142, '00-0000000-0', 'MAQUINAS AGRICOLAS OMBU S.A', NULL, 'MAQUINAS AGRICOLAS OMBU S.A');
INSERT INTO `empresa` VALUES (1143, '00-0000000-0', 'Celso Ledwij', NULL, 'Celso Ledwij');
INSERT INTO `empresa` VALUES (1144, '00-0000000-0', 'Peresutti Claudio Jesus', NULL, 'Peresutti Claudio Jesus');
INSERT INTO `empresa` VALUES (1145, '30-62868835-0', 'SEGHETTI ASOCIADOS S.R.L.', NULL, 'SEGHETTI ASOCIADOS S.R.L.');
INSERT INTO `empresa` VALUES (1146, '00-0000000-0', 'Federico Benedini Silos Cordoba', NULL, 'Silos Cordoba');
INSERT INTO `empresa` VALUES (1147, '00-0000000-0', 'AGRODRUETTA', NULL, 'AGRODRUETTA');
INSERT INTO `empresa` VALUES (1148, '30-70870238-9', 'Ribes Angel y Sabio Adalberto SH				', NULL, 'Ribes Angel y Sabio Adalberto SH				');
INSERT INTO `empresa` VALUES (1149, '00-0000000-0', 'La Guardia Ferretera SRL', NULL, 'La Guardia Ferretera SRL');
INSERT INTO `empresa` VALUES (1150, '00-0000000-0', 'FERRETERA SAN LUIS', NULL, 'FERRETERA SAN LUIS');
INSERT INTO `empresa` VALUES (1151, '00-0000000-0', 'Cooperativa Telefonica de Tostado', NULL, 'Cooperativa Telefonica de Tostado');
INSERT INTO `empresa` VALUES (1152, '00-0000000-0', 'Ledrehoz Franco Hernan', NULL, 'Ledrehoz Franco Hernan');
INSERT INTO `empresa` VALUES (1153, '00-0000000-0', 'Taller Rafaela -  Cristian Torreano', NULL, 'Taller Rafaela -  Cristian Torreamo');
INSERT INTO `empresa` VALUES (1154, '30-53148908-6', 'Patricio Palmero', NULL, 'Patricio Palmero SAICYA');

-- ----------------------------
-- Table structure for empresa_contacto
-- ----------------------------
DROP TABLE IF EXISTS `empresa_contacto`;
CREATE TABLE `empresa_contacto`  (
  `id_empresa` bigint(20) NOT NULL,
  `id_contacto` bigint(20) NOT NULL,
  INDEX `FK_empresa_contacto`(`id_empresa`) USING BTREE,
  INDEX `FK_contacto_empresa`(`id_contacto`) USING BTREE,
  CONSTRAINT `FK_contacto_empresa` FOREIGN KEY (`id_contacto`) REFERENCES `contacto` (`id_contacto`) ON DELETE RESTRICT ON UPDATE RESTRICT,
  CONSTRAINT `FK_empresa_contacto` FOREIGN KEY (`id_empresa`) REFERENCES `empresa` (`id_empresa`) ON DELETE RESTRICT ON UPDATE RESTRICT
) ENGINE = InnoDB CHARACTER SET = latin1 COLLATE = latin1_swedish_ci ROW_FORMAT = Compact;

-- ----------------------------
-- Records of empresa_contacto
-- ----------------------------
INSERT INTO `empresa_contacto` VALUES (128, 115);
INSERT INTO `empresa_contacto` VALUES (133, 118);
INSERT INTO `empresa_contacto` VALUES (141, 125);
INSERT INTO `empresa_contacto` VALUES (153, 128);
INSERT INTO `empresa_contacto` VALUES (154, 131);
INSERT INTO `empresa_contacto` VALUES (155, 132);
INSERT INTO `empresa_contacto` VALUES (196, 145);
INSERT INTO `empresa_contacto` VALUES (196, 144);
INSERT INTO `empresa_contacto` VALUES (202, 147);
INSERT INTO `empresa_contacto` VALUES (203, 149);
INSERT INTO `empresa_contacto` VALUES (204, 151);
INSERT INTO `empresa_contacto` VALUES (206, 156);
INSERT INTO `empresa_contacto` VALUES (209, 158);
INSERT INTO `empresa_contacto` VALUES (223, 164);
INSERT INTO `empresa_contacto` VALUES (246, 174);
INSERT INTO `empresa_contacto` VALUES (246, 175);
INSERT INTO `empresa_contacto` VALUES (247, 177);
INSERT INTO `empresa_contacto` VALUES (251, 179);
INSERT INTO `empresa_contacto` VALUES (252, 180);
INSERT INTO `empresa_contacto` VALUES (255, 181);
INSERT INTO `empresa_contacto` VALUES (257, 184);
INSERT INTO `empresa_contacto` VALUES (259, 185);
INSERT INTO `empresa_contacto` VALUES (261, 188);
INSERT INTO `empresa_contacto` VALUES (262, 191);
INSERT INTO `empresa_contacto` VALUES (263, 192);
INSERT INTO `empresa_contacto` VALUES (270, 194);
INSERT INTO `empresa_contacto` VALUES (273, 199);
INSERT INTO `empresa_contacto` VALUES (274, 200);
INSERT INTO `empresa_contacto` VALUES (277, 201);
INSERT INTO `empresa_contacto` VALUES (284, 205);
INSERT INTO `empresa_contacto` VALUES (289, 213);
INSERT INTO `empresa_contacto` VALUES (291, 215);
INSERT INTO `empresa_contacto` VALUES (293, 216);
INSERT INTO `empresa_contacto` VALUES (299, 219);
INSERT INTO `empresa_contacto` VALUES (304, 221);
INSERT INTO `empresa_contacto` VALUES (306, 222);
INSERT INTO `empresa_contacto` VALUES (307, 223);
INSERT INTO `empresa_contacto` VALUES (308, 224);
INSERT INTO `empresa_contacto` VALUES (309, 225);
INSERT INTO `empresa_contacto` VALUES (316, 228);
INSERT INTO `empresa_contacto` VALUES (317, 229);
INSERT INTO `empresa_contacto` VALUES (318, 230);
INSERT INTO `empresa_contacto` VALUES (321, 233);
INSERT INTO `empresa_contacto` VALUES (321, 232);
INSERT INTO `empresa_contacto` VALUES (324, 236);
INSERT INTO `empresa_contacto` VALUES (324, 235);
INSERT INTO `empresa_contacto` VALUES (324, 234);
INSERT INTO `empresa_contacto` VALUES (326, 240);
INSERT INTO `empresa_contacto` VALUES (333, 244);
INSERT INTO `empresa_contacto` VALUES (336, 248);
INSERT INTO `empresa_contacto` VALUES (336, 247);
INSERT INTO `empresa_contacto` VALUES (338, 249);
INSERT INTO `empresa_contacto` VALUES (345, 253);
INSERT INTO `empresa_contacto` VALUES (347, 254);
INSERT INTO `empresa_contacto` VALUES (349, 255);
INSERT INTO `empresa_contacto` VALUES (363, 263);
INSERT INTO `empresa_contacto` VALUES (364, 264);
INSERT INTO `empresa_contacto` VALUES (375, 271);
INSERT INTO `empresa_contacto` VALUES (383, 276);
INSERT INTO `empresa_contacto` VALUES (384, 277);
INSERT INTO `empresa_contacto` VALUES (388, 280);
INSERT INTO `empresa_contacto` VALUES (390, 282);
INSERT INTO `empresa_contacto` VALUES (392, 283);
INSERT INTO `empresa_contacto` VALUES (398, 284);
INSERT INTO `empresa_contacto` VALUES (402, 287);
INSERT INTO `empresa_contacto` VALUES (403, 290);
INSERT INTO `empresa_contacto` VALUES (404, 291);
INSERT INTO `empresa_contacto` VALUES (406, 293);
INSERT INTO `empresa_contacto` VALUES (406, 292);
INSERT INTO `empresa_contacto` VALUES (407, 294);
INSERT INTO `empresa_contacto` VALUES (419, 298);
INSERT INTO `empresa_contacto` VALUES (419, 297);
INSERT INTO `empresa_contacto` VALUES (420, 299);
INSERT INTO `empresa_contacto` VALUES (421, 301);
INSERT INTO `empresa_contacto` VALUES (423, 304);
INSERT INTO `empresa_contacto` VALUES (426, 306);
INSERT INTO `empresa_contacto` VALUES (426, 305);
INSERT INTO `empresa_contacto` VALUES (427, 307);
INSERT INTO `empresa_contacto` VALUES (428, 309);
INSERT INTO `empresa_contacto` VALUES (429, 310);
INSERT INTO `empresa_contacto` VALUES (430, 311);
INSERT INTO `empresa_contacto` VALUES (434, 314);
INSERT INTO `empresa_contacto` VALUES (437, 318);
INSERT INTO `empresa_contacto` VALUES (437, 317);
INSERT INTO `empresa_contacto` VALUES (439, 321);
INSERT INTO `empresa_contacto` VALUES (439, 320);
INSERT INTO `empresa_contacto` VALUES (441, 323);
INSERT INTO `empresa_contacto` VALUES (441, 322);
INSERT INTO `empresa_contacto` VALUES (445, 326);
INSERT INTO `empresa_contacto` VALUES (445, 325);
INSERT INTO `empresa_contacto` VALUES (445, 324);
INSERT INTO `empresa_contacto` VALUES (446, 327);
INSERT INTO `empresa_contacto` VALUES (448, 328);
INSERT INTO `empresa_contacto` VALUES (450, 331);
INSERT INTO `empresa_contacto` VALUES (451, 332);
INSERT INTO `empresa_contacto` VALUES (454, 335);
INSERT INTO `empresa_contacto` VALUES (456, 336);
INSERT INTO `empresa_contacto` VALUES (459, 338);
INSERT INTO `empresa_contacto` VALUES (465, 341);
INSERT INTO `empresa_contacto` VALUES (467, 343);
INSERT INTO `empresa_contacto` VALUES (471, 346);
INSERT INTO `empresa_contacto` VALUES (473, 347);
INSERT INTO `empresa_contacto` VALUES (478, 350);
INSERT INTO `empresa_contacto` VALUES (479, 351);
INSERT INTO `empresa_contacto` VALUES (483, 352);
INSERT INTO `empresa_contacto` VALUES (486, 354);
INSERT INTO `empresa_contacto` VALUES (489, 356);
INSERT INTO `empresa_contacto` VALUES (496, 357);
INSERT INTO `empresa_contacto` VALUES (506, 365);
INSERT INTO `empresa_contacto` VALUES (507, 366);
INSERT INTO `empresa_contacto` VALUES (514, 368);
INSERT INTO `empresa_contacto` VALUES (517, 369);
INSERT INTO `empresa_contacto` VALUES (523, 373);
INSERT INTO `empresa_contacto` VALUES (525, 374);
INSERT INTO `empresa_contacto` VALUES (531, 377);
INSERT INTO `empresa_contacto` VALUES (532, 379);
INSERT INTO `empresa_contacto` VALUES (545, 383);
INSERT INTO `empresa_contacto` VALUES (546, 385);
INSERT INTO `empresa_contacto` VALUES (546, 384);
INSERT INTO `empresa_contacto` VALUES (547, 388);
INSERT INTO `empresa_contacto` VALUES (547, 386);
INSERT INTO `empresa_contacto` VALUES (547, 387);
INSERT INTO `empresa_contacto` VALUES (550, 389);
INSERT INTO `empresa_contacto` VALUES (553, 390);
INSERT INTO `empresa_contacto` VALUES (555, 392);
INSERT INTO `empresa_contacto` VALUES (555, 391);
INSERT INTO `empresa_contacto` VALUES (557, 395);
INSERT INTO `empresa_contacto` VALUES (559, 397);
INSERT INTO `empresa_contacto` VALUES (562, 399);
INSERT INTO `empresa_contacto` VALUES (567, 401);
INSERT INTO `empresa_contacto` VALUES (568, 402);
INSERT INTO `empresa_contacto` VALUES (572, 403);
INSERT INTO `empresa_contacto` VALUES (573, 405);
INSERT INTO `empresa_contacto` VALUES (574, 407);
INSERT INTO `empresa_contacto` VALUES (574, 406);
INSERT INTO `empresa_contacto` VALUES (590, 414);
INSERT INTO `empresa_contacto` VALUES (592, 416);
INSERT INTO `empresa_contacto` VALUES (593, 418);
INSERT INTO `empresa_contacto` VALUES (593, 417);
INSERT INTO `empresa_contacto` VALUES (600, 419);
INSERT INTO `empresa_contacto` VALUES (608, 421);
INSERT INTO `empresa_contacto` VALUES (613, 422);
INSERT INTO `empresa_contacto` VALUES (616, 424);
INSERT INTO `empresa_contacto` VALUES (616, 423);
INSERT INTO `empresa_contacto` VALUES (617, 425);
INSERT INTO `empresa_contacto` VALUES (618, 426);
INSERT INTO `empresa_contacto` VALUES (624, 429);
INSERT INTO `empresa_contacto` VALUES (627, 433);
INSERT INTO `empresa_contacto` VALUES (627, 432);
INSERT INTO `empresa_contacto` VALUES (632, 434);
INSERT INTO `empresa_contacto` VALUES (638, 437);
INSERT INTO `empresa_contacto` VALUES (644, 440);
INSERT INTO `empresa_contacto` VALUES (649, 441);
INSERT INTO `empresa_contacto` VALUES (656, 446);
INSERT INTO `empresa_contacto` VALUES (659, 448);
INSERT INTO `empresa_contacto` VALUES (659, 449);
INSERT INTO `empresa_contacto` VALUES (662, 450);
INSERT INTO `empresa_contacto` VALUES (668, 453);
INSERT INTO `empresa_contacto` VALUES (668, 452);
INSERT INTO `empresa_contacto` VALUES (672, 455);
INSERT INTO `empresa_contacto` VALUES (673, 457);
INSERT INTO `empresa_contacto` VALUES (673, 456);
INSERT INTO `empresa_contacto` VALUES (676, 459);
INSERT INTO `empresa_contacto` VALUES (678, 462);
INSERT INTO `empresa_contacto` VALUES (678, 461);
INSERT INTO `empresa_contacto` VALUES (678, 460);
INSERT INTO `empresa_contacto` VALUES (679, 463);
INSERT INTO `empresa_contacto` VALUES (682, 464);
INSERT INTO `empresa_contacto` VALUES (685, 465);
INSERT INTO `empresa_contacto` VALUES (686, 466);
INSERT INTO `empresa_contacto` VALUES (689, 467);
INSERT INTO `empresa_contacto` VALUES (693, 470);
INSERT INTO `empresa_contacto` VALUES (698, 471);
INSERT INTO `empresa_contacto` VALUES (699, 473);
INSERT INTO `empresa_contacto` VALUES (709, 481);
INSERT INTO `empresa_contacto` VALUES (718, 485);
INSERT INTO `empresa_contacto` VALUES (721, 487);
INSERT INTO `empresa_contacto` VALUES (725, 489);
INSERT INTO `empresa_contacto` VALUES (728, 490);
INSERT INTO `empresa_contacto` VALUES (728, 491);
INSERT INTO `empresa_contacto` VALUES (730, 493);
INSERT INTO `empresa_contacto` VALUES (730, 492);
INSERT INTO `empresa_contacto` VALUES (732, 495);
INSERT INTO `empresa_contacto` VALUES (732, 494);
INSERT INTO `empresa_contacto` VALUES (733, 496);
INSERT INTO `empresa_contacto` VALUES (734, 499);
INSERT INTO `empresa_contacto` VALUES (734, 498);
INSERT INTO `empresa_contacto` VALUES (734, 497);
INSERT INTO `empresa_contacto` VALUES (743, 504);
INSERT INTO `empresa_contacto` VALUES (744, 505);
INSERT INTO `empresa_contacto` VALUES (746, 508);
INSERT INTO `empresa_contacto` VALUES (747, 509);
INSERT INTO `empresa_contacto` VALUES (748, 510);
INSERT INTO `empresa_contacto` VALUES (749, 513);
INSERT INTO `empresa_contacto` VALUES (755, 517);
INSERT INTO `empresa_contacto` VALUES (757, 520);
INSERT INTO `empresa_contacto` VALUES (757, 518);
INSERT INTO `empresa_contacto` VALUES (763, 522);
INSERT INTO `empresa_contacto` VALUES (767, 524);
INSERT INTO `empresa_contacto` VALUES (767, 523);
INSERT INTO `empresa_contacto` VALUES (769, 527);
INSERT INTO `empresa_contacto` VALUES (770, 528);
INSERT INTO `empresa_contacto` VALUES (774, 532);
INSERT INTO `empresa_contacto` VALUES (774, 531);
INSERT INTO `empresa_contacto` VALUES (775, 534);
INSERT INTO `empresa_contacto` VALUES (782, 540);
INSERT INTO `empresa_contacto` VALUES (783, 542);
INSERT INTO `empresa_contacto` VALUES (786, 543);
INSERT INTO `empresa_contacto` VALUES (788, 546);
INSERT INTO `empresa_contacto` VALUES (789, 549);
INSERT INTO `empresa_contacto` VALUES (796, 551);
INSERT INTO `empresa_contacto` VALUES (797, 554);
INSERT INTO `empresa_contacto` VALUES (797, 553);
INSERT INTO `empresa_contacto` VALUES (797, 552);
INSERT INTO `empresa_contacto` VALUES (800, 556);
INSERT INTO `empresa_contacto` VALUES (803, 558);
INSERT INTO `empresa_contacto` VALUES (804, 559);
INSERT INTO `empresa_contacto` VALUES (807, 562);
INSERT INTO `empresa_contacto` VALUES (807, 561);
INSERT INTO `empresa_contacto` VALUES (809, 563);
INSERT INTO `empresa_contacto` VALUES (815, 564);
INSERT INTO `empresa_contacto` VALUES (824, 567);
INSERT INTO `empresa_contacto` VALUES (834, 570);
INSERT INTO `empresa_contacto` VALUES (837, 571);
INSERT INTO `empresa_contacto` VALUES (839, 573);
INSERT INTO `empresa_contacto` VALUES (841, 575);
INSERT INTO `empresa_contacto` VALUES (841, 574);
INSERT INTO `empresa_contacto` VALUES (844, 579);
INSERT INTO `empresa_contacto` VALUES (845, 581);
INSERT INTO `empresa_contacto` VALUES (848, 583);
INSERT INTO `empresa_contacto` VALUES (860, 588);
INSERT INTO `empresa_contacto` VALUES (862, 589);
INSERT INTO `empresa_contacto` VALUES (870, 592);
INSERT INTO `empresa_contacto` VALUES (872, 593);
INSERT INTO `empresa_contacto` VALUES (874, 594);
INSERT INTO `empresa_contacto` VALUES (883, 596);
INSERT INTO `empresa_contacto` VALUES (884, 597);
INSERT INTO `empresa_contacto` VALUES (885, 598);
INSERT INTO `empresa_contacto` VALUES (887, 599);
INSERT INTO `empresa_contacto` VALUES (888, 600);
INSERT INTO `empresa_contacto` VALUES (891, 601);
INSERT INTO `empresa_contacto` VALUES (895, 602);
INSERT INTO `empresa_contacto` VALUES (896, 604);
INSERT INTO `empresa_contacto` VALUES (896, 603);
INSERT INTO `empresa_contacto` VALUES (898, 606);
INSERT INTO `empresa_contacto` VALUES (898, 605);
INSERT INTO `empresa_contacto` VALUES (900, 607);
INSERT INTO `empresa_contacto` VALUES (905, 609);
INSERT INTO `empresa_contacto` VALUES (905, 608);
INSERT INTO `empresa_contacto` VALUES (907, 610);
INSERT INTO `empresa_contacto` VALUES (909, 611);
INSERT INTO `empresa_contacto` VALUES (911, 612);
INSERT INTO `empresa_contacto` VALUES (915, 615);
INSERT INTO `empresa_contacto` VALUES (918, 618);
INSERT INTO `empresa_contacto` VALUES (922, 619);
INSERT INTO `empresa_contacto` VALUES (924, 620);
INSERT INTO `empresa_contacto` VALUES (927, 622);
INSERT INTO `empresa_contacto` VALUES (931, 624);
INSERT INTO `empresa_contacto` VALUES (932, 625);
INSERT INTO `empresa_contacto` VALUES (934, 628);
INSERT INTO `empresa_contacto` VALUES (945, 635);
INSERT INTO `empresa_contacto` VALUES (946, 637);
INSERT INTO `empresa_contacto` VALUES (946, 636);
INSERT INTO `empresa_contacto` VALUES (947, 639);
INSERT INTO `empresa_contacto` VALUES (950, 640);
INSERT INTO `empresa_contacto` VALUES (950, 641);
INSERT INTO `empresa_contacto` VALUES (953, 643);
INSERT INTO `empresa_contacto` VALUES (954, 644);
INSERT INTO `empresa_contacto` VALUES (955, 646);
INSERT INTO `empresa_contacto` VALUES (955, 645);
INSERT INTO `empresa_contacto` VALUES (956, 648);
INSERT INTO `empresa_contacto` VALUES (957, 649);
INSERT INTO `empresa_contacto` VALUES (961, 652);
INSERT INTO `empresa_contacto` VALUES (962, 653);
INSERT INTO `empresa_contacto` VALUES (964, 654);
INSERT INTO `empresa_contacto` VALUES (966, 657);
INSERT INTO `empresa_contacto` VALUES (969, 658);
INSERT INTO `empresa_contacto` VALUES (975, 661);
INSERT INTO `empresa_contacto` VALUES (975, 660);
INSERT INTO `empresa_contacto` VALUES (976, 662);
INSERT INTO `empresa_contacto` VALUES (981, 663);
INSERT INTO `empresa_contacto` VALUES (982, 665);
INSERT INTO `empresa_contacto` VALUES (982, 664);
INSERT INTO `empresa_contacto` VALUES (983, 667);
INSERT INTO `empresa_contacto` VALUES (983, 666);
INSERT INTO `empresa_contacto` VALUES (984, 668);
INSERT INTO `empresa_contacto` VALUES (985, 669);
INSERT INTO `empresa_contacto` VALUES (986, 670);
INSERT INTO `empresa_contacto` VALUES (988, 672);
INSERT INTO `empresa_contacto` VALUES (989, 673);
INSERT INTO `empresa_contacto` VALUES (991, 674);
INSERT INTO `empresa_contacto` VALUES (995, 678);
INSERT INTO `empresa_contacto` VALUES (998, 679);
INSERT INTO `empresa_contacto` VALUES (1001, 684);
INSERT INTO `empresa_contacto` VALUES (1001, 683);
INSERT INTO `empresa_contacto` VALUES (1007, 687);
INSERT INTO `empresa_contacto` VALUES (1008, 688);
INSERT INTO `empresa_contacto` VALUES (1020, 699);
INSERT INTO `empresa_contacto` VALUES (1020, 698);
INSERT INTO `empresa_contacto` VALUES (1023, 702);
INSERT INTO `empresa_contacto` VALUES (1029, 704);
INSERT INTO `empresa_contacto` VALUES (1033, 706);
INSERT INTO `empresa_contacto` VALUES (1040, 708);
INSERT INTO `empresa_contacto` VALUES (1040, 707);
INSERT INTO `empresa_contacto` VALUES (1055, 713);
INSERT INTO `empresa_contacto` VALUES (1058, 716);
INSERT INTO `empresa_contacto` VALUES (1059, 717);
INSERT INTO `empresa_contacto` VALUES (1059, 718);
INSERT INTO `empresa_contacto` VALUES (1061, 719);
INSERT INTO `empresa_contacto` VALUES (1062, 721);
INSERT INTO `empresa_contacto` VALUES (1062, 720);
INSERT INTO `empresa_contacto` VALUES (850, 725);
INSERT INTO `empresa_contacto` VALUES (850, 726);
INSERT INTO `empresa_contacto` VALUES (128, 727);
INSERT INTO `empresa_contacto` VALUES (128, 728);
INSERT INTO `empresa_contacto` VALUES (102, 729);
INSERT INTO `empresa_contacto` VALUES (102, 731);
INSERT INTO `empresa_contacto` VALUES (1063, 732);
INSERT INTO `empresa_contacto` VALUES (219, 735);
INSERT INTO `empresa_contacto` VALUES (219, 736);
INSERT INTO `empresa_contacto` VALUES (120, 737);
INSERT INTO `empresa_contacto` VALUES (108, 738);
INSERT INTO `empresa_contacto` VALUES (115, 739);
INSERT INTO `empresa_contacto` VALUES (115, 740);
INSERT INTO `empresa_contacto` VALUES (116, 741);
INSERT INTO `empresa_contacto` VALUES (121, 742);
INSERT INTO `empresa_contacto` VALUES (122, 743);
INSERT INTO `empresa_contacto` VALUES (122, 744);
INSERT INTO `empresa_contacto` VALUES (1053, 747);
INSERT INTO `empresa_contacto` VALUES (357, 748);
INSERT INTO `empresa_contacto` VALUES (357, 749);
INSERT INTO `empresa_contacto` VALUES (357, 750);
INSERT INTO `empresa_contacto` VALUES (161, 751);
INSERT INTO `empresa_contacto` VALUES (161, 752);
INSERT INTO `empresa_contacto` VALUES (241, 755);
INSERT INTO `empresa_contacto` VALUES (241, 757);
INSERT INTO `empresa_contacto` VALUES (181, 758);
INSERT INTO `empresa_contacto` VALUES (281, 759);
INSERT INTO `empresa_contacto` VALUES (960, 760);
INSERT INTO `empresa_contacto` VALUES (960, 762);
INSERT INTO `empresa_contacto` VALUES (960, 763);
INSERT INTO `empresa_contacto` VALUES (296, 764);
INSERT INTO `empresa_contacto` VALUES (296, 765);
INSERT INTO `empresa_contacto` VALUES (655, 766);
INSERT INTO `empresa_contacto` VALUES (655, 767);
INSERT INTO `empresa_contacto` VALUES (157, 768);
INSERT INTO `empresa_contacto` VALUES (202, 769);
INSERT INTO `empresa_contacto` VALUES (202, 770);
INSERT INTO `empresa_contacto` VALUES (202, 771);
INSERT INTO `empresa_contacto` VALUES (992, 772);
INSERT INTO `empresa_contacto` VALUES (992, 773);
INSERT INTO `empresa_contacto` VALUES (501, 774);
INSERT INTO `empresa_contacto` VALUES (501, 776);
INSERT INTO `empresa_contacto` VALUES (501, 777);
INSERT INTO `empresa_contacto` VALUES (1004, 778);
INSERT INTO `empresa_contacto` VALUES (1004, 779);
INSERT INTO `empresa_contacto` VALUES (1065, 780);
INSERT INTO `empresa_contacto` VALUES (1065, 781);
INSERT INTO `empresa_contacto` VALUES (1066, 782);
INSERT INTO `empresa_contacto` VALUES (1067, 783);
INSERT INTO `empresa_contacto` VALUES (850, 784);
INSERT INTO `empresa_contacto` VALUES (1068, 785);
INSERT INTO `empresa_contacto` VALUES (1068, 786);
INSERT INTO `empresa_contacto` VALUES (917, 787);
INSERT INTO `empresa_contacto` VALUES (917, 788);
INSERT INTO `empresa_contacto` VALUES (207, 789);
INSERT INTO `empresa_contacto` VALUES (850, 791);
INSERT INTO `empresa_contacto` VALUES (850, 792);
INSERT INTO `empresa_contacto` VALUES (792, 793);
INSERT INTO `empresa_contacto` VALUES (792, 794);
INSERT INTO `empresa_contacto` VALUES (139, 795);
INSERT INTO `empresa_contacto` VALUES (139, 796);
INSERT INTO `empresa_contacto` VALUES (138, 797);
INSERT INTO `empresa_contacto` VALUES (138, 798);
INSERT INTO `empresa_contacto` VALUES (1069, 799);
INSERT INTO `empresa_contacto` VALUES (1069, 800);
INSERT INTO `empresa_contacto` VALUES (652, 801);
INSERT INTO `empresa_contacto` VALUES (652, 802);
INSERT INTO `empresa_contacto` VALUES (1070, 803);
INSERT INTO `empresa_contacto` VALUES (371, 804);
INSERT INTO `empresa_contacto` VALUES (1071, 805);
INSERT INTO `empresa_contacto` VALUES (1072, 806);
INSERT INTO `empresa_contacto` VALUES (1073, 807);
INSERT INTO `empresa_contacto` VALUES (999, 808);
INSERT INTO `empresa_contacto` VALUES (999, 809);
INSERT INTO `empresa_contacto` VALUES (838, 811);
INSERT INTO `empresa_contacto` VALUES (340, 812);
INSERT INTO `empresa_contacto` VALUES (340, 813);
INSERT INTO `empresa_contacto` VALUES (1074, 814);
INSERT INTO `empresa_contacto` VALUES (1075, 815);
INSERT INTO `empresa_contacto` VALUES (1074, 816);
INSERT INTO `empresa_contacto` VALUES (1074, 817);
INSERT INTO `empresa_contacto` VALUES (1076, 818);
INSERT INTO `empresa_contacto` VALUES (1076, 819);
INSERT INTO `empresa_contacto` VALUES (870, 820);
INSERT INTO `empresa_contacto` VALUES (870, 821);
INSERT INTO `empresa_contacto` VALUES (870, 822);
INSERT INTO `empresa_contacto` VALUES (802, 823);
INSERT INTO `empresa_contacto` VALUES (802, 824);
INSERT INTO `empresa_contacto` VALUES (262, 825);
INSERT INTO `empresa_contacto` VALUES (477, 827);
INSERT INTO `empresa_contacto` VALUES (477, 828);
INSERT INTO `empresa_contacto` VALUES (942, 829);
INSERT INTO `empresa_contacto` VALUES (942, 830);
INSERT INTO `empresa_contacto` VALUES (942, 831);
INSERT INTO `empresa_contacto` VALUES (717, 832);
INSERT INTO `empresa_contacto` VALUES (821, 833);
INSERT INTO `empresa_contacto` VALUES (821, 834);
INSERT INTO `empresa_contacto` VALUES (587, 835);
INSERT INTO `empresa_contacto` VALUES (587, 836);
INSERT INTO `empresa_contacto` VALUES (587, 837);
INSERT INTO `empresa_contacto` VALUES (587, 838);
INSERT INTO `empresa_contacto` VALUES (781, 839);
INSERT INTO `empresa_contacto` VALUES (781, 840);
INSERT INTO `empresa_contacto` VALUES (781, 841);
INSERT INTO `empresa_contacto` VALUES (1009, 842);
INSERT INTO `empresa_contacto` VALUES (1009, 843);
INSERT INTO `empresa_contacto` VALUES (161, 844);
INSERT INTO `empresa_contacto` VALUES (161, 845);
INSERT INTO `empresa_contacto` VALUES (987, 846);
INSERT INTO `empresa_contacto` VALUES (1026, 847);
INSERT INTO `empresa_contacto` VALUES (1077, 848);
INSERT INTO `empresa_contacto` VALUES (608, 849);
INSERT INTO `empresa_contacto` VALUES (522, 850);
INSERT INTO `empresa_contacto` VALUES (1050, 852);
INSERT INTO `empresa_contacto` VALUES (560, 853);
INSERT INTO `empresa_contacto` VALUES (557, 854);
INSERT INTO `empresa_contacto` VALUES (557, 856);
INSERT INTO `empresa_contacto` VALUES (1078, 857);
INSERT INTO `empresa_contacto` VALUES (286, 859);
INSERT INTO `empresa_contacto` VALUES (1079, 860);
INSERT INTO `empresa_contacto` VALUES (1079, 861);
INSERT INTO `empresa_contacto` VALUES (845, 862);
INSERT INTO `empresa_contacto` VALUES (845, 863);
INSERT INTO `empresa_contacto` VALUES (1081, 864);
INSERT INTO `empresa_contacto` VALUES (1081, 865);
INSERT INTO `empresa_contacto` VALUES (291, 866);
INSERT INTO `empresa_contacto` VALUES (261, 867);
INSERT INTO `empresa_contacto` VALUES (319, 868);
INSERT INTO `empresa_contacto` VALUES (319, 869);
INSERT INTO `empresa_contacto` VALUES (271, 870);
INSERT INTO `empresa_contacto` VALUES (271, 871);
INSERT INTO `empresa_contacto` VALUES (271, 872);
INSERT INTO `empresa_contacto` VALUES (378, 873);
INSERT INTO `empresa_contacto` VALUES (378, 874);
INSERT INTO `empresa_contacto` VALUES (528, 875);
INSERT INTO `empresa_contacto` VALUES (528, 876);
INSERT INTO `empresa_contacto` VALUES (528, 877);
INSERT INTO `empresa_contacto` VALUES (521, 878);
INSERT INTO `empresa_contacto` VALUES (521, 879);
INSERT INTO `empresa_contacto` VALUES (604, 880);
INSERT INTO `empresa_contacto` VALUES (604, 881);
INSERT INTO `empresa_contacto` VALUES (626, 883);
INSERT INTO `empresa_contacto` VALUES (626, 884);
INSERT INTO `empresa_contacto` VALUES (626, 885);
INSERT INTO `empresa_contacto` VALUES (639, 886);
INSERT INTO `empresa_contacto` VALUES (639, 887);
INSERT INTO `empresa_contacto` VALUES (639, 888);
INSERT INTO `empresa_contacto` VALUES (706, 889);
INSERT INTO `empresa_contacto` VALUES (789, 891);
INSERT INTO `empresa_contacto` VALUES (789, 892);
INSERT INTO `empresa_contacto` VALUES (789, 893);
INSERT INTO `empresa_contacto` VALUES (945, 894);
INSERT INTO `empresa_contacto` VALUES (945, 895);
INSERT INTO `empresa_contacto` VALUES (973, 896);
INSERT INTO `empresa_contacto` VALUES (573, 897);
INSERT INTO `empresa_contacto` VALUES (573, 898);
INSERT INTO `empresa_contacto` VALUES (558, 899);
INSERT INTO `empresa_contacto` VALUES (141, 900);
INSERT INTO `empresa_contacto` VALUES (141, 901);
INSERT INTO `empresa_contacto` VALUES (141, 902);
INSERT INTO `empresa_contacto` VALUES (154, 903);
INSERT INTO `empresa_contacto` VALUES (154, 904);
INSERT INTO `empresa_contacto` VALUES (156, 905);
INSERT INTO `empresa_contacto` VALUES (354, 906);
INSERT INTO `empresa_contacto` VALUES (354, 907);
INSERT INTO `empresa_contacto` VALUES (353, 908);
INSERT INTO `empresa_contacto` VALUES (353, 909);
INSERT INTO `empresa_contacto` VALUES (178, 910);
INSERT INTO `empresa_contacto` VALUES (247, 912);
INSERT INTO `empresa_contacto` VALUES (247, 913);
INSERT INTO `empresa_contacto` VALUES (1011, 914);
INSERT INTO `empresa_contacto` VALUES (1011, 915);
INSERT INTO `empresa_contacto` VALUES (251, 917);
INSERT INTO `empresa_contacto` VALUES (251, 918);
INSERT INTO `empresa_contacto` VALUES (285, 919);
INSERT INTO `empresa_contacto` VALUES (285, 920);
INSERT INTO `empresa_contacto` VALUES (342, 921);
INSERT INTO `empresa_contacto` VALUES (342, 922);
INSERT INTO `empresa_contacto` VALUES (389, 923);
INSERT INTO `empresa_contacto` VALUES (389, 924);
INSERT INTO `empresa_contacto` VALUES (389, 925);
INSERT INTO `empresa_contacto` VALUES (465, 926);
INSERT INTO `empresa_contacto` VALUES (465, 927);
INSERT INTO `empresa_contacto` VALUES (692, 928);
INSERT INTO `empresa_contacto` VALUES (692, 929);
INSERT INTO `empresa_contacto` VALUES (692, 930);
INSERT INTO `empresa_contacto` VALUES (423, 931);
INSERT INTO `empresa_contacto` VALUES (423, 932);
INSERT INTO `empresa_contacto` VALUES (423, 933);
INSERT INTO `empresa_contacto` VALUES (454, 934);
INSERT INTO `empresa_contacto` VALUES (454, 935);
INSERT INTO `empresa_contacto` VALUES (454, 936);
INSERT INTO `empresa_contacto` VALUES (915, 937);
INSERT INTO `empresa_contacto` VALUES (915, 940);
INSERT INTO `empresa_contacto` VALUES (915, 941);
INSERT INTO `empresa_contacto` VALUES (773, 942);
INSERT INTO `empresa_contacto` VALUES (773, 943);
INSERT INTO `empresa_contacto` VALUES (773, 944);
INSERT INTO `empresa_contacto` VALUES (844, 945);
INSERT INTO `empresa_contacto` VALUES (844, 946);
INSERT INTO `empresa_contacto` VALUES (844, 947);
INSERT INTO `empresa_contacto` VALUES (778, 948);
INSERT INTO `empresa_contacto` VALUES (778, 949);
INSERT INTO `empresa_contacto` VALUES (778, 950);
INSERT INTO `empresa_contacto` VALUES (372, 951);
INSERT INTO `empresa_contacto` VALUES (372, 952);
INSERT INTO `empresa_contacto` VALUES (372, 953);
INSERT INTO `empresa_contacto` VALUES (475, 954);
INSERT INTO `empresa_contacto` VALUES (475, 955);
INSERT INTO `empresa_contacto` VALUES (543, 956);
INSERT INTO `empresa_contacto` VALUES (543, 957);
INSERT INTO `empresa_contacto` VALUES (577, 958);
INSERT INTO `empresa_contacto` VALUES (577, 959);
INSERT INTO `empresa_contacto` VALUES (1032, 960);
INSERT INTO `empresa_contacto` VALUES (1032, 961);
INSERT INTO `empresa_contacto` VALUES (859, 962);
INSERT INTO `empresa_contacto` VALUES (859, 963);
INSERT INTO `empresa_contacto` VALUES (1002, 964);
INSERT INTO `empresa_contacto` VALUES (1002, 965);
INSERT INTO `empresa_contacto` VALUES (806, 968);
INSERT INTO `empresa_contacto` VALUES (806, 969);
INSERT INTO `empresa_contacto` VALUES (386, 970);
INSERT INTO `empresa_contacto` VALUES (386, 971);
INSERT INTO `empresa_contacto` VALUES (421, 972);
INSERT INTO `empresa_contacto` VALUES (421, 973);
INSERT INTO `empresa_contacto` VALUES (591, 974);
INSERT INTO `empresa_contacto` VALUES (591, 975);
INSERT INTO `empresa_contacto` VALUES (470, 976);
INSERT INTO `empresa_contacto` VALUES (470, 977);
INSERT INTO `empresa_contacto` VALUES (470, 978);
INSERT INTO `empresa_contacto` VALUES (545, 979);
INSERT INTO `empresa_contacto` VALUES (545, 980);
INSERT INTO `empresa_contacto` VALUES (545, 981);
INSERT INTO `empresa_contacto` VALUES (496, 982);
INSERT INTO `empresa_contacto` VALUES (496, 983);
INSERT INTO `empresa_contacto` VALUES (754, 984);
INSERT INTO `empresa_contacto` VALUES (754, 986);
INSERT INTO `empresa_contacto` VALUES (754, 987);
INSERT INTO `empresa_contacto` VALUES (500, 988);
INSERT INTO `empresa_contacto` VALUES (500, 989);
INSERT INTO `empresa_contacto` VALUES (532, 990);
INSERT INTO `empresa_contacto` VALUES (532, 991);
INSERT INTO `empresa_contacto` VALUES (584, 992);
INSERT INTO `empresa_contacto` VALUES (584, 993);
INSERT INTO `empresa_contacto` VALUES (584, 994);
INSERT INTO `empresa_contacto` VALUES (586, 995);
INSERT INTO `empresa_contacto` VALUES (586, 996);
INSERT INTO `empresa_contacto` VALUES (749, 997);
INSERT INTO `empresa_contacto` VALUES (749, 998);
INSERT INTO `empresa_contacto` VALUES (749, 999);
INSERT INTO `empresa_contacto` VALUES (775, 1000);
INSERT INTO `empresa_contacto` VALUES (775, 1001);
INSERT INTO `empresa_contacto` VALUES (925, 1002);
INSERT INTO `empresa_contacto` VALUES (925, 1003);
INSERT INTO `empresa_contacto` VALUES (847, 1004);
INSERT INTO `empresa_contacto` VALUES (847, 1005);
INSERT INTO `empresa_contacto` VALUES (788, 1006);
INSERT INTO `empresa_contacto` VALUES (788, 1007);
INSERT INTO `empresa_contacto` VALUES (788, 1008);
INSERT INTO `empresa_contacto` VALUES (788, 1009);
INSERT INTO `empresa_contacto` VALUES (824, 1010);
INSERT INTO `empresa_contacto` VALUES (824, 1011);
INSERT INTO `empresa_contacto` VALUES (877, 1012);
INSERT INTO `empresa_contacto` VALUES (877, 1013);
INSERT INTO `empresa_contacto` VALUES (166, 1014);
INSERT INTO `empresa_contacto` VALUES (166, 1015);
INSERT INTO `empresa_contacto` VALUES (204, 1016);
INSERT INTO `empresa_contacto` VALUES (204, 1017);
INSERT INTO `empresa_contacto` VALUES (226, 1018);
INSERT INTO `empresa_contacto` VALUES (226, 1019);
INSERT INTO `empresa_contacto` VALUES (325, 1020);
INSERT INTO `empresa_contacto` VALUES (206, 1021);
INSERT INTO `empresa_contacto` VALUES (206, 1022);
INSERT INTO `empresa_contacto` VALUES (239, 1023);
INSERT INTO `empresa_contacto` VALUES (239, 1024);
INSERT INTO `empresa_contacto` VALUES (255, 1025);
INSERT INTO `empresa_contacto` VALUES (289, 1026);
INSERT INTO `empresa_contacto` VALUES (289, 1027);
INSERT INTO `empresa_contacto` VALUES (289, 1028);
INSERT INTO `empresa_contacto` VALUES (330, 1029);
INSERT INTO `empresa_contacto` VALUES (383, 1030);
INSERT INTO `empresa_contacto` VALUES (383, 1031);
INSERT INTO `empresa_contacto` VALUES (350, 1032);
INSERT INTO `empresa_contacto` VALUES (350, 1033);
INSERT INTO `empresa_contacto` VALUES (350, 1034);
INSERT INTO `empresa_contacto` VALUES (312, 1035);
INSERT INTO `empresa_contacto` VALUES (312, 1036);
INSERT INTO `empresa_contacto` VALUES (382, 1037);
INSERT INTO `empresa_contacto` VALUES (326, 1038);
INSERT INTO `empresa_contacto` VALUES (326, 1039);
INSERT INTO `empresa_contacto` VALUES (438, 1040);
INSERT INTO `empresa_contacto` VALUES (438, 1041);
INSERT INTO `empresa_contacto` VALUES (428, 1042);
INSERT INTO `empresa_contacto` VALUES (512, 1043);
INSERT INTO `empresa_contacto` VALUES (418, 1044);
INSERT INTO `empresa_contacto` VALUES (418, 1045);
INSERT INTO `empresa_contacto` VALUES (956, 1046);
INSERT INTO `empresa_contacto` VALUES (1015, 1047);
INSERT INTO `empresa_contacto` VALUES (1015, 1048);
INSERT INTO `empresa_contacto` VALUES (436, 1049);
INSERT INTO `empresa_contacto` VALUES (436, 1050);
INSERT INTO `empresa_contacto` VALUES (436, 1051);
INSERT INTO `empresa_contacto` VALUES (506, 1052);
INSERT INTO `empresa_contacto` VALUES (506, 1053);
INSERT INTO `empresa_contacto` VALUES (746, 1054);
INSERT INTO `empresa_contacto` VALUES (746, 1055);
INSERT INTO `empresa_contacto` VALUES (746, 1056);
INSERT INTO `empresa_contacto` VALUES (855, 1057);
INSERT INTO `empresa_contacto` VALUES (855, 1058);
INSERT INTO `empresa_contacto` VALUES (933, 1059);
INSERT INTO `empresa_contacto` VALUES (933, 1060);
INSERT INTO `empresa_contacto` VALUES (932, 1061);
INSERT INTO `empresa_contacto` VALUES (722, 1062);
INSERT INTO `empresa_contacto` VALUES (847, 1063);
INSERT INTO `empresa_contacto` VALUES (847, 1064);
INSERT INTO `empresa_contacto` VALUES (847, 1065);
INSERT INTO `empresa_contacto` VALUES (843, 1066);
INSERT INTO `empresa_contacto` VALUES (366, 1067);
INSERT INTO `empresa_contacto` VALUES (403, 1068);
INSERT INTO `empresa_contacto` VALUES (403, 1069);
INSERT INTO `empresa_contacto` VALUES (484, 1070);
INSERT INTO `empresa_contacto` VALUES (619, 1071);
INSERT INTO `empresa_contacto` VALUES (619, 1072);
INSERT INTO `empresa_contacto` VALUES (658, 1073);
INSERT INTO `empresa_contacto` VALUES (703, 1074);
INSERT INTO `empresa_contacto` VALUES (703, 1075);
INSERT INTO `empresa_contacto` VALUES (303, 1076);
INSERT INTO `empresa_contacto` VALUES (367, 1077);
INSERT INTO `empresa_contacto` VALUES (458, 1080);
INSERT INTO `empresa_contacto` VALUES (633, 1081);
INSERT INTO `empresa_contacto` VALUES (843, 1082);
INSERT INTO `empresa_contacto` VALUES (402, 1083);
INSERT INTO `empresa_contacto` VALUES (402, 1084);
INSERT INTO `empresa_contacto` VALUES (843, 1085);
INSERT INTO `empresa_contacto` VALUES (698, 1086);
INSERT INTO `empresa_contacto` VALUES (700, 1087);
INSERT INTO `empresa_contacto` VALUES (1064, 1088);
INSERT INTO `empresa_contacto` VALUES (843, 1089);
INSERT INTO `empresa_contacto` VALUES (707, 1090);
INSERT INTO `empresa_contacto` VALUES (707, 1091);
INSERT INTO `empresa_contacto` VALUES (1014, 1092);
INSERT INTO `empresa_contacto` VALUES (1014, 1093);
INSERT INTO `empresa_contacto` VALUES (753, 1094);
INSERT INTO `empresa_contacto` VALUES (753, 1095);
INSERT INTO `empresa_contacto` VALUES (776, 1096);
INSERT INTO `empresa_contacto` VALUES (776, 1097);
INSERT INTO `empresa_contacto` VALUES (776, 1098);
INSERT INTO `empresa_contacto` VALUES (1000, 1099);
INSERT INTO `empresa_contacto` VALUES (1000, 1100);
INSERT INTO `empresa_contacto` VALUES (930, 1101);
INSERT INTO `empresa_contacto` VALUES (930, 1102);
INSERT INTO `empresa_contacto` VALUES (965, 1104);
INSERT INTO `empresa_contacto` VALUES (783, 1105);
INSERT INTO `empresa_contacto` VALUES (736, 1106);
INSERT INTO `empresa_contacto` VALUES (737, 1107);
INSERT INTO `empresa_contacto` VALUES (741, 1109);
INSERT INTO `empresa_contacto` VALUES (335, 1110);
INSERT INTO `empresa_contacto` VALUES (335, 1111);
INSERT INTO `empresa_contacto` VALUES (434, 1112);
INSERT INTO `empresa_contacto` VALUES (434, 1113);
INSERT INTO `empresa_contacto` VALUES (622, 1114);
INSERT INTO `empresa_contacto` VALUES (272, 1115);
INSERT INTO `empresa_contacto` VALUES (272, 1116);
INSERT INTO `empresa_contacto` VALUES (1082, 1117);
INSERT INTO `empresa_contacto` VALUES (1082, 1118);
INSERT INTO `empresa_contacto` VALUES (1082, 1120);
INSERT INTO `empresa_contacto` VALUES (207, 1121);
INSERT INTO `empresa_contacto` VALUES (1083, 1122);
INSERT INTO `empresa_contacto` VALUES (1083, 1123);
INSERT INTO `empresa_contacto` VALUES (1083, 1124);
INSERT INTO `empresa_contacto` VALUES (1084, 1125);
INSERT INTO `empresa_contacto` VALUES (1084, 1126);
INSERT INTO `empresa_contacto` VALUES (1084, 1127);
INSERT INTO `empresa_contacto` VALUES (1085, 1131);
INSERT INTO `empresa_contacto` VALUES (291, 1132);
INSERT INTO `empresa_contacto` VALUES (1086, 1133);
INSERT INTO `empresa_contacto` VALUES (1087, 1135);
INSERT INTO `empresa_contacto` VALUES (1087, 1136);
INSERT INTO `empresa_contacto` VALUES (1088, 1137);
INSERT INTO `empresa_contacto` VALUES (1089, 1139);
INSERT INTO `empresa_contacto` VALUES (1090, 1140);
INSERT INTO `empresa_contacto` VALUES (1091, 1141);
INSERT INTO `empresa_contacto` VALUES (1085, 1142);
INSERT INTO `empresa_contacto` VALUES (1085, 1143);
INSERT INTO `empresa_contacto` VALUES (1085, 1144);
INSERT INTO `empresa_contacto` VALUES (1092, 1145);
INSERT INTO `empresa_contacto` VALUES (1092, 1146);
INSERT INTO `empresa_contacto` VALUES (1073, 1147);
INSERT INTO `empresa_contacto` VALUES (557, 1148);
INSERT INTO `empresa_contacto` VALUES (1092, 1149);
INSERT INTO `empresa_contacto` VALUES (1093, 1150);
INSERT INTO `empresa_contacto` VALUES (1094, 1151);
INSERT INTO `empresa_contacto` VALUES (262, 1152);
INSERT INTO `empresa_contacto` VALUES (1095, 1153);
INSERT INTO `empresa_contacto` VALUES (1095, 1154);
INSERT INTO `empresa_contacto` VALUES (1096, 1155);
INSERT INTO `empresa_contacto` VALUES (1096, 1156);
INSERT INTO `empresa_contacto` VALUES (1097, 1157);
INSERT INTO `empresa_contacto` VALUES (1097, 1158);
INSERT INTO `empresa_contacto` VALUES (1098, 1159);
INSERT INTO `empresa_contacto` VALUES (1099, 1160);
INSERT INTO `empresa_contacto` VALUES (1100, 1161);
INSERT INTO `empresa_contacto` VALUES (1101, 1162);
INSERT INTO `empresa_contacto` VALUES (1101, 1163);
INSERT INTO `empresa_contacto` VALUES (1101, 1164);
INSERT INTO `empresa_contacto` VALUES (1087, 1165);
INSERT INTO `empresa_contacto` VALUES (1102, 1166);
INSERT INTO `empresa_contacto` VALUES (1102, 1167);
INSERT INTO `empresa_contacto` VALUES (1103, 1168);
INSERT INTO `empresa_contacto` VALUES (1103, 1169);
INSERT INTO `empresa_contacto` VALUES (1103, 1170);
INSERT INTO `empresa_contacto` VALUES (1104, 1171);
INSERT INTO `empresa_contacto` VALUES (1105, 1172);
INSERT INTO `empresa_contacto` VALUES (1105, 1173);
INSERT INTO `empresa_contacto` VALUES (1105, 1174);
INSERT INTO `empresa_contacto` VALUES (1106, 1175);
INSERT INTO `empresa_contacto` VALUES (1107, 1176);
INSERT INTO `empresa_contacto` VALUES (1108, 1177);
INSERT INTO `empresa_contacto` VALUES (239, 1178);
INSERT INTO `empresa_contacto` VALUES (1110, 1179);
INSERT INTO `empresa_contacto` VALUES (1110, 1180);
INSERT INTO `empresa_contacto` VALUES (1111, 1181);
INSERT INTO `empresa_contacto` VALUES (1112, 1182);
INSERT INTO `empresa_contacto` VALUES (1064, 1183);
INSERT INTO `empresa_contacto` VALUES (1113, 1184);
INSERT INTO `empresa_contacto` VALUES (1113, 1185);
INSERT INTO `empresa_contacto` VALUES (1113, 1186);
INSERT INTO `empresa_contacto` VALUES (1114, 1187);
INSERT INTO `empresa_contacto` VALUES (1114, 1188);
INSERT INTO `empresa_contacto` VALUES (1064, 1190);
INSERT INTO `empresa_contacto` VALUES (1115, 1191);
INSERT INTO `empresa_contacto` VALUES (1116, 1192);
INSERT INTO `empresa_contacto` VALUES (1117, 1193);
INSERT INTO `empresa_contacto` VALUES (1118, 1194);
INSERT INTO `empresa_contacto` VALUES (1064, 1195);
INSERT INTO `empresa_contacto` VALUES (1119, 1196);
INSERT INTO `empresa_contacto` VALUES (1120, 1197);
INSERT INTO `empresa_contacto` VALUES (1121, 1198);
INSERT INTO `empresa_contacto` VALUES (1122, 1199);
INSERT INTO `empresa_contacto` VALUES (1123, 1200);
INSERT INTO `empresa_contacto` VALUES (1124, 1201);
INSERT INTO `empresa_contacto` VALUES (1124, 1202);
INSERT INTO `empresa_contacto` VALUES (1125, 1203);
INSERT INTO `empresa_contacto` VALUES (1085, 1205);
INSERT INTO `empresa_contacto` VALUES (1127, 1207);
INSERT INTO `empresa_contacto` VALUES (1128, 1208);
INSERT INTO `empresa_contacto` VALUES (466, 1209);
INSERT INTO `empresa_contacto` VALUES (466, 1210);
INSERT INTO `empresa_contacto` VALUES (660, 1211);
INSERT INTO `empresa_contacto` VALUES (1129, 1212);
INSERT INTO `empresa_contacto` VALUES (1130, 1213);
INSERT INTO `empresa_contacto` VALUES (1085, 1214);
INSERT INTO `empresa_contacto` VALUES (1131, 1215);
INSERT INTO `empresa_contacto` VALUES (1132, 1216);
INSERT INTO `empresa_contacto` VALUES (1132, 1217);
INSERT INTO `empresa_contacto` VALUES (827, 1218);
INSERT INTO `empresa_contacto` VALUES (827, 1219);
INSERT INTO `empresa_contacto` VALUES (972, 1220);
INSERT INTO `empresa_contacto` VALUES (972, 1221);
INSERT INTO `empresa_contacto` VALUES (1133, 1222);
INSERT INTO `empresa_contacto` VALUES (1133, 1223);
INSERT INTO `empresa_contacto` VALUES (1135, 1224);
INSERT INTO `empresa_contacto` VALUES (1136, 1225);
INSERT INTO `empresa_contacto` VALUES (205, 1226);
INSERT INTO `empresa_contacto` VALUES (161, 1227);
INSERT INTO `empresa_contacto` VALUES (557, 1228);
INSERT INTO `empresa_contacto` VALUES (1137, 1229);
INSERT INTO `empresa_contacto` VALUES (1137, 1230);
INSERT INTO `empresa_contacto` VALUES (952, 1231);
INSERT INTO `empresa_contacto` VALUES (952, 1233);
INSERT INTO `empresa_contacto` VALUES (768, 1234);
INSERT INTO `empresa_contacto` VALUES (768, 1235);
INSERT INTO `empresa_contacto` VALUES (828, 1236);
INSERT INTO `empresa_contacto` VALUES (260, 1237);
INSERT INTO `empresa_contacto` VALUES (1138, 1238);
INSERT INTO `empresa_contacto` VALUES (1131, 1239);
INSERT INTO `empresa_contacto` VALUES (1139, 1241);
INSERT INTO `empresa_contacto` VALUES (1140, 1243);
INSERT INTO `empresa_contacto` VALUES (1140, 1244);
INSERT INTO `empresa_contacto` VALUES (1140, 1245);
INSERT INTO `empresa_contacto` VALUES (1141, 1246);
INSERT INTO `empresa_contacto` VALUES (1141, 1248);
INSERT INTO `empresa_contacto` VALUES (1142, 1250);
INSERT INTO `empresa_contacto` VALUES (1143, 1251);
INSERT INTO `empresa_contacto` VALUES (1144, 1252);
INSERT INTO `empresa_contacto` VALUES (265, 1253);
INSERT INTO `empresa_contacto` VALUES (564, 1254);
INSERT INTO `empresa_contacto` VALUES (1058, 1255);
INSERT INTO `empresa_contacto` VALUES (1058, 1256);
INSERT INTO `empresa_contacto` VALUES (150, 1257);
INSERT INTO `empresa_contacto` VALUES (1022, 1258);
INSERT INTO `empresa_contacto` VALUES (256, 1259);
INSERT INTO `empresa_contacto` VALUES (244, 1260);
INSERT INTO `empresa_contacto` VALUES (231, 1261);
INSERT INTO `empresa_contacto` VALUES (222, 1262);
INSERT INTO `empresa_contacto` VALUES (215, 1263);
INSERT INTO `empresa_contacto` VALUES (203, 1264);
INSERT INTO `empresa_contacto` VALUES (189, 1265);
INSERT INTO `empresa_contacto` VALUES (185, 1266);
INSERT INTO `empresa_contacto` VALUES (174, 1267);
INSERT INTO `empresa_contacto` VALUES (153, 1268);
INSERT INTO `empresa_contacto` VALUES (799, 1269);
INSERT INTO `empresa_contacto` VALUES (1023, 1270);
INSERT INTO `empresa_contacto` VALUES (331, 1271);
INSERT INTO `empresa_contacto` VALUES (288, 1272);
INSERT INTO `empresa_contacto` VALUES (288, 1273);
INSERT INTO `empresa_contacto` VALUES (1054, 1274);
INSERT INTO `empresa_contacto` VALUES (1043, 1275);
INSERT INTO `empresa_contacto` VALUES (1131, 1276);
INSERT INTO `empresa_contacto` VALUES (1145, 1277);
INSERT INTO `empresa_contacto` VALUES (1145, 1278);
INSERT INTO `empresa_contacto` VALUES (1146, 1279);
INSERT INTO `empresa_contacto` VALUES (1147, 1280);
INSERT INTO `empresa_contacto` VALUES (1085, 1281);
INSERT INTO `empresa_contacto` VALUES (1148, 1283);
INSERT INTO `empresa_contacto` VALUES (1148, 1284);
INSERT INTO `empresa_contacto` VALUES (960, 1285);
INSERT INTO `empresa_contacto` VALUES (960, 1286);
INSERT INTO `empresa_contacto` VALUES (960, 1287);
INSERT INTO `empresa_contacto` VALUES (960, 1288);
INSERT INTO `empresa_contacto` VALUES (960, 1289);
INSERT INTO `empresa_contacto` VALUES (1113, 1291);
INSERT INTO `empresa_contacto` VALUES (1113, 1292);
INSERT INTO `empresa_contacto` VALUES (942, 1293);
INSERT INTO `empresa_contacto` VALUES (1149, 1294);
INSERT INTO `empresa_contacto` VALUES (1150, 1295);
INSERT INTO `empresa_contacto` VALUES (463, 1296);
INSERT INTO `empresa_contacto` VALUES (1151, 1297);
INSERT INTO `empresa_contacto` VALUES (1151, 1298);
INSERT INTO `empresa_contacto` VALUES (1152, 1300);
INSERT INTO `empresa_contacto` VALUES (1152, 1301);
INSERT INTO `empresa_contacto` VALUES (1153, 1303);
INSERT INTO `empresa_contacto` VALUES (1098, 1304);
INSERT INTO `empresa_contacto` VALUES (251, 1305);
INSERT INTO `empresa_contacto` VALUES (340, 1306);
INSERT INTO `empresa_contacto` VALUES (340, 1307);
INSERT INTO `empresa_contacto` VALUES (1153, 1308);
INSERT INTO `empresa_contacto` VALUES (792, 1309);
INSERT INTO `empresa_contacto` VALUES (1154, 1310);
INSERT INTO `empresa_contacto` VALUES (1154, 1311);
INSERT INTO `empresa_contacto` VALUES (1155, 1312);
INSERT INTO `empresa_contacto` VALUES (1155, 1313);
INSERT INTO `empresa_contacto` VALUES (735, 1314);
INSERT INTO `empresa_contacto` VALUES (286, 1316);
INSERT INTO `empresa_contacto` VALUES (1156, 1317);
INSERT INTO `empresa_contacto` VALUES (1156, 1318);
INSERT INTO `empresa_contacto` VALUES (1151, 1319);
INSERT INTO `empresa_contacto` VALUES (1157, 1320);
INSERT INTO `empresa_contacto` VALUES (1158, 1321);
INSERT INTO `empresa_contacto` VALUES (1158, 1322);
INSERT INTO `empresa_contacto` VALUES (1159, 1323);
INSERT INTO `empresa_contacto` VALUES (1160, 1324);
INSERT INTO `empresa_contacto` VALUES (1160, 1325);
INSERT INTO `empresa_contacto` VALUES (1151, 1326);
INSERT INTO `empresa_contacto` VALUES (1151, 1327);
INSERT INTO `empresa_contacto` VALUES (1161, 1328);
INSERT INTO `empresa_contacto` VALUES (1161, 1329);
INSERT INTO `empresa_contacto` VALUES (1162, 1330);
INSERT INTO `empresa_contacto` VALUES (1163, 1331);
INSERT INTO `empresa_contacto` VALUES (1164, 1333);
INSERT INTO `empresa_contacto` VALUES (1164, 1334);
INSERT INTO `empresa_contacto` VALUES (1165, 1335);
INSERT INTO `empresa_contacto` VALUES (1166, 1336);
INSERT INTO `empresa_contacto` VALUES (1166, 1337);
INSERT INTO `empresa_contacto` VALUES (139, 1338);
INSERT INTO `empresa_contacto` VALUES (1167, 1339);
INSERT INTO `empresa_contacto` VALUES (1168, 1340);
INSERT INTO `empresa_contacto` VALUES (1168, 1341);
INSERT INTO `empresa_contacto` VALUES (1026, 1342);
INSERT INTO `empresa_contacto` VALUES (1169, 1343);
INSERT INTO `empresa_contacto` VALUES (1169, 1344);
INSERT INTO `empresa_contacto` VALUES (1166, 1345);
INSERT INTO `empresa_contacto` VALUES (1166, 1346);
INSERT INTO `empresa_contacto` VALUES (1171, 1348);
INSERT INTO `empresa_contacto` VALUES (1172, 1349);
INSERT INTO `empresa_contacto` VALUES (1173, 1350);
INSERT INTO `empresa_contacto` VALUES (1174, 1351);
INSERT INTO `empresa_contacto` VALUES (1174, 1352);
INSERT INTO `empresa_contacto` VALUES (1174, 1353);
INSERT INTO `empresa_contacto` VALUES (1175, 1354);
INSERT INTO `empresa_contacto` VALUES (1176, 1355);
INSERT INTO `empresa_contacto` VALUES (1177, 1356);
INSERT INTO `empresa_contacto` VALUES (1178, 1357);
INSERT INTO `empresa_contacto` VALUES (557, 1358);
INSERT INTO `empresa_contacto` VALUES (1179, 1359);
INSERT INTO `empresa_contacto` VALUES (1179, 1360);
INSERT INTO `empresa_contacto` VALUES (1053, 1361);
INSERT INTO `empresa_contacto` VALUES (1180, 1362);
INSERT INTO `empresa_contacto` VALUES (1168, 1363);
INSERT INTO `empresa_contacto` VALUES (1168, 1364);
INSERT INTO `empresa_contacto` VALUES (1170, 1365);
INSERT INTO `empresa_contacto` VALUES (1170, 1366);
INSERT INTO `empresa_contacto` VALUES (947, 1367);
INSERT INTO `empresa_contacto` VALUES (1181, 1368);
INSERT INTO `empresa_contacto` VALUES (1182, 1369);
INSERT INTO `empresa_contacto` VALUES (1182, 1370);
INSERT INTO `empresa_contacto` VALUES (1182, 1371);
INSERT INTO `empresa_contacto` VALUES (1183, 1372);
INSERT INTO `empresa_contacto` VALUES (1184, 1373);
INSERT INTO `empresa_contacto` VALUES (1184, 1374);
INSERT INTO `empresa_contacto` VALUES (1185, 1375);
INSERT INTO `empresa_contacto` VALUES (1186, 1376);
INSERT INTO `empresa_contacto` VALUES (1186, 1377);
INSERT INTO `empresa_contacto` VALUES (1186, 1378);
INSERT INTO `empresa_contacto` VALUES (216, 1379);
INSERT INTO `empresa_contacto` VALUES (216, 1380);
INSERT INTO `empresa_contacto` VALUES (1157, 1381);
INSERT INTO `empresa_contacto` VALUES (1187, 1383);
INSERT INTO `empresa_contacto` VALUES (994, 1384);
INSERT INTO `empresa_contacto` VALUES (1011, 1385);
INSERT INTO `empresa_contacto` VALUES (1011, 1386);
INSERT INTO `empresa_contacto` VALUES (1011, 1387);
INSERT INTO `empresa_contacto` VALUES (763, 1388);
INSERT INTO `empresa_contacto` VALUES (1188, 1389);
INSERT INTO `empresa_contacto` VALUES (1189, 1390);
INSERT INTO `empresa_contacto` VALUES (1189, 1391);
INSERT INTO `empresa_contacto` VALUES (209, 1392);
INSERT INTO `empresa_contacto` VALUES (1190, 1393);
INSERT INTO `empresa_contacto` VALUES (920, 1394);
INSERT INTO `empresa_contacto` VALUES (1191, 1395);
INSERT INTO `empresa_contacto` VALUES (719, 1396);
INSERT INTO `empresa_contacto` VALUES (719, 1397);
INSERT INTO `empresa_contacto` VALUES (719, 1399);
INSERT INTO `empresa_contacto` VALUES (719, 1400);
INSERT INTO `empresa_contacto` VALUES (719, 1401);
INSERT INTO `empresa_contacto` VALUES (783, 1402);
INSERT INTO `empresa_contacto` VALUES (1192, 1403);
INSERT INTO `empresa_contacto` VALUES (1192, 1404);
INSERT INTO `empresa_contacto` VALUES (1192, 1405);
INSERT INTO `empresa_contacto` VALUES (1193, 1406);
INSERT INTO `empresa_contacto` VALUES (1193, 1407);
INSERT INTO `empresa_contacto` VALUES (1194, 1408);
INSERT INTO `empresa_contacto` VALUES (1194, 1409);
INSERT INTO `empresa_contacto` VALUES (1193, 1410);
INSERT INTO `empresa_contacto` VALUES (1018, 1411);
INSERT INTO `empresa_contacto` VALUES (1018, 1412);
INSERT INTO `empresa_contacto` VALUES (1053, 1413);
INSERT INTO `empresa_contacto` VALUES (1053, 1414);
INSERT INTO `empresa_contacto` VALUES (1000, 1415);
INSERT INTO `empresa_contacto` VALUES (1000, 1416);
INSERT INTO `empresa_contacto` VALUES (1000, 1418);
INSERT INTO `empresa_contacto` VALUES (1195, 1419);
INSERT INTO `empresa_contacto` VALUES (1195, 1420);
INSERT INTO `empresa_contacto` VALUES (1196, 1421);
INSERT INTO `empresa_contacto` VALUES (1197, 1422);
INSERT INTO `empresa_contacto` VALUES (1198, 1423);
INSERT INTO `empresa_contacto` VALUES (1198, 1424);
INSERT INTO `empresa_contacto` VALUES (1198, 1426);
INSERT INTO `empresa_contacto` VALUES (1199, 1427);
INSERT INTO `empresa_contacto` VALUES (1200, 1428);
INSERT INTO `empresa_contacto` VALUES (1201, 1429);
INSERT INTO `empresa_contacto` VALUES (948, 1312);
INSERT INTO `empresa_contacto` VALUES (1154, 1313);

-- ----------------------------
-- Table structure for empresa_direccion
-- ----------------------------
DROP TABLE IF EXISTS `empresa_direccion`;
CREATE TABLE `empresa_direccion`  (
  `id_empresa` bigint(20) NOT NULL,
  `id_direccion` bigint(20) NOT NULL,
  INDEX `FK_empresa_rubro`(`id_empresa`) USING BTREE,
  INDEX `FK_rubro_empresa`(`id_direccion`) USING BTREE,
  CONSTRAINT `empresa_direccion_ibfk_1` FOREIGN KEY (`id_empresa`) REFERENCES `empresa` (`id_empresa`) ON DELETE CASCADE ON UPDATE CASCADE,
  CONSTRAINT `empresa_direccion_ibfk_2` FOREIGN KEY (`id_direccion`) REFERENCES `ubi_direccion` (`id_direccion`) ON DELETE CASCADE ON UPDATE CASCADE
) ENGINE = InnoDB CHARACTER SET = utf8 COLLATE = utf8_unicode_ci ROW_FORMAT = Compact;

-- ----------------------------
-- Records of empresa_direccion
-- ----------------------------
INSERT INTO `empresa_direccion` VALUES (2, 2);
INSERT INTO `empresa_direccion` VALUES (3, 3);
INSERT INTO `empresa_direccion` VALUES (100, 100);
INSERT INTO `empresa_direccion` VALUES (102, 102);
INSERT INTO `empresa_direccion` VALUES (104, 104);
INSERT INTO `empresa_direccion` VALUES (105, 105);
INSERT INTO `empresa_direccion` VALUES (106, 106);
INSERT INTO `empresa_direccion` VALUES (107, 107);
INSERT INTO `empresa_direccion` VALUES (108, 108);
INSERT INTO `empresa_direccion` VALUES (111, 111);
INSERT INTO `empresa_direccion` VALUES (113, 113);
INSERT INTO `empresa_direccion` VALUES (114, 114);
INSERT INTO `empresa_direccion` VALUES (115, 115);
INSERT INTO `empresa_direccion` VALUES (116, 116);
INSERT INTO `empresa_direccion` VALUES (117, 117);
INSERT INTO `empresa_direccion` VALUES (118, 118);
INSERT INTO `empresa_direccion` VALUES (120, 120);
INSERT INTO `empresa_direccion` VALUES (121, 121);
INSERT INTO `empresa_direccion` VALUES (122, 122);
INSERT INTO `empresa_direccion` VALUES (123, 123);
INSERT INTO `empresa_direccion` VALUES (126, 126);
INSERT INTO `empresa_direccion` VALUES (128, 128);
INSERT INTO `empresa_direccion` VALUES (129, 129);
INSERT INTO `empresa_direccion` VALUES (130, 130);
INSERT INTO `empresa_direccion` VALUES (131, 131);
INSERT INTO `empresa_direccion` VALUES (132, 132);
INSERT INTO `empresa_direccion` VALUES (133, 133);
INSERT INTO `empresa_direccion` VALUES (135, 135);
INSERT INTO `empresa_direccion` VALUES (137, 137);
INSERT INTO `empresa_direccion` VALUES (138, 138);
INSERT INTO `empresa_direccion` VALUES (139, 139);
INSERT INTO `empresa_direccion` VALUES (141, 141);
INSERT INTO `empresa_direccion` VALUES (142, 142);
INSERT INTO `empresa_direccion` VALUES (143, 143);
INSERT INTO `empresa_direccion` VALUES (144, 144);
INSERT INTO `empresa_direccion` VALUES (146, 146);
INSERT INTO `empresa_direccion` VALUES (147, 147);
INSERT INTO `empresa_direccion` VALUES (150, 150);
INSERT INTO `empresa_direccion` VALUES (152, 152);
INSERT INTO `empresa_direccion` VALUES (153, 153);
INSERT INTO `empresa_direccion` VALUES (154, 154);
INSERT INTO `empresa_direccion` VALUES (155, 155);
INSERT INTO `empresa_direccion` VALUES (156, 156);
INSERT INTO `empresa_direccion` VALUES (157, 157);
INSERT INTO `empresa_direccion` VALUES (159, 159);
INSERT INTO `empresa_direccion` VALUES (160, 160);
INSERT INTO `empresa_direccion` VALUES (161, 161);
INSERT INTO `empresa_direccion` VALUES (165, 165);
INSERT INTO `empresa_direccion` VALUES (166, 166);
INSERT INTO `empresa_direccion` VALUES (167, 167);
INSERT INTO `empresa_direccion` VALUES (168, 168);
INSERT INTO `empresa_direccion` VALUES (169, 169);
INSERT INTO `empresa_direccion` VALUES (170, 170);
INSERT INTO `empresa_direccion` VALUES (172, 172);
INSERT INTO `empresa_direccion` VALUES (174, 174);
INSERT INTO `empresa_direccion` VALUES (176, 176);
INSERT INTO `empresa_direccion` VALUES (178, 178);
INSERT INTO `empresa_direccion` VALUES (180, 180);
INSERT INTO `empresa_direccion` VALUES (181, 181);
INSERT INTO `empresa_direccion` VALUES (183, 183);
INSERT INTO `empresa_direccion` VALUES (184, 184);
INSERT INTO `empresa_direccion` VALUES (185, 185);
INSERT INTO `empresa_direccion` VALUES (189, 189);
INSERT INTO `empresa_direccion` VALUES (190, 190);
INSERT INTO `empresa_direccion` VALUES (191, 191);
INSERT INTO `empresa_direccion` VALUES (192, 192);
INSERT INTO `empresa_direccion` VALUES (194, 194);
INSERT INTO `empresa_direccion` VALUES (196, 196);
INSERT INTO `empresa_direccion` VALUES (198, 198);
INSERT INTO `empresa_direccion` VALUES (201, 201);
INSERT INTO `empresa_direccion` VALUES (202, 202);
INSERT INTO `empresa_direccion` VALUES (203, 203);
INSERT INTO `empresa_direccion` VALUES (204, 204);
INSERT INTO `empresa_direccion` VALUES (205, 205);
INSERT INTO `empresa_direccion` VALUES (206, 206);
INSERT INTO `empresa_direccion` VALUES (207, 207);
INSERT INTO `empresa_direccion` VALUES (209, 209);
INSERT INTO `empresa_direccion` VALUES (212, 212);
INSERT INTO `empresa_direccion` VALUES (213, 213);
INSERT INTO `empresa_direccion` VALUES (215, 215);
INSERT INTO `empresa_direccion` VALUES (216, 216);
INSERT INTO `empresa_direccion` VALUES (217, 217);
INSERT INTO `empresa_direccion` VALUES (219, 219);
INSERT INTO `empresa_direccion` VALUES (220, 220);
INSERT INTO `empresa_direccion` VALUES (221, 221);
INSERT INTO `empresa_direccion` VALUES (222, 222);
INSERT INTO `empresa_direccion` VALUES (223, 223);
INSERT INTO `empresa_direccion` VALUES (225, 225);
INSERT INTO `empresa_direccion` VALUES (226, 226);
INSERT INTO `empresa_direccion` VALUES (228, 228);
INSERT INTO `empresa_direccion` VALUES (230, 230);
INSERT INTO `empresa_direccion` VALUES (231, 231);
INSERT INTO `empresa_direccion` VALUES (232, 232);
INSERT INTO `empresa_direccion` VALUES (233, 233);
INSERT INTO `empresa_direccion` VALUES (234, 234);
INSERT INTO `empresa_direccion` VALUES (235, 235);
INSERT INTO `empresa_direccion` VALUES (236, 236);
INSERT INTO `empresa_direccion` VALUES (237, 237);
INSERT INTO `empresa_direccion` VALUES (238, 238);
INSERT INTO `empresa_direccion` VALUES (239, 239);
INSERT INTO `empresa_direccion` VALUES (241, 241);
INSERT INTO `empresa_direccion` VALUES (242, 242);
INSERT INTO `empresa_direccion` VALUES (243, 243);
INSERT INTO `empresa_direccion` VALUES (244, 244);
INSERT INTO `empresa_direccion` VALUES (246, 246);
INSERT INTO `empresa_direccion` VALUES (247, 247);
INSERT INTO `empresa_direccion` VALUES (251, 251);
INSERT INTO `empresa_direccion` VALUES (252, 252);
INSERT INTO `empresa_direccion` VALUES (253, 253);
INSERT INTO `empresa_direccion` VALUES (255, 255);
INSERT INTO `empresa_direccion` VALUES (256, 256);
INSERT INTO `empresa_direccion` VALUES (257, 257);
INSERT INTO `empresa_direccion` VALUES (258, 258);
INSERT INTO `empresa_direccion` VALUES (259, 259);
INSERT INTO `empresa_direccion` VALUES (260, 260);
INSERT INTO `empresa_direccion` VALUES (261, 261);
INSERT INTO `empresa_direccion` VALUES (262, 262);
INSERT INTO `empresa_direccion` VALUES (263, 263);
INSERT INTO `empresa_direccion` VALUES (265, 265);
INSERT INTO `empresa_direccion` VALUES (268, 268);
INSERT INTO `empresa_direccion` VALUES (270, 270);
INSERT INTO `empresa_direccion` VALUES (271, 271);
INSERT INTO `empresa_direccion` VALUES (272, 272);
INSERT INTO `empresa_direccion` VALUES (273, 273);
INSERT INTO `empresa_direccion` VALUES (274, 274);
INSERT INTO `empresa_direccion` VALUES (275, 275);
INSERT INTO `empresa_direccion` VALUES (277, 277);
INSERT INTO `empresa_direccion` VALUES (278, 278);
INSERT INTO `empresa_direccion` VALUES (280, 280);
INSERT INTO `empresa_direccion` VALUES (281, 281);
INSERT INTO `empresa_direccion` VALUES (284, 284);
INSERT INTO `empresa_direccion` VALUES (285, 285);
INSERT INTO `empresa_direccion` VALUES (286, 286);
INSERT INTO `empresa_direccion` VALUES (287, 287);
INSERT INTO `empresa_direccion` VALUES (288, 288);
INSERT INTO `empresa_direccion` VALUES (289, 289);
INSERT INTO `empresa_direccion` VALUES (291, 291);
INSERT INTO `empresa_direccion` VALUES (292, 292);
INSERT INTO `empresa_direccion` VALUES (293, 293);
INSERT INTO `empresa_direccion` VALUES (295, 295);
INSERT INTO `empresa_direccion` VALUES (296, 296);
INSERT INTO `empresa_direccion` VALUES (298, 298);
INSERT INTO `empresa_direccion` VALUES (299, 299);
INSERT INTO `empresa_direccion` VALUES (301, 301);
INSERT INTO `empresa_direccion` VALUES (302, 302);
INSERT INTO `empresa_direccion` VALUES (303, 303);
INSERT INTO `empresa_direccion` VALUES (304, 304);
INSERT INTO `empresa_direccion` VALUES (305, 305);
INSERT INTO `empresa_direccion` VALUES (306, 306);
INSERT INTO `empresa_direccion` VALUES (307, 307);
INSERT INTO `empresa_direccion` VALUES (308, 308);
INSERT INTO `empresa_direccion` VALUES (309, 309);
INSERT INTO `empresa_direccion` VALUES (310, 310);
INSERT INTO `empresa_direccion` VALUES (312, 312);
INSERT INTO `empresa_direccion` VALUES (313, 313);
INSERT INTO `empresa_direccion` VALUES (314, 314);
INSERT INTO `empresa_direccion` VALUES (315, 315);
INSERT INTO `empresa_direccion` VALUES (316, 316);
INSERT INTO `empresa_direccion` VALUES (317, 317);
INSERT INTO `empresa_direccion` VALUES (318, 318);
INSERT INTO `empresa_direccion` VALUES (319, 319);
INSERT INTO `empresa_direccion` VALUES (320, 320);
INSERT INTO `empresa_direccion` VALUES (321, 321);
INSERT INTO `empresa_direccion` VALUES (322, 322);
INSERT INTO `empresa_direccion` VALUES (324, 324);
INSERT INTO `empresa_direccion` VALUES (325, 325);
INSERT INTO `empresa_direccion` VALUES (326, 326);
INSERT INTO `empresa_direccion` VALUES (327, 327);
INSERT INTO `empresa_direccion` VALUES (328, 328);
INSERT INTO `empresa_direccion` VALUES (329, 329);
INSERT INTO `empresa_direccion` VALUES (330, 330);
INSERT INTO `empresa_direccion` VALUES (331, 331);
INSERT INTO `empresa_direccion` VALUES (332, 332);
INSERT INTO `empresa_direccion` VALUES (333, 333);
INSERT INTO `empresa_direccion` VALUES (334, 334);
INSERT INTO `empresa_direccion` VALUES (335, 335);
INSERT INTO `empresa_direccion` VALUES (336, 336);
INSERT INTO `empresa_direccion` VALUES (337, 337);
INSERT INTO `empresa_direccion` VALUES (338, 338);
INSERT INTO `empresa_direccion` VALUES (339, 339);
INSERT INTO `empresa_direccion` VALUES (340, 340);
INSERT INTO `empresa_direccion` VALUES (341, 341);
INSERT INTO `empresa_direccion` VALUES (342, 342);
INSERT INTO `empresa_direccion` VALUES (344, 344);
INSERT INTO `empresa_direccion` VALUES (345, 345);
INSERT INTO `empresa_direccion` VALUES (346, 346);
INSERT INTO `empresa_direccion` VALUES (347, 347);
INSERT INTO `empresa_direccion` VALUES (348, 348);
INSERT INTO `empresa_direccion` VALUES (349, 349);
INSERT INTO `empresa_direccion` VALUES (350, 350);
INSERT INTO `empresa_direccion` VALUES (352, 352);
INSERT INTO `empresa_direccion` VALUES (353, 353);
INSERT INTO `empresa_direccion` VALUES (354, 354);
INSERT INTO `empresa_direccion` VALUES (356, 356);
INSERT INTO `empresa_direccion` VALUES (357, 357);
INSERT INTO `empresa_direccion` VALUES (358, 358);
INSERT INTO `empresa_direccion` VALUES (360, 360);
INSERT INTO `empresa_direccion` VALUES (361, 361);
INSERT INTO `empresa_direccion` VALUES (363, 363);
INSERT INTO `empresa_direccion` VALUES (364, 364);
INSERT INTO `empresa_direccion` VALUES (366, 366);
INSERT INTO `empresa_direccion` VALUES (367, 367);
INSERT INTO `empresa_direccion` VALUES (369, 369);
INSERT INTO `empresa_direccion` VALUES (370, 370);
INSERT INTO `empresa_direccion` VALUES (371, 371);
INSERT INTO `empresa_direccion` VALUES (372, 372);
INSERT INTO `empresa_direccion` VALUES (373, 373);
INSERT INTO `empresa_direccion` VALUES (374, 374);
INSERT INTO `empresa_direccion` VALUES (375, 375);
INSERT INTO `empresa_direccion` VALUES (377, 377);
INSERT INTO `empresa_direccion` VALUES (378, 378);
INSERT INTO `empresa_direccion` VALUES (379, 379);
INSERT INTO `empresa_direccion` VALUES (380, 380);
INSERT INTO `empresa_direccion` VALUES (382, 382);
INSERT INTO `empresa_direccion` VALUES (383, 383);
INSERT INTO `empresa_direccion` VALUES (384, 384);
INSERT INTO `empresa_direccion` VALUES (386, 386);
INSERT INTO `empresa_direccion` VALUES (387, 387);
INSERT INTO `empresa_direccion` VALUES (388, 388);
INSERT INTO `empresa_direccion` VALUES (389, 389);
INSERT INTO `empresa_direccion` VALUES (390, 390);
INSERT INTO `empresa_direccion` VALUES (391, 391);
INSERT INTO `empresa_direccion` VALUES (392, 392);
INSERT INTO `empresa_direccion` VALUES (394, 394);
INSERT INTO `empresa_direccion` VALUES (395, 395);
INSERT INTO `empresa_direccion` VALUES (396, 396);
INSERT INTO `empresa_direccion` VALUES (397, 397);
INSERT INTO `empresa_direccion` VALUES (398, 398);
INSERT INTO `empresa_direccion` VALUES (400, 400);
INSERT INTO `empresa_direccion` VALUES (401, 401);
INSERT INTO `empresa_direccion` VALUES (402, 402);
INSERT INTO `empresa_direccion` VALUES (403, 403);
INSERT INTO `empresa_direccion` VALUES (404, 404);
INSERT INTO `empresa_direccion` VALUES (405, 405);
INSERT INTO `empresa_direccion` VALUES (406, 406);
INSERT INTO `empresa_direccion` VALUES (407, 407);
INSERT INTO `empresa_direccion` VALUES (408, 408);
INSERT INTO `empresa_direccion` VALUES (409, 409);
INSERT INTO `empresa_direccion` VALUES (410, 410);
INSERT INTO `empresa_direccion` VALUES (411, 411);
INSERT INTO `empresa_direccion` VALUES (413, 413);
INSERT INTO `empresa_direccion` VALUES (415, 415);
INSERT INTO `empresa_direccion` VALUES (416, 416);
INSERT INTO `empresa_direccion` VALUES (418, 418);
INSERT INTO `empresa_direccion` VALUES (419, 419);
INSERT INTO `empresa_direccion` VALUES (420, 420);
INSERT INTO `empresa_direccion` VALUES (421, 421);
INSERT INTO `empresa_direccion` VALUES (422, 422);
INSERT INTO `empresa_direccion` VALUES (423, 423);
INSERT INTO `empresa_direccion` VALUES (424, 424);
INSERT INTO `empresa_direccion` VALUES (426, 426);
INSERT INTO `empresa_direccion` VALUES (427, 427);
INSERT INTO `empresa_direccion` VALUES (428, 428);
INSERT INTO `empresa_direccion` VALUES (429, 429);
INSERT INTO `empresa_direccion` VALUES (430, 430);
INSERT INTO `empresa_direccion` VALUES (431, 431);
INSERT INTO `empresa_direccion` VALUES (434, 434);
INSERT INTO `empresa_direccion` VALUES (435, 435);
INSERT INTO `empresa_direccion` VALUES (436, 436);
INSERT INTO `empresa_direccion` VALUES (437, 437);
INSERT INTO `empresa_direccion` VALUES (438, 438);
INSERT INTO `empresa_direccion` VALUES (439, 439);
INSERT INTO `empresa_direccion` VALUES (440, 440);
INSERT INTO `empresa_direccion` VALUES (441, 441);
INSERT INTO `empresa_direccion` VALUES (442, 442);
INSERT INTO `empresa_direccion` VALUES (444, 444);
INSERT INTO `empresa_direccion` VALUES (445, 445);
INSERT INTO `empresa_direccion` VALUES (446, 446);
INSERT INTO `empresa_direccion` VALUES (447, 447);
INSERT INTO `empresa_direccion` VALUES (448, 448);
INSERT INTO `empresa_direccion` VALUES (450, 450);
INSERT INTO `empresa_direccion` VALUES (451, 451);
INSERT INTO `empresa_direccion` VALUES (453, 453);
INSERT INTO `empresa_direccion` VALUES (454, 454);
INSERT INTO `empresa_direccion` VALUES (455, 455);
INSERT INTO `empresa_direccion` VALUES (456, 456);
INSERT INTO `empresa_direccion` VALUES (457, 457);
INSERT INTO `empresa_direccion` VALUES (458, 458);
INSERT INTO `empresa_direccion` VALUES (459, 459);
INSERT INTO `empresa_direccion` VALUES (460, 460);
INSERT INTO `empresa_direccion` VALUES (462, 462);
INSERT INTO `empresa_direccion` VALUES (463, 463);
INSERT INTO `empresa_direccion` VALUES (464, 464);
INSERT INTO `empresa_direccion` VALUES (465, 465);
INSERT INTO `empresa_direccion` VALUES (466, 466);
INSERT INTO `empresa_direccion` VALUES (467, 467);
INSERT INTO `empresa_direccion` VALUES (468, 468);
INSERT INTO `empresa_direccion` VALUES (469, 469);
INSERT INTO `empresa_direccion` VALUES (470, 470);
INSERT INTO `empresa_direccion` VALUES (471, 471);
INSERT INTO `empresa_direccion` VALUES (473, 473);
INSERT INTO `empresa_direccion` VALUES (475, 475);
INSERT INTO `empresa_direccion` VALUES (477, 477);
INSERT INTO `empresa_direccion` VALUES (478, 478);
INSERT INTO `empresa_direccion` VALUES (479, 479);
INSERT INTO `empresa_direccion` VALUES (481, 481);
INSERT INTO `empresa_direccion` VALUES (483, 483);
INSERT INTO `empresa_direccion` VALUES (484, 484);
INSERT INTO `empresa_direccion` VALUES (485, 485);
INSERT INTO `empresa_direccion` VALUES (486, 486);
INSERT INTO `empresa_direccion` VALUES (488, 488);
INSERT INTO `empresa_direccion` VALUES (489, 489);
INSERT INTO `empresa_direccion` VALUES (491, 491);
INSERT INTO `empresa_direccion` VALUES (492, 492);
INSERT INTO `empresa_direccion` VALUES (493, 493);
INSERT INTO `empresa_direccion` VALUES (494, 494);
INSERT INTO `empresa_direccion` VALUES (496, 496);
INSERT INTO `empresa_direccion` VALUES (498, 498);
INSERT INTO `empresa_direccion` VALUES (499, 499);
INSERT INTO `empresa_direccion` VALUES (500, 500);
INSERT INTO `empresa_direccion` VALUES (501, 501);
INSERT INTO `empresa_direccion` VALUES (503, 503);
INSERT INTO `empresa_direccion` VALUES (505, 505);
INSERT INTO `empresa_direccion` VALUES (506, 506);
INSERT INTO `empresa_direccion` VALUES (507, 507);
INSERT INTO `empresa_direccion` VALUES (509, 509);
INSERT INTO `empresa_direccion` VALUES (510, 510);
INSERT INTO `empresa_direccion` VALUES (512, 512);
INSERT INTO `empresa_direccion` VALUES (514, 514);
INSERT INTO `empresa_direccion` VALUES (516, 516);
INSERT INTO `empresa_direccion` VALUES (517, 517);
INSERT INTO `empresa_direccion` VALUES (518, 518);
INSERT INTO `empresa_direccion` VALUES (519, 519);
INSERT INTO `empresa_direccion` VALUES (520, 520);
INSERT INTO `empresa_direccion` VALUES (521, 521);
INSERT INTO `empresa_direccion` VALUES (522, 522);
INSERT INTO `empresa_direccion` VALUES (523, 523);
INSERT INTO `empresa_direccion` VALUES (524, 524);
INSERT INTO `empresa_direccion` VALUES (525, 525);
INSERT INTO `empresa_direccion` VALUES (526, 526);
INSERT INTO `empresa_direccion` VALUES (527, 527);
INSERT INTO `empresa_direccion` VALUES (528, 528);
INSERT INTO `empresa_direccion` VALUES (529, 529);
INSERT INTO `empresa_direccion` VALUES (530, 530);
INSERT INTO `empresa_direccion` VALUES (531, 531);
INSERT INTO `empresa_direccion` VALUES (532, 532);
INSERT INTO `empresa_direccion` VALUES (533, 533);
INSERT INTO `empresa_direccion` VALUES (534, 534);
INSERT INTO `empresa_direccion` VALUES (535, 535);
INSERT INTO `empresa_direccion` VALUES (537, 537);
INSERT INTO `empresa_direccion` VALUES (538, 538);
INSERT INTO `empresa_direccion` VALUES (539, 539);
INSERT INTO `empresa_direccion` VALUES (540, 540);
INSERT INTO `empresa_direccion` VALUES (541, 541);
INSERT INTO `empresa_direccion` VALUES (542, 542);
INSERT INTO `empresa_direccion` VALUES (543, 543);
INSERT INTO `empresa_direccion` VALUES (544, 544);
INSERT INTO `empresa_direccion` VALUES (545, 545);
INSERT INTO `empresa_direccion` VALUES (546, 546);
INSERT INTO `empresa_direccion` VALUES (547, 547);
INSERT INTO `empresa_direccion` VALUES (548, 548);
INSERT INTO `empresa_direccion` VALUES (549, 549);
INSERT INTO `empresa_direccion` VALUES (550, 550);
INSERT INTO `empresa_direccion` VALUES (552, 552);
INSERT INTO `empresa_direccion` VALUES (553, 553);
INSERT INTO `empresa_direccion` VALUES (554, 554);
INSERT INTO `empresa_direccion` VALUES (555, 555);
INSERT INTO `empresa_direccion` VALUES (557, 557);
INSERT INTO `empresa_direccion` VALUES (558, 558);
INSERT INTO `empresa_direccion` VALUES (559, 559);
INSERT INTO `empresa_direccion` VALUES (560, 560);
INSERT INTO `empresa_direccion` VALUES (562, 562);
INSERT INTO `empresa_direccion` VALUES (563, 563);
INSERT INTO `empresa_direccion` VALUES (564, 564);
INSERT INTO `empresa_direccion` VALUES (565, 565);
INSERT INTO `empresa_direccion` VALUES (567, 567);
INSERT INTO `empresa_direccion` VALUES (568, 568);
INSERT INTO `empresa_direccion` VALUES (570, 570);
INSERT INTO `empresa_direccion` VALUES (571, 571);
INSERT INTO `empresa_direccion` VALUES (572, 572);
INSERT INTO `empresa_direccion` VALUES (573, 573);
INSERT INTO `empresa_direccion` VALUES (574, 574);
INSERT INTO `empresa_direccion` VALUES (575, 575);
INSERT INTO `empresa_direccion` VALUES (576, 576);
INSERT INTO `empresa_direccion` VALUES (577, 577);
INSERT INTO `empresa_direccion` VALUES (579, 579);
INSERT INTO `empresa_direccion` VALUES (580, 580);
INSERT INTO `empresa_direccion` VALUES (583, 583);
INSERT INTO `empresa_direccion` VALUES (584, 584);
INSERT INTO `empresa_direccion` VALUES (586, 586);
INSERT INTO `empresa_direccion` VALUES (587, 587);
INSERT INTO `empresa_direccion` VALUES (589, 589);
INSERT INTO `empresa_direccion` VALUES (590, 590);
INSERT INTO `empresa_direccion` VALUES (591, 591);
INSERT INTO `empresa_direccion` VALUES (592, 592);
INSERT INTO `empresa_direccion` VALUES (593, 593);
INSERT INTO `empresa_direccion` VALUES (594, 594);
INSERT INTO `empresa_direccion` VALUES (595, 595);
INSERT INTO `empresa_direccion` VALUES (597, 597);
INSERT INTO `empresa_direccion` VALUES (598, 598);
INSERT INTO `empresa_direccion` VALUES (599, 599);
INSERT INTO `empresa_direccion` VALUES (600, 600);
INSERT INTO `empresa_direccion` VALUES (601, 601);
INSERT INTO `empresa_direccion` VALUES (602, 602);
INSERT INTO `empresa_direccion` VALUES (603, 603);
INSERT INTO `empresa_direccion` VALUES (604, 604);
INSERT INTO `empresa_direccion` VALUES (605, 605);
INSERT INTO `empresa_direccion` VALUES (606, 606);
INSERT INTO `empresa_direccion` VALUES (608, 608);
INSERT INTO `empresa_direccion` VALUES (610, 610);
INSERT INTO `empresa_direccion` VALUES (611, 611);
INSERT INTO `empresa_direccion` VALUES (613, 613);
INSERT INTO `empresa_direccion` VALUES (614, 614);
INSERT INTO `empresa_direccion` VALUES (615, 615);
INSERT INTO `empresa_direccion` VALUES (616, 616);
INSERT INTO `empresa_direccion` VALUES (617, 617);
INSERT INTO `empresa_direccion` VALUES (618, 618);
INSERT INTO `empresa_direccion` VALUES (619, 619);
INSERT INTO `empresa_direccion` VALUES (620, 620);
INSERT INTO `empresa_direccion` VALUES (621, 621);
INSERT INTO `empresa_direccion` VALUES (622, 622);
INSERT INTO `empresa_direccion` VALUES (623, 623);
INSERT INTO `empresa_direccion` VALUES (624, 624);
INSERT INTO `empresa_direccion` VALUES (625, 625);
INSERT INTO `empresa_direccion` VALUES (626, 626);
INSERT INTO `empresa_direccion` VALUES (627, 627);
INSERT INTO `empresa_direccion` VALUES (628, 628);
INSERT INTO `empresa_direccion` VALUES (632, 632);
INSERT INTO `empresa_direccion` VALUES (633, 633);
INSERT INTO `empresa_direccion` VALUES (635, 635);
INSERT INTO `empresa_direccion` VALUES (636, 636);
INSERT INTO `empresa_direccion` VALUES (637, 637);
INSERT INTO `empresa_direccion` VALUES (638, 638);
INSERT INTO `empresa_direccion` VALUES (639, 639);
INSERT INTO `empresa_direccion` VALUES (640, 640);
INSERT INTO `empresa_direccion` VALUES (642, 642);
INSERT INTO `empresa_direccion` VALUES (643, 643);
INSERT INTO `empresa_direccion` VALUES (644, 644);
INSERT INTO `empresa_direccion` VALUES (646, 646);
INSERT INTO `empresa_direccion` VALUES (647, 647);
INSERT INTO `empresa_direccion` VALUES (648, 648);
INSERT INTO `empresa_direccion` VALUES (649, 649);
INSERT INTO `empresa_direccion` VALUES (650, 650);
INSERT INTO `empresa_direccion` VALUES (651, 651);
INSERT INTO `empresa_direccion` VALUES (652, 652);
INSERT INTO `empresa_direccion` VALUES (654, 654);
INSERT INTO `empresa_direccion` VALUES (655, 655);
INSERT INTO `empresa_direccion` VALUES (656, 656);
INSERT INTO `empresa_direccion` VALUES (657, 657);
INSERT INTO `empresa_direccion` VALUES (658, 658);
INSERT INTO `empresa_direccion` VALUES (659, 659);
INSERT INTO `empresa_direccion` VALUES (660, 660);
INSERT INTO `empresa_direccion` VALUES (661, 661);
INSERT INTO `empresa_direccion` VALUES (662, 662);
INSERT INTO `empresa_direccion` VALUES (663, 663);
INSERT INTO `empresa_direccion` VALUES (664, 664);
INSERT INTO `empresa_direccion` VALUES (666, 666);
INSERT INTO `empresa_direccion` VALUES (667, 667);
INSERT INTO `empresa_direccion` VALUES (668, 668);
INSERT INTO `empresa_direccion` VALUES (670, 670);
INSERT INTO `empresa_direccion` VALUES (671, 671);
INSERT INTO `empresa_direccion` VALUES (672, 672);
INSERT INTO `empresa_direccion` VALUES (673, 673);
INSERT INTO `empresa_direccion` VALUES (674, 674);
INSERT INTO `empresa_direccion` VALUES (676, 676);
INSERT INTO `empresa_direccion` VALUES (677, 677);
INSERT INTO `empresa_direccion` VALUES (678, 678);
INSERT INTO `empresa_direccion` VALUES (679, 679);
INSERT INTO `empresa_direccion` VALUES (680, 680);
INSERT INTO `empresa_direccion` VALUES (682, 682);
INSERT INTO `empresa_direccion` VALUES (684, 684);
INSERT INTO `empresa_direccion` VALUES (685, 685);
INSERT INTO `empresa_direccion` VALUES (686, 686);
INSERT INTO `empresa_direccion` VALUES (688, 688);
INSERT INTO `empresa_direccion` VALUES (689, 689);
INSERT INTO `empresa_direccion` VALUES (691, 691);
INSERT INTO `empresa_direccion` VALUES (692, 692);
INSERT INTO `empresa_direccion` VALUES (693, 693);
INSERT INTO `empresa_direccion` VALUES (695, 695);
INSERT INTO `empresa_direccion` VALUES (696, 696);
INSERT INTO `empresa_direccion` VALUES (698, 698);
INSERT INTO `empresa_direccion` VALUES (699, 699);
INSERT INTO `empresa_direccion` VALUES (700, 700);
INSERT INTO `empresa_direccion` VALUES (701, 701);
INSERT INTO `empresa_direccion` VALUES (702, 702);
INSERT INTO `empresa_direccion` VALUES (703, 703);
INSERT INTO `empresa_direccion` VALUES (704, 704);
INSERT INTO `empresa_direccion` VALUES (706, 706);
INSERT INTO `empresa_direccion` VALUES (707, 707);
INSERT INTO `empresa_direccion` VALUES (709, 709);
INSERT INTO `empresa_direccion` VALUES (710, 710);
INSERT INTO `empresa_direccion` VALUES (711, 711);
INSERT INTO `empresa_direccion` VALUES (713, 713);
INSERT INTO `empresa_direccion` VALUES (717, 717);
INSERT INTO `empresa_direccion` VALUES (718, 718);
INSERT INTO `empresa_direccion` VALUES (719, 719);
INSERT INTO `empresa_direccion` VALUES (720, 720);
INSERT INTO `empresa_direccion` VALUES (721, 721);
INSERT INTO `empresa_direccion` VALUES (722, 722);
INSERT INTO `empresa_direccion` VALUES (724, 724);
INSERT INTO `empresa_direccion` VALUES (725, 725);
INSERT INTO `empresa_direccion` VALUES (726, 726);
INSERT INTO `empresa_direccion` VALUES (728, 728);
INSERT INTO `empresa_direccion` VALUES (729, 729);
INSERT INTO `empresa_direccion` VALUES (730, 730);
INSERT INTO `empresa_direccion` VALUES (731, 731);
INSERT INTO `empresa_direccion` VALUES (732, 732);
INSERT INTO `empresa_direccion` VALUES (733, 733);
INSERT INTO `empresa_direccion` VALUES (734, 734);
INSERT INTO `empresa_direccion` VALUES (735, 735);
INSERT INTO `empresa_direccion` VALUES (736, 736);
INSERT INTO `empresa_direccion` VALUES (737, 737);
INSERT INTO `empresa_direccion` VALUES (739, 739);
INSERT INTO `empresa_direccion` VALUES (741, 741);
INSERT INTO `empresa_direccion` VALUES (742, 742);
INSERT INTO `empresa_direccion` VALUES (743, 743);
INSERT INTO `empresa_direccion` VALUES (744, 744);
INSERT INTO `empresa_direccion` VALUES (745, 745);
INSERT INTO `empresa_direccion` VALUES (746, 746);
INSERT INTO `empresa_direccion` VALUES (747, 747);
INSERT INTO `empresa_direccion` VALUES (748, 748);
INSERT INTO `empresa_direccion` VALUES (749, 749);
INSERT INTO `empresa_direccion` VALUES (750, 750);
INSERT INTO `empresa_direccion` VALUES (751, 751);
INSERT INTO `empresa_direccion` VALUES (752, 752);
INSERT INTO `empresa_direccion` VALUES (753, 753);
INSERT INTO `empresa_direccion` VALUES (754, 754);
INSERT INTO `empresa_direccion` VALUES (755, 755);
INSERT INTO `empresa_direccion` VALUES (756, 756);
INSERT INTO `empresa_direccion` VALUES (757, 757);
INSERT INTO `empresa_direccion` VALUES (758, 758);
INSERT INTO `empresa_direccion` VALUES (759, 759);
INSERT INTO `empresa_direccion` VALUES (761, 761);
INSERT INTO `empresa_direccion` VALUES (763, 763);
INSERT INTO `empresa_direccion` VALUES (765, 765);
INSERT INTO `empresa_direccion` VALUES (766, 766);
INSERT INTO `empresa_direccion` VALUES (767, 767);
INSERT INTO `empresa_direccion` VALUES (768, 768);
INSERT INTO `empresa_direccion` VALUES (769, 769);
INSERT INTO `empresa_direccion` VALUES (770, 770);
INSERT INTO `empresa_direccion` VALUES (773, 773);
INSERT INTO `empresa_direccion` VALUES (774, 774);
INSERT INTO `empresa_direccion` VALUES (775, 775);
INSERT INTO `empresa_direccion` VALUES (776, 776);
INSERT INTO `empresa_direccion` VALUES (778, 778);
INSERT INTO `empresa_direccion` VALUES (779, 779);
INSERT INTO `empresa_direccion` VALUES (781, 781);
INSERT INTO `empresa_direccion` VALUES (782, 782);
INSERT INTO `empresa_direccion` VALUES (783, 783);
INSERT INTO `empresa_direccion` VALUES (785, 785);
INSERT INTO `empresa_direccion` VALUES (786, 786);
INSERT INTO `empresa_direccion` VALUES (787, 787);
INSERT INTO `empresa_direccion` VALUES (788, 788);
INSERT INTO `empresa_direccion` VALUES (789, 789);
INSERT INTO `empresa_direccion` VALUES (790, 790);
INSERT INTO `empresa_direccion` VALUES (792, 792);
INSERT INTO `empresa_direccion` VALUES (794, 794);
INSERT INTO `empresa_direccion` VALUES (796, 796);
INSERT INTO `empresa_direccion` VALUES (797, 797);
INSERT INTO `empresa_direccion` VALUES (798, 798);
INSERT INTO `empresa_direccion` VALUES (799, 799);
INSERT INTO `empresa_direccion` VALUES (800, 800);
INSERT INTO `empresa_direccion` VALUES (802, 802);
INSERT INTO `empresa_direccion` VALUES (803, 803);
INSERT INTO `empresa_direccion` VALUES (804, 804);
INSERT INTO `empresa_direccion` VALUES (806, 806);
INSERT INTO `empresa_direccion` VALUES (807, 807);
INSERT INTO `empresa_direccion` VALUES (809, 809);
INSERT INTO `empresa_direccion` VALUES (810, 810);
INSERT INTO `empresa_direccion` VALUES (812, 812);
INSERT INTO `empresa_direccion` VALUES (814, 814);
INSERT INTO `empresa_direccion` VALUES (815, 815);
INSERT INTO `empresa_direccion` VALUES (817, 817);
INSERT INTO `empresa_direccion` VALUES (818, 818);
INSERT INTO `empresa_direccion` VALUES (820, 820);
INSERT INTO `empresa_direccion` VALUES (821, 821);
INSERT INTO `empresa_direccion` VALUES (822, 822);
INSERT INTO `empresa_direccion` VALUES (824, 824);
INSERT INTO `empresa_direccion` VALUES (826, 826);
INSERT INTO `empresa_direccion` VALUES (827, 827);
INSERT INTO `empresa_direccion` VALUES (828, 828);
INSERT INTO `empresa_direccion` VALUES (830, 830);
INSERT INTO `empresa_direccion` VALUES (831, 831);
INSERT INTO `empresa_direccion` VALUES (833, 833);
INSERT INTO `empresa_direccion` VALUES (834, 834);
INSERT INTO `empresa_direccion` VALUES (835, 835);
INSERT INTO `empresa_direccion` VALUES (836, 836);
INSERT INTO `empresa_direccion` VALUES (837, 837);
INSERT INTO `empresa_direccion` VALUES (838, 838);
INSERT INTO `empresa_direccion` VALUES (839, 839);
INSERT INTO `empresa_direccion` VALUES (840, 840);
INSERT INTO `empresa_direccion` VALUES (841, 841);
INSERT INTO `empresa_direccion` VALUES (844, 844);
INSERT INTO `empresa_direccion` VALUES (845, 845);
INSERT INTO `empresa_direccion` VALUES (847, 847);
INSERT INTO `empresa_direccion` VALUES (848, 848);
INSERT INTO `empresa_direccion` VALUES (850, 850);
INSERT INTO `empresa_direccion` VALUES (851, 851);
INSERT INTO `empresa_direccion` VALUES (852, 852);
INSERT INTO `empresa_direccion` VALUES (853, 853);
INSERT INTO `empresa_direccion` VALUES (854, 854);
INSERT INTO `empresa_direccion` VALUES (855, 855);
INSERT INTO `empresa_direccion` VALUES (857, 857);
INSERT INTO `empresa_direccion` VALUES (859, 859);
INSERT INTO `empresa_direccion` VALUES (860, 860);
INSERT INTO `empresa_direccion` VALUES (861, 861);
INSERT INTO `empresa_direccion` VALUES (862, 862);
INSERT INTO `empresa_direccion` VALUES (863, 863);
INSERT INTO `empresa_direccion` VALUES (865, 865);
INSERT INTO `empresa_direccion` VALUES (866, 866);
INSERT INTO `empresa_direccion` VALUES (867, 867);
INSERT INTO `empresa_direccion` VALUES (869, 869);
INSERT INTO `empresa_direccion` VALUES (870, 870);
INSERT INTO `empresa_direccion` VALUES (871, 871);
INSERT INTO `empresa_direccion` VALUES (872, 872);
INSERT INTO `empresa_direccion` VALUES (873, 873);
INSERT INTO `empresa_direccion` VALUES (874, 874);
INSERT INTO `empresa_direccion` VALUES (875, 875);
INSERT INTO `empresa_direccion` VALUES (877, 877);
INSERT INTO `empresa_direccion` VALUES (878, 878);
INSERT INTO `empresa_direccion` VALUES (880, 880);
INSERT INTO `empresa_direccion` VALUES (881, 881);
INSERT INTO `empresa_direccion` VALUES (883, 883);
INSERT INTO `empresa_direccion` VALUES (884, 884);
INSERT INTO `empresa_direccion` VALUES (885, 885);
INSERT INTO `empresa_direccion` VALUES (886, 886);
INSERT INTO `empresa_direccion` VALUES (887, 887);
INSERT INTO `empresa_direccion` VALUES (888, 888);
INSERT INTO `empresa_direccion` VALUES (889, 889);
INSERT INTO `empresa_direccion` VALUES (890, 890);
INSERT INTO `empresa_direccion` VALUES (891, 891);
INSERT INTO `empresa_direccion` VALUES (892, 892);
INSERT INTO `empresa_direccion` VALUES (893, 893);
INSERT INTO `empresa_direccion` VALUES (894, 894);
INSERT INTO `empresa_direccion` VALUES (895, 895);
INSERT INTO `empresa_direccion` VALUES (896, 896);
INSERT INTO `empresa_direccion` VALUES (897, 897);
INSERT INTO `empresa_direccion` VALUES (898, 898);
INSERT INTO `empresa_direccion` VALUES (899, 899);
INSERT INTO `empresa_direccion` VALUES (900, 900);
INSERT INTO `empresa_direccion` VALUES (902, 902);
INSERT INTO `empresa_direccion` VALUES (904, 904);
INSERT INTO `empresa_direccion` VALUES (905, 905);
INSERT INTO `empresa_direccion` VALUES (906, 906);
INSERT INTO `empresa_direccion` VALUES (907, 907);
INSERT INTO `empresa_direccion` VALUES (908, 908);
INSERT INTO `empresa_direccion` VALUES (909, 909);
INSERT INTO `empresa_direccion` VALUES (910, 910);
INSERT INTO `empresa_direccion` VALUES (911, 911);
INSERT INTO `empresa_direccion` VALUES (912, 912);
INSERT INTO `empresa_direccion` VALUES (914, 914);
INSERT INTO `empresa_direccion` VALUES (915, 915);
INSERT INTO `empresa_direccion` VALUES (916, 916);
INSERT INTO `empresa_direccion` VALUES (917, 917);
INSERT INTO `empresa_direccion` VALUES (918, 918);
INSERT INTO `empresa_direccion` VALUES (919, 919);
INSERT INTO `empresa_direccion` VALUES (920, 920);
INSERT INTO `empresa_direccion` VALUES (922, 922);
INSERT INTO `empresa_direccion` VALUES (924, 924);
INSERT INTO `empresa_direccion` VALUES (925, 925);
INSERT INTO `empresa_direccion` VALUES (926, 926);
INSERT INTO `empresa_direccion` VALUES (927, 927);
INSERT INTO `empresa_direccion` VALUES (928, 928);
INSERT INTO `empresa_direccion` VALUES (929, 929);
INSERT INTO `empresa_direccion` VALUES (930, 930);
INSERT INTO `empresa_direccion` VALUES (931, 931);
INSERT INTO `empresa_direccion` VALUES (932, 932);
INSERT INTO `empresa_direccion` VALUES (933, 933);
INSERT INTO `empresa_direccion` VALUES (934, 934);
INSERT INTO `empresa_direccion` VALUES (935, 935);
INSERT INTO `empresa_direccion` VALUES (936, 936);
INSERT INTO `empresa_direccion` VALUES (937, 937);
INSERT INTO `empresa_direccion` VALUES (938, 938);
INSERT INTO `empresa_direccion` VALUES (942, 942);
INSERT INTO `empresa_direccion` VALUES (943, 943);
INSERT INTO `empresa_direccion` VALUES (944, 944);
INSERT INTO `empresa_direccion` VALUES (945, 945);
INSERT INTO `empresa_direccion` VALUES (946, 946);
INSERT INTO `empresa_direccion` VALUES (947, 947);
INSERT INTO `empresa_direccion` VALUES (948, 948);
INSERT INTO `empresa_direccion` VALUES (950, 950);
INSERT INTO `empresa_direccion` VALUES (951, 951);
INSERT INTO `empresa_direccion` VALUES (952, 952);
INSERT INTO `empresa_direccion` VALUES (953, 953);
INSERT INTO `empresa_direccion` VALUES (954, 954);
INSERT INTO `empresa_direccion` VALUES (955, 955);
INSERT INTO `empresa_direccion` VALUES (956, 956);
INSERT INTO `empresa_direccion` VALUES (957, 957);
INSERT INTO `empresa_direccion` VALUES (959, 959);
INSERT INTO `empresa_direccion` VALUES (960, 960);
INSERT INTO `empresa_direccion` VALUES (961, 961);
INSERT INTO `empresa_direccion` VALUES (962, 962);
INSERT INTO `empresa_direccion` VALUES (963, 963);
INSERT INTO `empresa_direccion` VALUES (964, 964);
INSERT INTO `empresa_direccion` VALUES (965, 965);
INSERT INTO `empresa_direccion` VALUES (966, 966);
INSERT INTO `empresa_direccion` VALUES (968, 968);
INSERT INTO `empresa_direccion` VALUES (969, 969);
INSERT INTO `empresa_direccion` VALUES (970, 970);
INSERT INTO `empresa_direccion` VALUES (971, 971);
INSERT INTO `empresa_direccion` VALUES (972, 972);
INSERT INTO `empresa_direccion` VALUES (973, 973);
INSERT INTO `empresa_direccion` VALUES (974, 974);
INSERT INTO `empresa_direccion` VALUES (975, 975);
INSERT INTO `empresa_direccion` VALUES (976, 976);
INSERT INTO `empresa_direccion` VALUES (978, 978);
INSERT INTO `empresa_direccion` VALUES (980, 980);
INSERT INTO `empresa_direccion` VALUES (981, 981);
INSERT INTO `empresa_direccion` VALUES (982, 982);
INSERT INTO `empresa_direccion` VALUES (983, 983);
INSERT INTO `empresa_direccion` VALUES (984, 984);
INSERT INTO `empresa_direccion` VALUES (985, 985);
INSERT INTO `empresa_direccion` VALUES (986, 986);
INSERT INTO `empresa_direccion` VALUES (987, 987);
INSERT INTO `empresa_direccion` VALUES (988, 988);
INSERT INTO `empresa_direccion` VALUES (989, 989);
INSERT INTO `empresa_direccion` VALUES (990, 990);
INSERT INTO `empresa_direccion` VALUES (991, 991);
INSERT INTO `empresa_direccion` VALUES (992, 992);
INSERT INTO `empresa_direccion` VALUES (993, 993);
INSERT INTO `empresa_direccion` VALUES (994, 994);
INSERT INTO `empresa_direccion` VALUES (995, 995);
INSERT INTO `empresa_direccion` VALUES (997, 997);
INSERT INTO `empresa_direccion` VALUES (998, 998);
INSERT INTO `empresa_direccion` VALUES (999, 999);
INSERT INTO `empresa_direccion` VALUES (1000, 1000);
INSERT INTO `empresa_direccion` VALUES (1001, 1001);
INSERT INTO `empresa_direccion` VALUES (1002, 1002);
INSERT INTO `empresa_direccion` VALUES (1003, 1003);
INSERT INTO `empresa_direccion` VALUES (1004, 1004);
INSERT INTO `empresa_direccion` VALUES (1005, 1005);
INSERT INTO `empresa_direccion` VALUES (1006, 1006);
INSERT INTO `empresa_direccion` VALUES (1007, 1007);
INSERT INTO `empresa_direccion` VALUES (1008, 1008);
INSERT INTO `empresa_direccion` VALUES (1009, 1009);
INSERT INTO `empresa_direccion` VALUES (1010, 1010);
INSERT INTO `empresa_direccion` VALUES (1011, 1011);
INSERT INTO `empresa_direccion` VALUES (1014, 1014);
INSERT INTO `empresa_direccion` VALUES (1015, 1015);
INSERT INTO `empresa_direccion` VALUES (1017, 1017);
INSERT INTO `empresa_direccion` VALUES (1018, 1018);
INSERT INTO `empresa_direccion` VALUES (1019, 1019);
INSERT INTO `empresa_direccion` VALUES (1020, 1020);
INSERT INTO `empresa_direccion` VALUES (1022, 1022);
INSERT INTO `empresa_direccion` VALUES (1023, 1023);
INSERT INTO `empresa_direccion` VALUES (1024, 1024);
INSERT INTO `empresa_direccion` VALUES (1025, 1025);
INSERT INTO `empresa_direccion` VALUES (1026, 1026);
INSERT INTO `empresa_direccion` VALUES (1027, 1027);
INSERT INTO `empresa_direccion` VALUES (1028, 1028);
INSERT INTO `empresa_direccion` VALUES (1029, 1029);
INSERT INTO `empresa_direccion` VALUES (1030, 1030);
INSERT INTO `empresa_direccion` VALUES (1031, 1031);
INSERT INTO `empresa_direccion` VALUES (1032, 1032);
INSERT INTO `empresa_direccion` VALUES (1033, 1033);
INSERT INTO `empresa_direccion` VALUES (1035, 1035);
INSERT INTO `empresa_direccion` VALUES (1036, 1036);
INSERT INTO `empresa_direccion` VALUES (1037, 1037);
INSERT INTO `empresa_direccion` VALUES (1038, 1038);
INSERT INTO `empresa_direccion` VALUES (1039, 1039);
INSERT INTO `empresa_direccion` VALUES (1040, 1040);
INSERT INTO `empresa_direccion` VALUES (1041, 1041);
INSERT INTO `empresa_direccion` VALUES (1042, 1042);
INSERT INTO `empresa_direccion` VALUES (1043, 1043);
INSERT INTO `empresa_direccion` VALUES (1045, 1045);
INSERT INTO `empresa_direccion` VALUES (1046, 1046);
INSERT INTO `empresa_direccion` VALUES (1048, 1048);
INSERT INTO `empresa_direccion` VALUES (1050, 1050);
INSERT INTO `empresa_direccion` VALUES (1051, 1051);
INSERT INTO `empresa_direccion` VALUES (1052, 1052);
INSERT INTO `empresa_direccion` VALUES (1053, 1053);
INSERT INTO `empresa_direccion` VALUES (1054, 1054);
INSERT INTO `empresa_direccion` VALUES (1055, 1055);
INSERT INTO `empresa_direccion` VALUES (1056, 1056);
INSERT INTO `empresa_direccion` VALUES (1057, 1057);
INSERT INTO `empresa_direccion` VALUES (1058, 1058);
INSERT INTO `empresa_direccion` VALUES (1059, 1059);
INSERT INTO `empresa_direccion` VALUES (1060, 1060);
INSERT INTO `empresa_direccion` VALUES (1061, 1061);
INSERT INTO `empresa_direccion` VALUES (1062, 1062);
INSERT INTO `empresa_direccion` VALUES (1063, 1063);
INSERT INTO `empresa_direccion` VALUES (1065, 1065);
INSERT INTO `empresa_direccion` VALUES (1066, 1066);
INSERT INTO `empresa_direccion` VALUES (1067, 1067);
INSERT INTO `empresa_direccion` VALUES (1068, 1068);
INSERT INTO `empresa_direccion` VALUES (1069, 1069);
INSERT INTO `empresa_direccion` VALUES (1070, 1070);
INSERT INTO `empresa_direccion` VALUES (1071, 1071);
INSERT INTO `empresa_direccion` VALUES (1072, 1072);
INSERT INTO `empresa_direccion` VALUES (1073, 1073);
INSERT INTO `empresa_direccion` VALUES (1074, 1074);
INSERT INTO `empresa_direccion` VALUES (1075, 1075);
INSERT INTO `empresa_direccion` VALUES (1076, 1076);
INSERT INTO `empresa_direccion` VALUES (1077, 1077);
INSERT INTO `empresa_direccion` VALUES (1078, 1078);
INSERT INTO `empresa_direccion` VALUES (1079, 1079);
INSERT INTO `empresa_direccion` VALUES (1080, 1080);
INSERT INTO `empresa_direccion` VALUES (1081, 1081);
INSERT INTO `empresa_direccion` VALUES (1082, 1082);
INSERT INTO `empresa_direccion` VALUES (1083, 1083);
INSERT INTO `empresa_direccion` VALUES (1084, 1084);
INSERT INTO `empresa_direccion` VALUES (1085, 1085);
INSERT INTO `empresa_direccion` VALUES (1086, 1086);
INSERT INTO `empresa_direccion` VALUES (1087, 1087);
INSERT INTO `empresa_direccion` VALUES (1088, 1088);
INSERT INTO `empresa_direccion` VALUES (1089, 1089);
INSERT INTO `empresa_direccion` VALUES (1090, 1090);
INSERT INTO `empresa_direccion` VALUES (1091, 1091);
INSERT INTO `empresa_direccion` VALUES (1092, 1092);
INSERT INTO `empresa_direccion` VALUES (1093, 1093);
INSERT INTO `empresa_direccion` VALUES (1094, 1094);
INSERT INTO `empresa_direccion` VALUES (1095, 1095);
INSERT INTO `empresa_direccion` VALUES (1096, 1096);
INSERT INTO `empresa_direccion` VALUES (1097, 1097);
INSERT INTO `empresa_direccion` VALUES (1098, 1098);
INSERT INTO `empresa_direccion` VALUES (1099, 1099);
INSERT INTO `empresa_direccion` VALUES (1100, 1100);
INSERT INTO `empresa_direccion` VALUES (1101, 1101);
INSERT INTO `empresa_direccion` VALUES (1102, 1102);
INSERT INTO `empresa_direccion` VALUES (1103, 1103);
INSERT INTO `empresa_direccion` VALUES (1104, 1104);
INSERT INTO `empresa_direccion` VALUES (1105, 1105);
INSERT INTO `empresa_direccion` VALUES (1106, 1106);
INSERT INTO `empresa_direccion` VALUES (1107, 1107);
INSERT INTO `empresa_direccion` VALUES (1108, 1108);
INSERT INTO `empresa_direccion` VALUES (1109, 1109);
INSERT INTO `empresa_direccion` VALUES (1110, 1110);
INSERT INTO `empresa_direccion` VALUES (1111, 1111);
INSERT INTO `empresa_direccion` VALUES (1112, 1112);
INSERT INTO `empresa_direccion` VALUES (1113, 1113);
INSERT INTO `empresa_direccion` VALUES (1114, 1114);
INSERT INTO `empresa_direccion` VALUES (1115, 1115);
INSERT INTO `empresa_direccion` VALUES (1116, 1116);
INSERT INTO `empresa_direccion` VALUES (1117, 1117);
INSERT INTO `empresa_direccion` VALUES (1118, 1118);
INSERT INTO `empresa_direccion` VALUES (1119, 1119);
INSERT INTO `empresa_direccion` VALUES (1120, 1120);
INSERT INTO `empresa_direccion` VALUES (1121, 1121);
INSERT INTO `empresa_direccion` VALUES (1122, 1122);
INSERT INTO `empresa_direccion` VALUES (1123, 1123);
INSERT INTO `empresa_direccion` VALUES (1124, 1124);
INSERT INTO `empresa_direccion` VALUES (1125, 1125);
INSERT INTO `empresa_direccion` VALUES (1126, 1126);
INSERT INTO `empresa_direccion` VALUES (1127, 1127);
INSERT INTO `empresa_direccion` VALUES (1128, 1128);
INSERT INTO `empresa_direccion` VALUES (1129, 1129);
INSERT INTO `empresa_direccion` VALUES (1130, 1130);
INSERT INTO `empresa_direccion` VALUES (1131, 1131);
INSERT INTO `empresa_direccion` VALUES (1132, 1132);
INSERT INTO `empresa_direccion` VALUES (1133, 1133);
INSERT INTO `empresa_direccion` VALUES (1134, 1134);
INSERT INTO `empresa_direccion` VALUES (1135, 1135);
INSERT INTO `empresa_direccion` VALUES (1136, 1136);
INSERT INTO `empresa_direccion` VALUES (1137, 1137);
INSERT INTO `empresa_direccion` VALUES (1138, 1138);
INSERT INTO `empresa_direccion` VALUES (1139, 1139);
INSERT INTO `empresa_direccion` VALUES (1140, 1140);
INSERT INTO `empresa_direccion` VALUES (1141, 1141);
INSERT INTO `empresa_direccion` VALUES (1142, 1142);
INSERT INTO `empresa_direccion` VALUES (1143, 1143);
INSERT INTO `empresa_direccion` VALUES (1144, 1144);
INSERT INTO `empresa_direccion` VALUES (1145, 1145);
INSERT INTO `empresa_direccion` VALUES (1146, 1146);
INSERT INTO `empresa_direccion` VALUES (1147, 1147);
INSERT INTO `empresa_direccion` VALUES (1148, 1148);
INSERT INTO `empresa_direccion` VALUES (1149, 1149);
INSERT INTO `empresa_direccion` VALUES (1150, 1150);
INSERT INTO `empresa_direccion` VALUES (1151, 1151);
INSERT INTO `empresa_direccion` VALUES (1152, 1152);
INSERT INTO `empresa_direccion` VALUES (1153, 1153);
INSERT INTO `empresa_direccion` VALUES (157, 157);
INSERT INTO `empresa_direccion` VALUES (1, 1154);
INSERT INTO `empresa_direccion` VALUES (1154, 1162);
INSERT INTO `empresa_direccion` VALUES (105, 105);

-- ----------------------------
-- Table structure for empresa_rubro
-- ----------------------------
DROP TABLE IF EXISTS `empresa_rubro`;
CREATE TABLE `empresa_rubro`  (
  `id_empresa` bigint(20) NOT NULL,
  `id_rubro` bigint(20) NOT NULL,
  INDEX `FK_empresa_rubro`(`id_empresa`) USING BTREE,
  INDEX `FK_rubro_empresa`(`id_rubro`) USING BTREE,
  CONSTRAINT `FK_empresa_rubro` FOREIGN KEY (`id_empresa`) REFERENCES `empresa` (`id_empresa`) ON DELETE RESTRICT ON UPDATE RESTRICT,
  CONSTRAINT `FK_rubro_empresa` FOREIGN KEY (`id_rubro`) REFERENCES `rubro` (`id_rubro`) ON DELETE RESTRICT ON UPDATE RESTRICT
) ENGINE = InnoDB CHARACTER SET = utf8 COLLATE = utf8_unicode_ci ROW_FORMAT = Compact;

-- ----------------------------
-- Records of empresa_rubro
-- ----------------------------
INSERT INTO `empresa_rubro` VALUES (100, 121);
INSERT INTO `empresa_rubro` VALUES (102, 112);
INSERT INTO `empresa_rubro` VALUES (104, 118);
INSERT INTO `empresa_rubro` VALUES (105, 127);
INSERT INTO `empresa_rubro` VALUES (106, 100);
INSERT INTO `empresa_rubro` VALUES (107, 119);
INSERT INTO `empresa_rubro` VALUES (108, 128);
INSERT INTO `empresa_rubro` VALUES (111, 100);
INSERT INTO `empresa_rubro` VALUES (113, 104);
INSERT INTO `empresa_rubro` VALUES (114, 117);
INSERT INTO `empresa_rubro` VALUES (115, 118);
INSERT INTO `empresa_rubro` VALUES (116, 118);
INSERT INTO `empresa_rubro` VALUES (117, 127);
INSERT INTO `empresa_rubro` VALUES (118, 118);
INSERT INTO `empresa_rubro` VALUES (120, 100);
INSERT INTO `empresa_rubro` VALUES (121, 118);
INSERT INTO `empresa_rubro` VALUES (122, 118);
INSERT INTO `empresa_rubro` VALUES (123, 123);
INSERT INTO `empresa_rubro` VALUES (126, 118);
INSERT INTO `empresa_rubro` VALUES (128, 100);
INSERT INTO `empresa_rubro` VALUES (129, 100);
INSERT INTO `empresa_rubro` VALUES (130, 118);
INSERT INTO `empresa_rubro` VALUES (131, 122);
INSERT INTO `empresa_rubro` VALUES (132, 127);
INSERT INTO `empresa_rubro` VALUES (133, 118);
INSERT INTO `empresa_rubro` VALUES (135, 127);
INSERT INTO `empresa_rubro` VALUES (137, 102);
INSERT INTO `empresa_rubro` VALUES (138, 118);
INSERT INTO `empresa_rubro` VALUES (139, 118);
INSERT INTO `empresa_rubro` VALUES (141, 104);
INSERT INTO `empresa_rubro` VALUES (142, 128);
INSERT INTO `empresa_rubro` VALUES (143, 122);
INSERT INTO `empresa_rubro` VALUES (144, 102);
INSERT INTO `empresa_rubro` VALUES (146, 118);
INSERT INTO `empresa_rubro` VALUES (147, 127);
INSERT INTO `empresa_rubro` VALUES (150, 118);
INSERT INTO `empresa_rubro` VALUES (152, 118);
INSERT INTO `empresa_rubro` VALUES (153, 118);
INSERT INTO `empresa_rubro` VALUES (154, 118);
INSERT INTO `empresa_rubro` VALUES (155, 118);
INSERT INTO `empresa_rubro` VALUES (156, 118);
INSERT INTO `empresa_rubro` VALUES (157, 118);
INSERT INTO `empresa_rubro` VALUES (159, 127);
INSERT INTO `empresa_rubro` VALUES (160, 128);
INSERT INTO `empresa_rubro` VALUES (161, 121);
INSERT INTO `empresa_rubro` VALUES (165, 128);
INSERT INTO `empresa_rubro` VALUES (166, 118);
INSERT INTO `empresa_rubro` VALUES (167, 102);
INSERT INTO `empresa_rubro` VALUES (168, 100);
INSERT INTO `empresa_rubro` VALUES (169, 128);
INSERT INTO `empresa_rubro` VALUES (170, 118);
INSERT INTO `empresa_rubro` VALUES (172, 128);
INSERT INTO `empresa_rubro` VALUES (174, 128);
INSERT INTO `empresa_rubro` VALUES (176, 100);
INSERT INTO `empresa_rubro` VALUES (178, 127);
INSERT INTO `empresa_rubro` VALUES (180, 100);
INSERT INTO `empresa_rubro` VALUES (181, 118);
INSERT INTO `empresa_rubro` VALUES (183, 100);
INSERT INTO `empresa_rubro` VALUES (184, 127);
INSERT INTO `empresa_rubro` VALUES (185, 118);
INSERT INTO `empresa_rubro` VALUES (189, 118);
INSERT INTO `empresa_rubro` VALUES (190, 100);
INSERT INTO `empresa_rubro` VALUES (191, 128);
INSERT INTO `empresa_rubro` VALUES (192, 128);
INSERT INTO `empresa_rubro` VALUES (194, 118);
INSERT INTO `empresa_rubro` VALUES (196, 128);
INSERT INTO `empresa_rubro` VALUES (198, 118);
INSERT INTO `empresa_rubro` VALUES (201, 118);
INSERT INTO `empresa_rubro` VALUES (202, 118);
INSERT INTO `empresa_rubro` VALUES (204, 118);
INSERT INTO `empresa_rubro` VALUES (205, 118);
INSERT INTO `empresa_rubro` VALUES (206, 118);
INSERT INTO `empresa_rubro` VALUES (209, 121);
INSERT INTO `empresa_rubro` VALUES (212, 128);
INSERT INTO `empresa_rubro` VALUES (213, 102);
INSERT INTO `empresa_rubro` VALUES (215, 127);
INSERT INTO `empresa_rubro` VALUES (216, 118);
INSERT INTO `empresa_rubro` VALUES (217, 121);
INSERT INTO `empresa_rubro` VALUES (219, 100);
INSERT INTO `empresa_rubro` VALUES (220, 127);
INSERT INTO `empresa_rubro` VALUES (221, 118);
INSERT INTO `empresa_rubro` VALUES (222, 118);
INSERT INTO `empresa_rubro` VALUES (223, 118);
INSERT INTO `empresa_rubro` VALUES (225, 127);
INSERT INTO `empresa_rubro` VALUES (226, 118);
INSERT INTO `empresa_rubro` VALUES (228, 128);
INSERT INTO `empresa_rubro` VALUES (230, 118);
INSERT INTO `empresa_rubro` VALUES (231, 118);
INSERT INTO `empresa_rubro` VALUES (232, 127);
INSERT INTO `empresa_rubro` VALUES (233, 122);
INSERT INTO `empresa_rubro` VALUES (234, 122);
INSERT INTO `empresa_rubro` VALUES (235, 118);
INSERT INTO `empresa_rubro` VALUES (236, 104);
INSERT INTO `empresa_rubro` VALUES (237, 127);
INSERT INTO `empresa_rubro` VALUES (238, 127);
INSERT INTO `empresa_rubro` VALUES (239, 118);
INSERT INTO `empresa_rubro` VALUES (241, 120);
INSERT INTO `empresa_rubro` VALUES (242, 118);
INSERT INTO `empresa_rubro` VALUES (243, 114);
INSERT INTO `empresa_rubro` VALUES (244, 118);
INSERT INTO `empresa_rubro` VALUES (246, 120);
INSERT INTO `empresa_rubro` VALUES (247, 118);
INSERT INTO `empresa_rubro` VALUES (251, 118);
INSERT INTO `empresa_rubro` VALUES (252, 118);
INSERT INTO `empresa_rubro` VALUES (253, 127);
INSERT INTO `empresa_rubro` VALUES (255, 127);
INSERT INTO `empresa_rubro` VALUES (256, 118);
INSERT INTO `empresa_rubro` VALUES (257, 118);
INSERT INTO `empresa_rubro` VALUES (258, 127);
INSERT INTO `empresa_rubro` VALUES (259, 118);
INSERT INTO `empresa_rubro` VALUES (260, 118);
INSERT INTO `empresa_rubro` VALUES (261, 118);
INSERT INTO `empresa_rubro` VALUES (262, 118);
INSERT INTO `empresa_rubro` VALUES (263, 118);
INSERT INTO `empresa_rubro` VALUES (265, 104);
INSERT INTO `empresa_rubro` VALUES (268, 123);
INSERT INTO `empresa_rubro` VALUES (270, 118);
INSERT INTO `empresa_rubro` VALUES (272, 118);
INSERT INTO `empresa_rubro` VALUES (273, 118);
INSERT INTO `empresa_rubro` VALUES (274, 118);
INSERT INTO `empresa_rubro` VALUES (275, 127);
INSERT INTO `empresa_rubro` VALUES (277, 123);
INSERT INTO `empresa_rubro` VALUES (278, 118);
INSERT INTO `empresa_rubro` VALUES (280, 100);
INSERT INTO `empresa_rubro` VALUES (281, 118);
INSERT INTO `empresa_rubro` VALUES (284, 118);
INSERT INTO `empresa_rubro` VALUES (285, 118);
INSERT INTO `empresa_rubro` VALUES (286, 118);
INSERT INTO `empresa_rubro` VALUES (287, 122);
INSERT INTO `empresa_rubro` VALUES (288, 118);
INSERT INTO `empresa_rubro` VALUES (289, 118);
INSERT INTO `empresa_rubro` VALUES (291, 100);
INSERT INTO `empresa_rubro` VALUES (292, 128);
INSERT INTO `empresa_rubro` VALUES (293, 118);
INSERT INTO `empresa_rubro` VALUES (295, 127);
INSERT INTO `empresa_rubro` VALUES (296, 118);
INSERT INTO `empresa_rubro` VALUES (298, 102);
INSERT INTO `empresa_rubro` VALUES (299, 118);
INSERT INTO `empresa_rubro` VALUES (301, 102);
INSERT INTO `empresa_rubro` VALUES (302, 127);
INSERT INTO `empresa_rubro` VALUES (303, 118);
INSERT INTO `empresa_rubro` VALUES (304, 118);
INSERT INTO `empresa_rubro` VALUES (305, 102);
INSERT INTO `empresa_rubro` VALUES (306, 118);
INSERT INTO `empresa_rubro` VALUES (307, 118);
INSERT INTO `empresa_rubro` VALUES (308, 118);
INSERT INTO `empresa_rubro` VALUES (309, 118);
INSERT INTO `empresa_rubro` VALUES (310, 100);
INSERT INTO `empresa_rubro` VALUES (312, 118);
INSERT INTO `empresa_rubro` VALUES (313, 118);
INSERT INTO `empresa_rubro` VALUES (314, 104);
INSERT INTO `empresa_rubro` VALUES (315, 100);
INSERT INTO `empresa_rubro` VALUES (317, 118);
INSERT INTO `empresa_rubro` VALUES (318, 118);
INSERT INTO `empresa_rubro` VALUES (319, 118);
INSERT INTO `empresa_rubro` VALUES (320, 118);
INSERT INTO `empresa_rubro` VALUES (321, 118);
INSERT INTO `empresa_rubro` VALUES (322, 118);
INSERT INTO `empresa_rubro` VALUES (324, 118);
INSERT INTO `empresa_rubro` VALUES (325, 118);
INSERT INTO `empresa_rubro` VALUES (326, 118);
INSERT INTO `empresa_rubro` VALUES (327, 122);
INSERT INTO `empresa_rubro` VALUES (328, 122);
INSERT INTO `empresa_rubro` VALUES (329, 128);
INSERT INTO `empresa_rubro` VALUES (330, 118);
INSERT INTO `empresa_rubro` VALUES (331, 118);
INSERT INTO `empresa_rubro` VALUES (332, 128);
INSERT INTO `empresa_rubro` VALUES (333, 118);
INSERT INTO `empresa_rubro` VALUES (334, 123);
INSERT INTO `empresa_rubro` VALUES (335, 118);
INSERT INTO `empresa_rubro` VALUES (336, 118);
INSERT INTO `empresa_rubro` VALUES (337, 128);
INSERT INTO `empresa_rubro` VALUES (338, 118);
INSERT INTO `empresa_rubro` VALUES (339, 128);
INSERT INTO `empresa_rubro` VALUES (340, 118);
INSERT INTO `empresa_rubro` VALUES (341, 121);
INSERT INTO `empresa_rubro` VALUES (342, 118);
INSERT INTO `empresa_rubro` VALUES (344, 104);
INSERT INTO `empresa_rubro` VALUES (345, 118);
INSERT INTO `empresa_rubro` VALUES (346, 128);
INSERT INTO `empresa_rubro` VALUES (347, 118);
INSERT INTO `empresa_rubro` VALUES (348, 121);
INSERT INTO `empresa_rubro` VALUES (349, 118);
INSERT INTO `empresa_rubro` VALUES (350, 118);
INSERT INTO `empresa_rubro` VALUES (352, 102);
INSERT INTO `empresa_rubro` VALUES (353, 118);
INSERT INTO `empresa_rubro` VALUES (354, 118);
INSERT INTO `empresa_rubro` VALUES (356, 127);
INSERT INTO `empresa_rubro` VALUES (358, 118);
INSERT INTO `empresa_rubro` VALUES (360, 121);
INSERT INTO `empresa_rubro` VALUES (361, 123);
INSERT INTO `empresa_rubro` VALUES (363, 118);
INSERT INTO `empresa_rubro` VALUES (364, 118);
INSERT INTO `empresa_rubro` VALUES (366, 127);
INSERT INTO `empresa_rubro` VALUES (367, 118);
INSERT INTO `empresa_rubro` VALUES (369, 127);
INSERT INTO `empresa_rubro` VALUES (370, 117);
INSERT INTO `empresa_rubro` VALUES (371, 118);
INSERT INTO `empresa_rubro` VALUES (372, 118);
INSERT INTO `empresa_rubro` VALUES (373, 101);
INSERT INTO `empresa_rubro` VALUES (374, 118);
INSERT INTO `empresa_rubro` VALUES (375, 118);
INSERT INTO `empresa_rubro` VALUES (377, 123);
INSERT INTO `empresa_rubro` VALUES (378, 118);
INSERT INTO `empresa_rubro` VALUES (379, 121);
INSERT INTO `empresa_rubro` VALUES (380, 127);
INSERT INTO `empresa_rubro` VALUES (382, 127);
INSERT INTO `empresa_rubro` VALUES (383, 118);
INSERT INTO `empresa_rubro` VALUES (384, 118);
INSERT INTO `empresa_rubro` VALUES (386, 118);
INSERT INTO `empresa_rubro` VALUES (387, 122);
INSERT INTO `empresa_rubro` VALUES (388, 118);
INSERT INTO `empresa_rubro` VALUES (389, 118);
INSERT INTO `empresa_rubro` VALUES (390, 118);
INSERT INTO `empresa_rubro` VALUES (391, 118);
INSERT INTO `empresa_rubro` VALUES (392, 118);
INSERT INTO `empresa_rubro` VALUES (394, 122);
INSERT INTO `empresa_rubro` VALUES (395, 102);
INSERT INTO `empresa_rubro` VALUES (396, 123);
INSERT INTO `empresa_rubro` VALUES (397, 121);
INSERT INTO `empresa_rubro` VALUES (398, 118);
INSERT INTO `empresa_rubro` VALUES (400, 116);
INSERT INTO `empresa_rubro` VALUES (401, 127);
INSERT INTO `empresa_rubro` VALUES (402, 118);
INSERT INTO `empresa_rubro` VALUES (403, 118);
INSERT INTO `empresa_rubro` VALUES (404, 118);
INSERT INTO `empresa_rubro` VALUES (405, 100);
INSERT INTO `empresa_rubro` VALUES (406, 118);
INSERT INTO `empresa_rubro` VALUES (407, 118);
INSERT INTO `empresa_rubro` VALUES (408, 121);
INSERT INTO `empresa_rubro` VALUES (409, 127);
INSERT INTO `empresa_rubro` VALUES (410, 128);
INSERT INTO `empresa_rubro` VALUES (411, 123);
INSERT INTO `empresa_rubro` VALUES (413, 127);
INSERT INTO `empresa_rubro` VALUES (415, 118);
INSERT INTO `empresa_rubro` VALUES (416, 118);
INSERT INTO `empresa_rubro` VALUES (418, 111);
INSERT INTO `empresa_rubro` VALUES (419, 118);
INSERT INTO `empresa_rubro` VALUES (420, 118);
INSERT INTO `empresa_rubro` VALUES (421, 118);
INSERT INTO `empresa_rubro` VALUES (422, 102);
INSERT INTO `empresa_rubro` VALUES (423, 118);
INSERT INTO `empresa_rubro` VALUES (424, 121);
INSERT INTO `empresa_rubro` VALUES (426, 127);
INSERT INTO `empresa_rubro` VALUES (427, 118);
INSERT INTO `empresa_rubro` VALUES (428, 118);
INSERT INTO `empresa_rubro` VALUES (429, 118);
INSERT INTO `empresa_rubro` VALUES (430, 118);
INSERT INTO `empresa_rubro` VALUES (431, 118);
INSERT INTO `empresa_rubro` VALUES (434, 104);
INSERT INTO `empresa_rubro` VALUES (435, 128);
INSERT INTO `empresa_rubro` VALUES (436, 118);
INSERT INTO `empresa_rubro` VALUES (437, 118);
INSERT INTO `empresa_rubro` VALUES (439, 118);
INSERT INTO `empresa_rubro` VALUES (440, 102);
INSERT INTO `empresa_rubro` VALUES (441, 118);
INSERT INTO `empresa_rubro` VALUES (442, 118);
INSERT INTO `empresa_rubro` VALUES (444, 117);
INSERT INTO `empresa_rubro` VALUES (445, 118);
INSERT INTO `empresa_rubro` VALUES (446, 118);
INSERT INTO `empresa_rubro` VALUES (447, 123);
INSERT INTO `empresa_rubro` VALUES (448, 118);
INSERT INTO `empresa_rubro` VALUES (450, 118);
INSERT INTO `empresa_rubro` VALUES (451, 118);
INSERT INTO `empresa_rubro` VALUES (453, 104);
INSERT INTO `empresa_rubro` VALUES (454, 118);
INSERT INTO `empresa_rubro` VALUES (455, 127);
INSERT INTO `empresa_rubro` VALUES (456, 118);
INSERT INTO `empresa_rubro` VALUES (457, 103);
INSERT INTO `empresa_rubro` VALUES (458, 118);
INSERT INTO `empresa_rubro` VALUES (459, 118);
INSERT INTO `empresa_rubro` VALUES (460, 120);
INSERT INTO `empresa_rubro` VALUES (462, 118);
INSERT INTO `empresa_rubro` VALUES (463, 118);
INSERT INTO `empresa_rubro` VALUES (464, 121);
INSERT INTO `empresa_rubro` VALUES (465, 118);
INSERT INTO `empresa_rubro` VALUES (466, 118);
INSERT INTO `empresa_rubro` VALUES (467, 118);
INSERT INTO `empresa_rubro` VALUES (468, 127);
INSERT INTO `empresa_rubro` VALUES (469, 104);
INSERT INTO `empresa_rubro` VALUES (470, 118);
INSERT INTO `empresa_rubro` VALUES (471, 118);
INSERT INTO `empresa_rubro` VALUES (473, 118);
INSERT INTO `empresa_rubro` VALUES (475, 121);
INSERT INTO `empresa_rubro` VALUES (477, 121);
INSERT INTO `empresa_rubro` VALUES (478, 118);
INSERT INTO `empresa_rubro` VALUES (479, 118);
INSERT INTO `empresa_rubro` VALUES (481, 102);
INSERT INTO `empresa_rubro` VALUES (483, 118);
INSERT INTO `empresa_rubro` VALUES (485, 127);
INSERT INTO `empresa_rubro` VALUES (486, 118);
INSERT INTO `empresa_rubro` VALUES (488, 127);
INSERT INTO `empresa_rubro` VALUES (489, 118);
INSERT INTO `empresa_rubro` VALUES (491, 121);
INSERT INTO `empresa_rubro` VALUES (492, 100);
INSERT INTO `empresa_rubro` VALUES (493, 122);
INSERT INTO `empresa_rubro` VALUES (494, 121);
INSERT INTO `empresa_rubro` VALUES (496, 116);
INSERT INTO `empresa_rubro` VALUES (498, 123);
INSERT INTO `empresa_rubro` VALUES (499, 121);
INSERT INTO `empresa_rubro` VALUES (500, 118);
INSERT INTO `empresa_rubro` VALUES (503, 102);
INSERT INTO `empresa_rubro` VALUES (505, 127);
INSERT INTO `empresa_rubro` VALUES (506, 118);
INSERT INTO `empresa_rubro` VALUES (507, 118);
INSERT INTO `empresa_rubro` VALUES (509, 118);
INSERT INTO `empresa_rubro` VALUES (510, 121);
INSERT INTO `empresa_rubro` VALUES (512, 121);
INSERT INTO `empresa_rubro` VALUES (514, 127);
INSERT INTO `empresa_rubro` VALUES (516, 118);
INSERT INTO `empresa_rubro` VALUES (517, 118);
INSERT INTO `empresa_rubro` VALUES (518, 117);
INSERT INTO `empresa_rubro` VALUES (519, 118);
INSERT INTO `empresa_rubro` VALUES (520, 127);
INSERT INTO `empresa_rubro` VALUES (522, 118);
INSERT INTO `empresa_rubro` VALUES (523, 118);
INSERT INTO `empresa_rubro` VALUES (524, 127);
INSERT INTO `empresa_rubro` VALUES (525, 118);
INSERT INTO `empresa_rubro` VALUES (526, 124);
INSERT INTO `empresa_rubro` VALUES (527, 102);
INSERT INTO `empresa_rubro` VALUES (528, 118);
INSERT INTO `empresa_rubro` VALUES (529, 124);
INSERT INTO `empresa_rubro` VALUES (530, 127);
INSERT INTO `empresa_rubro` VALUES (531, 118);
INSERT INTO `empresa_rubro` VALUES (532, 118);
INSERT INTO `empresa_rubro` VALUES (533, 102);
INSERT INTO `empresa_rubro` VALUES (534, 102);
INSERT INTO `empresa_rubro` VALUES (535, 102);
INSERT INTO `empresa_rubro` VALUES (537, 118);
INSERT INTO `empresa_rubro` VALUES (538, 118);
INSERT INTO `empresa_rubro` VALUES (539, 118);
INSERT INTO `empresa_rubro` VALUES (540, 118);
INSERT INTO `empresa_rubro` VALUES (541, 118);
INSERT INTO `empresa_rubro` VALUES (542, 128);
INSERT INTO `empresa_rubro` VALUES (543, 118);
INSERT INTO `empresa_rubro` VALUES (544, 100);
INSERT INTO `empresa_rubro` VALUES (545, 118);
INSERT INTO `empresa_rubro` VALUES (546, 118);
INSERT INTO `empresa_rubro` VALUES (547, 118);
INSERT INTO `empresa_rubro` VALUES (548, 123);
INSERT INTO `empresa_rubro` VALUES (549, 127);
INSERT INTO `empresa_rubro` VALUES (550, 118);
INSERT INTO `empresa_rubro` VALUES (552, 118);
INSERT INTO `empresa_rubro` VALUES (553, 118);
INSERT INTO `empresa_rubro` VALUES (554, 123);
INSERT INTO `empresa_rubro` VALUES (555, 118);
INSERT INTO `empresa_rubro` VALUES (558, 118);
INSERT INTO `empresa_rubro` VALUES (559, 118);
INSERT INTO `empresa_rubro` VALUES (562, 121);
INSERT INTO `empresa_rubro` VALUES (563, 128);
INSERT INTO `empresa_rubro` VALUES (564, 118);
INSERT INTO `empresa_rubro` VALUES (565, 118);
INSERT INTO `empresa_rubro` VALUES (567, 118);
INSERT INTO `empresa_rubro` VALUES (568, 118);
INSERT INTO `empresa_rubro` VALUES (570, 123);
INSERT INTO `empresa_rubro` VALUES (571, 102);
INSERT INTO `empresa_rubro` VALUES (572, 118);
INSERT INTO `empresa_rubro` VALUES (573, 118);
INSERT INTO `empresa_rubro` VALUES (574, 118);
INSERT INTO `empresa_rubro` VALUES (575, 118);
INSERT INTO `empresa_rubro` VALUES (576, 118);
INSERT INTO `empresa_rubro` VALUES (577, 118);
INSERT INTO `empresa_rubro` VALUES (579, 107);
INSERT INTO `empresa_rubro` VALUES (580, 118);
INSERT INTO `empresa_rubro` VALUES (583, 127);
INSERT INTO `empresa_rubro` VALUES (584, 118);
INSERT INTO `empresa_rubro` VALUES (586, 123);
INSERT INTO `empresa_rubro` VALUES (587, 121);
INSERT INTO `empresa_rubro` VALUES (589, 127);
INSERT INTO `empresa_rubro` VALUES (590, 118);
INSERT INTO `empresa_rubro` VALUES (591, 118);
INSERT INTO `empresa_rubro` VALUES (592, 118);
INSERT INTO `empresa_rubro` VALUES (593, 118);
INSERT INTO `empresa_rubro` VALUES (594, 128);
INSERT INTO `empresa_rubro` VALUES (595, 127);
INSERT INTO `empresa_rubro` VALUES (597, 118);
INSERT INTO `empresa_rubro` VALUES (598, 100);
INSERT INTO `empresa_rubro` VALUES (599, 123);
INSERT INTO `empresa_rubro` VALUES (600, 118);
INSERT INTO `empresa_rubro` VALUES (601, 102);
INSERT INTO `empresa_rubro` VALUES (602, 122);
INSERT INTO `empresa_rubro` VALUES (603, 122);
INSERT INTO `empresa_rubro` VALUES (604, 118);
INSERT INTO `empresa_rubro` VALUES (605, 123);
INSERT INTO `empresa_rubro` VALUES (606, 123);
INSERT INTO `empresa_rubro` VALUES (608, 118);
INSERT INTO `empresa_rubro` VALUES (610, 118);
INSERT INTO `empresa_rubro` VALUES (611, 123);
INSERT INTO `empresa_rubro` VALUES (613, 127);
INSERT INTO `empresa_rubro` VALUES (614, 123);
INSERT INTO `empresa_rubro` VALUES (615, 128);
INSERT INTO `empresa_rubro` VALUES (616, 118);
INSERT INTO `empresa_rubro` VALUES (617, 118);
INSERT INTO `empresa_rubro` VALUES (618, 118);
INSERT INTO `empresa_rubro` VALUES (619, 118);
INSERT INTO `empresa_rubro` VALUES (620, 127);
INSERT INTO `empresa_rubro` VALUES (621, 123);
INSERT INTO `empresa_rubro` VALUES (622, 127);
INSERT INTO `empresa_rubro` VALUES (623, 127);
INSERT INTO `empresa_rubro` VALUES (624, 118);
INSERT INTO `empresa_rubro` VALUES (625, 123);
INSERT INTO `empresa_rubro` VALUES (627, 118);
INSERT INTO `empresa_rubro` VALUES (628, 118);
INSERT INTO `empresa_rubro` VALUES (632, 127);
INSERT INTO `empresa_rubro` VALUES (633, 118);
INSERT INTO `empresa_rubro` VALUES (635, 105);
INSERT INTO `empresa_rubro` VALUES (636, 120);
INSERT INTO `empresa_rubro` VALUES (637, 118);
INSERT INTO `empresa_rubro` VALUES (638, 118);
INSERT INTO `empresa_rubro` VALUES (639, 118);
INSERT INTO `empresa_rubro` VALUES (640, 128);
INSERT INTO `empresa_rubro` VALUES (642, 127);
INSERT INTO `empresa_rubro` VALUES (643, 118);
INSERT INTO `empresa_rubro` VALUES (644, 118);
INSERT INTO `empresa_rubro` VALUES (646, 121);
INSERT INTO `empresa_rubro` VALUES (647, 116);
INSERT INTO `empresa_rubro` VALUES (648, 102);
INSERT INTO `empresa_rubro` VALUES (649, 118);
INSERT INTO `empresa_rubro` VALUES (650, 127);
INSERT INTO `empresa_rubro` VALUES (651, 123);
INSERT INTO `empresa_rubro` VALUES (652, 118);
INSERT INTO `empresa_rubro` VALUES (654, 127);
INSERT INTO `empresa_rubro` VALUES (655, 118);
INSERT INTO `empresa_rubro` VALUES (656, 118);
INSERT INTO `empresa_rubro` VALUES (657, 123);
INSERT INTO `empresa_rubro` VALUES (658, 118);
INSERT INTO `empresa_rubro` VALUES (659, 118);
INSERT INTO `empresa_rubro` VALUES (660, 127);
INSERT INTO `empresa_rubro` VALUES (661, 117);
INSERT INTO `empresa_rubro` VALUES (662, 118);
INSERT INTO `empresa_rubro` VALUES (663, 121);
INSERT INTO `empresa_rubro` VALUES (664, 127);
INSERT INTO `empresa_rubro` VALUES (666, 128);
INSERT INTO `empresa_rubro` VALUES (667, 127);
INSERT INTO `empresa_rubro` VALUES (668, 118);
INSERT INTO `empresa_rubro` VALUES (670, 124);
INSERT INTO `empresa_rubro` VALUES (671, 127);
INSERT INTO `empresa_rubro` VALUES (672, 118);
INSERT INTO `empresa_rubro` VALUES (673, 118);
INSERT INTO `empresa_rubro` VALUES (674, 120);
INSERT INTO `empresa_rubro` VALUES (676, 118);
INSERT INTO `empresa_rubro` VALUES (677, 118);
INSERT INTO `empresa_rubro` VALUES (678, 118);
INSERT INTO `empresa_rubro` VALUES (679, 118);
INSERT INTO `empresa_rubro` VALUES (680, 118);
INSERT INTO `empresa_rubro` VALUES (682, 102);
INSERT INTO `empresa_rubro` VALUES (684, 127);
INSERT INTO `empresa_rubro` VALUES (685, 118);
INSERT INTO `empresa_rubro` VALUES (686, 118);
INSERT INTO `empresa_rubro` VALUES (501, 121);
INSERT INTO `empresa_rubro` VALUES (688, 108);
INSERT INTO `empresa_rubro` VALUES (689, 118);
INSERT INTO `empresa_rubro` VALUES (691, 127);
INSERT INTO `empresa_rubro` VALUES (692, 118);
INSERT INTO `empresa_rubro` VALUES (693, 118);
INSERT INTO `empresa_rubro` VALUES (695, 127);
INSERT INTO `empresa_rubro` VALUES (696, 127);
INSERT INTO `empresa_rubro` VALUES (698, 121);
INSERT INTO `empresa_rubro` VALUES (699, 118);
INSERT INTO `empresa_rubro` VALUES (700, 118);
INSERT INTO `empresa_rubro` VALUES (701, 127);
INSERT INTO `empresa_rubro` VALUES (702, 107);
INSERT INTO `empresa_rubro` VALUES (703, 118);
INSERT INTO `empresa_rubro` VALUES (704, 118);
INSERT INTO `empresa_rubro` VALUES (706, 118);
INSERT INTO `empresa_rubro` VALUES (707, 118);
INSERT INTO `empresa_rubro` VALUES (709, 118);
INSERT INTO `empresa_rubro` VALUES (710, 127);
INSERT INTO `empresa_rubro` VALUES (711, 127);
INSERT INTO `empresa_rubro` VALUES (713, 127);
INSERT INTO `empresa_rubro` VALUES (718, 118);
INSERT INTO `empresa_rubro` VALUES (719, 118);
INSERT INTO `empresa_rubro` VALUES (720, 100);
INSERT INTO `empresa_rubro` VALUES (721, 118);
INSERT INTO `empresa_rubro` VALUES (722, 118);
INSERT INTO `empresa_rubro` VALUES (724, 127);
INSERT INTO `empresa_rubro` VALUES (725, 118);
INSERT INTO `empresa_rubro` VALUES (726, 110);
INSERT INTO `empresa_rubro` VALUES (728, 127);
INSERT INTO `empresa_rubro` VALUES (729, 127);
INSERT INTO `empresa_rubro` VALUES (730, 118);
INSERT INTO `empresa_rubro` VALUES (731, 127);
INSERT INTO `empresa_rubro` VALUES (732, 118);
INSERT INTO `empresa_rubro` VALUES (733, 118);
INSERT INTO `empresa_rubro` VALUES (734, 118);
INSERT INTO `empresa_rubro` VALUES (735, 118);
INSERT INTO `empresa_rubro` VALUES (736, 118);
INSERT INTO `empresa_rubro` VALUES (737, 118);
INSERT INTO `empresa_rubro` VALUES (739, 118);
INSERT INTO `empresa_rubro` VALUES (741, 118);
INSERT INTO `empresa_rubro` VALUES (742, 100);
INSERT INTO `empresa_rubro` VALUES (743, 118);
INSERT INTO `empresa_rubro` VALUES (744, 118);
INSERT INTO `empresa_rubro` VALUES (745, 102);
INSERT INTO `empresa_rubro` VALUES (746, 118);
INSERT INTO `empresa_rubro` VALUES (747, 118);
INSERT INTO `empresa_rubro` VALUES (748, 118);
INSERT INTO `empresa_rubro` VALUES (749, 118);
INSERT INTO `empresa_rubro` VALUES (750, 121);
INSERT INTO `empresa_rubro` VALUES (751, 127);
INSERT INTO `empresa_rubro` VALUES (752, 124);
INSERT INTO `empresa_rubro` VALUES (753, 118);
INSERT INTO `empresa_rubro` VALUES (754, 118);
INSERT INTO `empresa_rubro` VALUES (755, 118);
INSERT INTO `empresa_rubro` VALUES (756, 123);
INSERT INTO `empresa_rubro` VALUES (757, 118);
INSERT INTO `empresa_rubro` VALUES (758, 118);
INSERT INTO `empresa_rubro` VALUES (759, 102);
INSERT INTO `empresa_rubro` VALUES (761, 118);
INSERT INTO `empresa_rubro` VALUES (763, 109);
INSERT INTO `empresa_rubro` VALUES (765, 127);
INSERT INTO `empresa_rubro` VALUES (766, 123);
INSERT INTO `empresa_rubro` VALUES (767, 118);
INSERT INTO `empresa_rubro` VALUES (768, 118);
INSERT INTO `empresa_rubro` VALUES (769, 118);
INSERT INTO `empresa_rubro` VALUES (770, 118);
INSERT INTO `empresa_rubro` VALUES (773, 127);
INSERT INTO `empresa_rubro` VALUES (774, 118);
INSERT INTO `empresa_rubro` VALUES (775, 118);
INSERT INTO `empresa_rubro` VALUES (776, 118);
INSERT INTO `empresa_rubro` VALUES (778, 127);
INSERT INTO `empresa_rubro` VALUES (779, 118);
INSERT INTO `empresa_rubro` VALUES (781, 117);
INSERT INTO `empresa_rubro` VALUES (782, 118);
INSERT INTO `empresa_rubro` VALUES (783, 118);
INSERT INTO `empresa_rubro` VALUES (785, 126);
INSERT INTO `empresa_rubro` VALUES (786, 118);
INSERT INTO `empresa_rubro` VALUES (787, 127);
INSERT INTO `empresa_rubro` VALUES (788, 118);
INSERT INTO `empresa_rubro` VALUES (789, 118);
INSERT INTO `empresa_rubro` VALUES (790, 104);
INSERT INTO `empresa_rubro` VALUES (792, 104);
INSERT INTO `empresa_rubro` VALUES (794, 127);
INSERT INTO `empresa_rubro` VALUES (796, 127);
INSERT INTO `empresa_rubro` VALUES (797, 118);
INSERT INTO `empresa_rubro` VALUES (798, 100);
INSERT INTO `empresa_rubro` VALUES (799, 118);
INSERT INTO `empresa_rubro` VALUES (800, 118);
INSERT INTO `empresa_rubro` VALUES (802, 120);
INSERT INTO `empresa_rubro` VALUES (803, 118);
INSERT INTO `empresa_rubro` VALUES (804, 118);
INSERT INTO `empresa_rubro` VALUES (806, 127);
INSERT INTO `empresa_rubro` VALUES (807, 118);
INSERT INTO `empresa_rubro` VALUES (809, 102);
INSERT INTO `empresa_rubro` VALUES (810, 127);
INSERT INTO `empresa_rubro` VALUES (812, 118);
INSERT INTO `empresa_rubro` VALUES (814, 115);
INSERT INTO `empresa_rubro` VALUES (815, 118);
INSERT INTO `empresa_rubro` VALUES (817, 117);
INSERT INTO `empresa_rubro` VALUES (818, 127);
INSERT INTO `empresa_rubro` VALUES (820, 128);
INSERT INTO `empresa_rubro` VALUES (821, 118);
INSERT INTO `empresa_rubro` VALUES (822, 121);
INSERT INTO `empresa_rubro` VALUES (824, 121);
INSERT INTO `empresa_rubro` VALUES (826, 118);
INSERT INTO `empresa_rubro` VALUES (827, 106);
INSERT INTO `empresa_rubro` VALUES (828, 118);
INSERT INTO `empresa_rubro` VALUES (830, 118);
INSERT INTO `empresa_rubro` VALUES (831, 127);
INSERT INTO `empresa_rubro` VALUES (833, 118);
INSERT INTO `empresa_rubro` VALUES (834, 118);
INSERT INTO `empresa_rubro` VALUES (835, 123);
INSERT INTO `empresa_rubro` VALUES (836, 127);
INSERT INTO `empresa_rubro` VALUES (837, 118);
INSERT INTO `empresa_rubro` VALUES (838, 118);
INSERT INTO `empresa_rubro` VALUES (839, 118);
INSERT INTO `empresa_rubro` VALUES (840, 102);
INSERT INTO `empresa_rubro` VALUES (841, 118);
INSERT INTO `empresa_rubro` VALUES (844, 118);
INSERT INTO `empresa_rubro` VALUES (845, 118);
INSERT INTO `empresa_rubro` VALUES (847, 100);
INSERT INTO `empresa_rubro` VALUES (848, 118);
INSERT INTO `empresa_rubro` VALUES (850, 121);
INSERT INTO `empresa_rubro` VALUES (851, 118);
INSERT INTO `empresa_rubro` VALUES (852, 118);
INSERT INTO `empresa_rubro` VALUES (853, 102);
INSERT INTO `empresa_rubro` VALUES (854, 127);
INSERT INTO `empresa_rubro` VALUES (855, 118);
INSERT INTO `empresa_rubro` VALUES (857, 127);
INSERT INTO `empresa_rubro` VALUES (859, 121);
INSERT INTO `empresa_rubro` VALUES (860, 118);
INSERT INTO `empresa_rubro` VALUES (861, 123);
INSERT INTO `empresa_rubro` VALUES (862, 118);
INSERT INTO `empresa_rubro` VALUES (863, 121);
INSERT INTO `empresa_rubro` VALUES (865, 100);
INSERT INTO `empresa_rubro` VALUES (866, 127);
INSERT INTO `empresa_rubro` VALUES (867, 118);
INSERT INTO `empresa_rubro` VALUES (869, 118);
INSERT INTO `empresa_rubro` VALUES (870, 118);
INSERT INTO `empresa_rubro` VALUES (871, 117);
INSERT INTO `empresa_rubro` VALUES (872, 118);
INSERT INTO `empresa_rubro` VALUES (873, 100);
INSERT INTO `empresa_rubro` VALUES (874, 118);
INSERT INTO `empresa_rubro` VALUES (875, 123);
INSERT INTO `empresa_rubro` VALUES (877, 128);
INSERT INTO `empresa_rubro` VALUES (878, 127);
INSERT INTO `empresa_rubro` VALUES (880, 127);
INSERT INTO `empresa_rubro` VALUES (881, 128);
INSERT INTO `empresa_rubro` VALUES (883, 105);
INSERT INTO `empresa_rubro` VALUES (884, 118);
INSERT INTO `empresa_rubro` VALUES (885, 118);
INSERT INTO `empresa_rubro` VALUES (886, 128);
INSERT INTO `empresa_rubro` VALUES (887, 118);
INSERT INTO `empresa_rubro` VALUES (888, 118);
INSERT INTO `empresa_rubro` VALUES (889, 118);
INSERT INTO `empresa_rubro` VALUES (890, 127);
INSERT INTO `empresa_rubro` VALUES (891, 118);
INSERT INTO `empresa_rubro` VALUES (892, 123);
INSERT INTO `empresa_rubro` VALUES (893, 128);
INSERT INTO `empresa_rubro` VALUES (894, 102);
INSERT INTO `empresa_rubro` VALUES (895, 118);
INSERT INTO `empresa_rubro` VALUES (896, 118);
INSERT INTO `empresa_rubro` VALUES (897, 128);
INSERT INTO `empresa_rubro` VALUES (898, 118);
INSERT INTO `empresa_rubro` VALUES (899, 128);
INSERT INTO `empresa_rubro` VALUES (900, 118);
INSERT INTO `empresa_rubro` VALUES (902, 123);
INSERT INTO `empresa_rubro` VALUES (904, 118);
INSERT INTO `empresa_rubro` VALUES (905, 118);
INSERT INTO `empresa_rubro` VALUES (906, 128);
INSERT INTO `empresa_rubro` VALUES (907, 118);
INSERT INTO `empresa_rubro` VALUES (908, 100);
INSERT INTO `empresa_rubro` VALUES (909, 118);
INSERT INTO `empresa_rubro` VALUES (910, 123);
INSERT INTO `empresa_rubro` VALUES (911, 118);
INSERT INTO `empresa_rubro` VALUES (912, 123);
INSERT INTO `empresa_rubro` VALUES (914, 127);
INSERT INTO `empresa_rubro` VALUES (915, 118);
INSERT INTO `empresa_rubro` VALUES (916, 128);
INSERT INTO `empresa_rubro` VALUES (918, 118);
INSERT INTO `empresa_rubro` VALUES (919, 113);
INSERT INTO `empresa_rubro` VALUES (920, 121);
INSERT INTO `empresa_rubro` VALUES (922, 124);
INSERT INTO `empresa_rubro` VALUES (924, 126);
INSERT INTO `empresa_rubro` VALUES (925, 118);
INSERT INTO `empresa_rubro` VALUES (926, 127);
INSERT INTO `empresa_rubro` VALUES (927, 118);
INSERT INTO `empresa_rubro` VALUES (928, 126);
INSERT INTO `empresa_rubro` VALUES (929, 123);
INSERT INTO `empresa_rubro` VALUES (930, 118);
INSERT INTO `empresa_rubro` VALUES (931, 118);
INSERT INTO `empresa_rubro` VALUES (932, 118);
INSERT INTO `empresa_rubro` VALUES (933, 118);
INSERT INTO `empresa_rubro` VALUES (934, 118);
INSERT INTO `empresa_rubro` VALUES (935, 127);
INSERT INTO `empresa_rubro` VALUES (936, 128);
INSERT INTO `empresa_rubro` VALUES (937, 123);
INSERT INTO `empresa_rubro` VALUES (938, 127);
INSERT INTO `empresa_rubro` VALUES (942, 121);
INSERT INTO `empresa_rubro` VALUES (943, 121);
INSERT INTO `empresa_rubro` VALUES (944, 120);
INSERT INTO `empresa_rubro` VALUES (945, 118);
INSERT INTO `empresa_rubro` VALUES (946, 118);
INSERT INTO `empresa_rubro` VALUES (947, 118);
INSERT INTO `empresa_rubro` VALUES (948, 121);
INSERT INTO `empresa_rubro` VALUES (950, 121);
INSERT INTO `empresa_rubro` VALUES (951, 127);
INSERT INTO `empresa_rubro` VALUES (953, 118);
INSERT INTO `empresa_rubro` VALUES (954, 118);
INSERT INTO `empresa_rubro` VALUES (955, 118);
INSERT INTO `empresa_rubro` VALUES (956, 118);
INSERT INTO `empresa_rubro` VALUES (957, 118);
INSERT INTO `empresa_rubro` VALUES (959, 127);
INSERT INTO `empresa_rubro` VALUES (960, 118);
INSERT INTO `empresa_rubro` VALUES (961, 118);
INSERT INTO `empresa_rubro` VALUES (962, 118);
INSERT INTO `empresa_rubro` VALUES (963, 128);
INSERT INTO `empresa_rubro` VALUES (964, 118);
INSERT INTO `empresa_rubro` VALUES (965, 118);
INSERT INTO `empresa_rubro` VALUES (966, 118);
INSERT INTO `empresa_rubro` VALUES (968, 100);
INSERT INTO `empresa_rubro` VALUES (969, 118);
INSERT INTO `empresa_rubro` VALUES (970, 127);
INSERT INTO `empresa_rubro` VALUES (971, 127);
INSERT INTO `empresa_rubro` VALUES (972, 104);
INSERT INTO `empresa_rubro` VALUES (974, 117);
INSERT INTO `empresa_rubro` VALUES (975, 118);
INSERT INTO `empresa_rubro` VALUES (976, 118);
INSERT INTO `empresa_rubro` VALUES (978, 125);
INSERT INTO `empresa_rubro` VALUES (980, 128);
INSERT INTO `empresa_rubro` VALUES (981, 118);
INSERT INTO `empresa_rubro` VALUES (982, 118);
INSERT INTO `empresa_rubro` VALUES (983, 118);
INSERT INTO `empresa_rubro` VALUES (984, 118);
INSERT INTO `empresa_rubro` VALUES (985, 118);
INSERT INTO `empresa_rubro` VALUES (986, 118);
INSERT INTO `empresa_rubro` VALUES (987, 118);
INSERT INTO `empresa_rubro` VALUES (988, 118);
INSERT INTO `empresa_rubro` VALUES (989, 118);
INSERT INTO `empresa_rubro` VALUES (990, 121);
INSERT INTO `empresa_rubro` VALUES (991, 118);
INSERT INTO `empresa_rubro` VALUES (992, 118);
INSERT INTO `empresa_rubro` VALUES (993, 128);
INSERT INTO `empresa_rubro` VALUES (994, 118);
INSERT INTO `empresa_rubro` VALUES (995, 118);
INSERT INTO `empresa_rubro` VALUES (997, 118);
INSERT INTO `empresa_rubro` VALUES (998, 118);
INSERT INTO `empresa_rubro` VALUES (999, 118);
INSERT INTO `empresa_rubro` VALUES (1000, 118);
INSERT INTO `empresa_rubro` VALUES (1001, 118);
INSERT INTO `empresa_rubro` VALUES (1002, 118);
INSERT INTO `empresa_rubro` VALUES (1003, 127);
INSERT INTO `empresa_rubro` VALUES (1005, 127);
INSERT INTO `empresa_rubro` VALUES (1006, 127);
INSERT INTO `empresa_rubro` VALUES (1007, 118);
INSERT INTO `empresa_rubro` VALUES (1008, 118);
INSERT INTO `empresa_rubro` VALUES (1010, 127);
INSERT INTO `empresa_rubro` VALUES (1014, 128);
INSERT INTO `empresa_rubro` VALUES (1015, 118);
INSERT INTO `empresa_rubro` VALUES (1017, 127);
INSERT INTO `empresa_rubro` VALUES (1018, 102);
INSERT INTO `empresa_rubro` VALUES (1019, 118);
INSERT INTO `empresa_rubro` VALUES (1020, 118);
INSERT INTO `empresa_rubro` VALUES (1022, 127);
INSERT INTO `empresa_rubro` VALUES (1023, 118);
INSERT INTO `empresa_rubro` VALUES (1024, 127);
INSERT INTO `empresa_rubro` VALUES (1025, 117);
INSERT INTO `empresa_rubro` VALUES (1026, 118);
INSERT INTO `empresa_rubro` VALUES (1027, 127);
INSERT INTO `empresa_rubro` VALUES (1028, 124);
INSERT INTO `empresa_rubro` VALUES (1029, 118);
INSERT INTO `empresa_rubro` VALUES (1030, 127);
INSERT INTO `empresa_rubro` VALUES (1031, 128);
INSERT INTO `empresa_rubro` VALUES (1032, 118);
INSERT INTO `empresa_rubro` VALUES (1033, 118);
INSERT INTO `empresa_rubro` VALUES (1035, 127);
INSERT INTO `empresa_rubro` VALUES (1036, 127);
INSERT INTO `empresa_rubro` VALUES (1037, 127);
INSERT INTO `empresa_rubro` VALUES (1038, 121);
INSERT INTO `empresa_rubro` VALUES (1039, 102);
INSERT INTO `empresa_rubro` VALUES (1040, 118);
INSERT INTO `empresa_rubro` VALUES (1041, 121);
INSERT INTO `empresa_rubro` VALUES (1042, 100);
INSERT INTO `empresa_rubro` VALUES (1043, 118);
INSERT INTO `empresa_rubro` VALUES (1045, 118);
INSERT INTO `empresa_rubro` VALUES (1046, 127);
INSERT INTO `empresa_rubro` VALUES (1048, 127);
INSERT INTO `empresa_rubro` VALUES (1050, 127);
INSERT INTO `empresa_rubro` VALUES (1051, 127);
INSERT INTO `empresa_rubro` VALUES (1052, 127);
INSERT INTO `empresa_rubro` VALUES (1053, 118);
INSERT INTO `empresa_rubro` VALUES (1054, 118);
INSERT INTO `empresa_rubro` VALUES (1055, 118);
INSERT INTO `empresa_rubro` VALUES (1056, 128);
INSERT INTO `empresa_rubro` VALUES (1057, 117);
INSERT INTO `empresa_rubro` VALUES (1058, 118);
INSERT INTO `empresa_rubro` VALUES (1059, 118);
INSERT INTO `empresa_rubro` VALUES (1060, 127);
INSERT INTO `empresa_rubro` VALUES (1061, 118);
INSERT INTO `empresa_rubro` VALUES (1062, 118);
INSERT INTO `empresa_rubro` VALUES (1063, 100);
INSERT INTO `empresa_rubro` VALUES (1064, 129);
INSERT INTO `empresa_rubro` VALUES (357, 118);
INSERT INTO `empresa_rubro` VALUES (357, 121);
INSERT INTO `empresa_rubro` VALUES (1004, 118);
INSERT INTO `empresa_rubro` VALUES (1004, 127);
INSERT INTO `empresa_rubro` VALUES (1065, 131);
INSERT INTO `empresa_rubro` VALUES (1066, 118);
INSERT INTO `empresa_rubro` VALUES (1067, 118);
INSERT INTO `empresa_rubro` VALUES (1068, 123);
INSERT INTO `empresa_rubro` VALUES (917, 118);
INSERT INTO `empresa_rubro` VALUES (917, 117);
INSERT INTO `empresa_rubro` VALUES (207, 130);
INSERT INTO `empresa_rubro` VALUES (1069, 128);
INSERT INTO `empresa_rubro` VALUES (1070, 128);
INSERT INTO `empresa_rubro` VALUES (1071, 114);
INSERT INTO `empresa_rubro` VALUES (1072, 128);
INSERT INTO `empresa_rubro` VALUES (1073, 132);
INSERT INTO `empresa_rubro` VALUES (1074, 121);
INSERT INTO `empresa_rubro` VALUES (1075, 121);
INSERT INTO `empresa_rubro` VALUES (1076, 121);
INSERT INTO `empresa_rubro` VALUES (717, 102);
INSERT INTO `empresa_rubro` VALUES (717, 133);
INSERT INTO `empresa_rubro` VALUES (1009, 131);
INSERT INTO `empresa_rubro` VALUES (1077, 121);
INSERT INTO `empresa_rubro` VALUES (557, 118);
INSERT INTO `empresa_rubro` VALUES (557, 104);
INSERT INTO `empresa_rubro` VALUES (1078, 134);
INSERT INTO `empresa_rubro` VALUES (1079, 134);
INSERT INTO `empresa_rubro` VALUES (1080, 123);
INSERT INTO `empresa_rubro` VALUES (1081, 118);
INSERT INTO `empresa_rubro` VALUES (271, 131);
INSERT INTO `empresa_rubro` VALUES (1011, 131);
INSERT INTO `empresa_rubro` VALUES (438, 108);
INSERT INTO `empresa_rubro` VALUES (316, 135);
INSERT INTO `empresa_rubro` VALUES (1082, 117);
INSERT INTO `empresa_rubro` VALUES (1083, 136);
INSERT INTO `empresa_rubro` VALUES (1084, 127);
INSERT INTO `empresa_rubro` VALUES (1085, 109);
INSERT INTO `empresa_rubro` VALUES (1086, 106);
INSERT INTO `empresa_rubro` VALUES (1087, 137);
INSERT INTO `empresa_rubro` VALUES (1088, 121);
INSERT INTO `empresa_rubro` VALUES (1089, 121);
INSERT INTO `empresa_rubro` VALUES (1090, 128);
INSERT INTO `empresa_rubro` VALUES (1091, 102);
INSERT INTO `empresa_rubro` VALUES (1092, 102);
INSERT INTO `empresa_rubro` VALUES (1093, 128);
INSERT INTO `empresa_rubro` VALUES (1094, 128);
INSERT INTO `empresa_rubro` VALUES (1095, 128);
INSERT INTO `empresa_rubro` VALUES (1096, 128);
INSERT INTO `empresa_rubro` VALUES (1097, 128);
INSERT INTO `empresa_rubro` VALUES (1098, 128);
INSERT INTO `empresa_rubro` VALUES (1099, 128);
INSERT INTO `empresa_rubro` VALUES (1100, 128);
INSERT INTO `empresa_rubro` VALUES (1101, 128);
INSERT INTO `empresa_rubro` VALUES (1102, 138);
INSERT INTO `empresa_rubro` VALUES (1103, 102);
INSERT INTO `empresa_rubro` VALUES (1104, 118);
INSERT INTO `empresa_rubro` VALUES (1105, 107);
INSERT INTO `empresa_rubro` VALUES (1106, 128);
INSERT INTO `empresa_rubro` VALUES (1107, 128);
INSERT INTO `empresa_rubro` VALUES (1108, 123);
INSERT INTO `empresa_rubro` VALUES (1109, 100);
INSERT INTO `empresa_rubro` VALUES (1110, 125);
INSERT INTO `empresa_rubro` VALUES (1111, 102);
INSERT INTO `empresa_rubro` VALUES (1112, 118);
INSERT INTO `empresa_rubro` VALUES (1113, 102);
INSERT INTO `empresa_rubro` VALUES (1114, 120);
INSERT INTO `empresa_rubro` VALUES (1115, 127);
INSERT INTO `empresa_rubro` VALUES (1116, 108);
INSERT INTO `empresa_rubro` VALUES (1117, 127);
INSERT INTO `empresa_rubro` VALUES (1118, 139);
INSERT INTO `empresa_rubro` VALUES (1119, 132);
INSERT INTO `empresa_rubro` VALUES (1120, 123);
INSERT INTO `empresa_rubro` VALUES (1121, 127);
INSERT INTO `empresa_rubro` VALUES (1122, 123);
INSERT INTO `empresa_rubro` VALUES (1123, 123);
INSERT INTO `empresa_rubro` VALUES (1124, 100);
INSERT INTO `empresa_rubro` VALUES (1125, 102);
INSERT INTO `empresa_rubro` VALUES (1126, 118);
INSERT INTO `empresa_rubro` VALUES (1127, 130);
INSERT INTO `empresa_rubro` VALUES (1128, 132);
INSERT INTO `empresa_rubro` VALUES (1129, 121);
INSERT INTO `empresa_rubro` VALUES (1130, 128);
INSERT INTO `empresa_rubro` VALUES (1131, 121);
INSERT INTO `empresa_rubro` VALUES (1132, 133);
INSERT INTO `empresa_rubro` VALUES (1133, 118);
INSERT INTO `empresa_rubro` VALUES (1134, 130);
INSERT INTO `empresa_rubro` VALUES (1135, 130);
INSERT INTO `empresa_rubro` VALUES (1136, 130);
INSERT INTO `empresa_rubro` VALUES (1137, 125);
INSERT INTO `empresa_rubro` VALUES (1138, 104);
INSERT INTO `empresa_rubro` VALUES (1139, 118);
INSERT INTO `empresa_rubro` VALUES (1140, 121);
INSERT INTO `empresa_rubro` VALUES (1141, 118);
INSERT INTO `empresa_rubro` VALUES (1142, 121);
INSERT INTO `empresa_rubro` VALUES (1143, 124);
INSERT INTO `empresa_rubro` VALUES (1144, 127);
INSERT INTO `empresa_rubro` VALUES (203, 118);
INSERT INTO `empresa_rubro` VALUES (203, 130);
INSERT INTO `empresa_rubro` VALUES (1145, 121);
INSERT INTO `empresa_rubro` VALUES (1146, 125);
INSERT INTO `empresa_rubro` VALUES (1147, 121);
INSERT INTO `empresa_rubro` VALUES (1148, 128);
INSERT INTO `empresa_rubro` VALUES (1149, 113);
INSERT INTO `empresa_rubro` VALUES (1150, 113);
INSERT INTO `empresa_rubro` VALUES (1151, 134);
INSERT INTO `empresa_rubro` VALUES (1152, 124);
INSERT INTO `empresa_rubro` VALUES (1153, 126);
INSERT INTO `empresa_rubro` VALUES (1154, 107);
INSERT INTO `empresa_rubro` VALUES (1154, 121);
INSERT INTO `empresa_rubro` VALUES (626, 136);

-- ----------------------------
-- Table structure for eq_categoria
-- ----------------------------
DROP TABLE IF EXISTS `eq_categoria`;
CREATE TABLE `eq_categoria`  (
  `id_categoria` bigint(20) NOT NULL AUTO_INCREMENT,
  `nombre` char(20) CHARACTER SET utf8 COLLATE utf8_general_ci NULL DEFAULT '-',
  PRIMARY KEY (`id_categoria`) USING BTREE
) ENGINE = InnoDB AUTO_INCREMENT = 6 CHARACTER SET = utf8 COLLATE = utf8_general_ci ROW_FORMAT = Compact;

-- ----------------------------
-- Records of eq_categoria
-- ----------------------------
INSERT INTO `eq_categoria` VALUES (1, 'Maquinaria');
INSERT INTO `eq_categoria` VALUES (2, 'Herramienta');
INSERT INTO `eq_categoria` VALUES (3, 'Rodado');
INSERT INTO `eq_categoria` VALUES (5, 'Otro');

-- ----------------------------
-- Table structure for eq_compra_venta
-- ----------------------------
DROP TABLE IF EXISTS `eq_compra_venta`;
CREATE TABLE `eq_compra_venta`  (
  `id_compra_venta` bigint(20) NOT NULL AUTO_INCREMENT,
  `fecha_compra` datetime(0) NULL DEFAULT NULL,
  `vendedor` char(20) CHARACTER SET utf8 COLLATE utf8_general_ci NULL DEFAULT '-',
  `valor_compra` double NULL DEFAULT NULL,
  `fecha_venta` datetime(0) NULL DEFAULT NULL,
  `comprador` char(20) CHARACTER SET utf8 COLLATE utf8_general_ci NULL DEFAULT '-',
  `valor_venta` double NULL DEFAULT NULL,
  `otro` char(20) CHARACTER SET utf8 COLLATE utf8_general_ci NULL DEFAULT '-',
  PRIMARY KEY (`id_compra_venta`) USING BTREE
) ENGINE = InnoDB AUTO_INCREMENT = 178 CHARACTER SET = utf8 COLLATE = utf8_general_ci ROW_FORMAT = Compact;

-- ----------------------------
-- Records of eq_compra_venta
-- ----------------------------
INSERT INTO `eq_compra_venta` VALUES (1, '2018-10-16 11:15:20', '-', NULL, NULL, '-', NULL, '-');
INSERT INTO `eq_compra_venta` VALUES (3, '2018-05-16 10:06:27', '-', 0, NULL, NULL, NULL, NULL);
INSERT INTO `eq_compra_venta` VALUES (4, '2018-05-16 10:08:52', 'Remonda', 550000, NULL, NULL, NULL, NULL);
INSERT INTO `eq_compra_venta` VALUES (5, '2018-05-16 10:36:50', '-', 0, NULL, NULL, NULL, NULL);
INSERT INTO `eq_compra_venta` VALUES (6, '2018-05-16 10:51:46', '-', 0, NULL, NULL, NULL, NULL);
INSERT INTO `eq_compra_venta` VALUES (7, '2018-05-16 17:56:51', '-', 0, NULL, NULL, NULL, NULL);
INSERT INTO `eq_compra_venta` VALUES (8, '2018-05-16 18:02:11', '-', 0, NULL, NULL, NULL, NULL);
INSERT INTO `eq_compra_venta` VALUES (9, '2018-05-16 18:32:10', '-', 0, NULL, NULL, NULL, NULL);
INSERT INTO `eq_compra_venta` VALUES (10, '2018-05-16 18:34:29', '-', 0, NULL, NULL, NULL, NULL);
INSERT INTO `eq_compra_venta` VALUES (11, '2018-05-16 18:38:35', '-', 0, NULL, NULL, NULL, NULL);
INSERT INTO `eq_compra_venta` VALUES (12, '2018-05-16 18:39:19', '-', 0, NULL, NULL, NULL, NULL);
INSERT INTO `eq_compra_venta` VALUES (13, '2018-05-16 19:00:35', '-', 0, NULL, NULL, NULL, NULL);
INSERT INTO `eq_compra_venta` VALUES (14, '2018-05-16 19:06:43', '-', 0, NULL, NULL, NULL, NULL);
INSERT INTO `eq_compra_venta` VALUES (15, '2018-05-16 19:37:08', '-', 100000, NULL, NULL, NULL, NULL);
INSERT INTO `eq_compra_venta` VALUES (16, '2018-07-04 16:48:08', '-', 0, NULL, NULL, NULL, NULL);
INSERT INTO `eq_compra_venta` VALUES (17, '2018-07-04 17:05:36', 'Pedro Vendedor', 100000, NULL, NULL, NULL, NULL);
INSERT INTO `eq_compra_venta` VALUES (18, '2018-07-04 17:07:20', '-', 0, NULL, NULL, NULL, NULL);
INSERT INTO `eq_compra_venta` VALUES (19, '2018-07-04 18:23:15', 'Lolo', 654321, NULL, NULL, NULL, NULL);
INSERT INTO `eq_compra_venta` VALUES (20, '2018-07-04 18:24:23', '-', 0, NULL, NULL, NULL, NULL);
INSERT INTO `eq_compra_venta` VALUES (21, '2018-07-04 18:25:45', 'K-El', 987654, NULL, NULL, NULL, NULL);
INSERT INTO `eq_compra_venta` VALUES (22, '2018-07-04 18:30:00', 'K-El', 987654, NULL, NULL, NULL, NULL);
INSERT INTO `eq_compra_venta` VALUES (23, '2018-07-04 18:36:45', 'K-El', 654987, NULL, NULL, NULL, NULL);
INSERT INTO `eq_compra_venta` VALUES (24, '2018-07-04 18:46:44', 'K-El', 321654, NULL, NULL, NULL, NULL);
INSERT INTO `eq_compra_venta` VALUES (25, '2018-07-04 18:51:12', 'K-el', 369258, NULL, NULL, NULL, NULL);
INSERT INTO `eq_compra_venta` VALUES (26, '2018-07-04 18:56:38', 'K-El', 654987, NULL, NULL, NULL, NULL);
INSERT INTO `eq_compra_venta` VALUES (27, '2018-07-04 19:02:02', 'sdasdas', 0, NULL, NULL, NULL, NULL);
INSERT INTO `eq_compra_venta` VALUES (28, '2018-07-05 08:25:16', '-', 0, NULL, NULL, NULL, NULL);
INSERT INTO `eq_compra_venta` VALUES (29, '2018-07-05 08:29:06', '-', 0, NULL, NULL, NULL, NULL);
INSERT INTO `eq_compra_venta` VALUES (30, '2018-07-05 08:55:37', 'K-El', 654874, NULL, NULL, NULL, NULL);
INSERT INTO `eq_compra_venta` VALUES (31, '2018-07-06 18:07:12', '-', 0, NULL, NULL, NULL, NULL);
INSERT INTO `eq_compra_venta` VALUES (32, '2018-07-06 18:58:22', 'Lalo LoL', 548798, NULL, NULL, NULL, NULL);
INSERT INTO `eq_compra_venta` VALUES (33, '2019-04-18 17:40:29', '-', 0, NULL, NULL, NULL, NULL);
INSERT INTO `eq_compra_venta` VALUES (34, '2019-04-24 08:50:01', '-', 0, NULL, NULL, NULL, NULL);
INSERT INTO `eq_compra_venta` VALUES (35, '2019-04-24 08:53:02', '-', 0, NULL, NULL, NULL, NULL);
INSERT INTO `eq_compra_venta` VALUES (36, '2019-04-24 08:53:27', '-', 0, NULL, NULL, NULL, NULL);
INSERT INTO `eq_compra_venta` VALUES (37, '2019-04-24 08:58:27', '-', 0, NULL, NULL, NULL, NULL);
INSERT INTO `eq_compra_venta` VALUES (38, '2019-04-24 09:34:09', '-', 0, NULL, NULL, NULL, NULL);
INSERT INTO `eq_compra_venta` VALUES (39, '2019-04-24 09:34:25', '-', 0, NULL, NULL, NULL, NULL);
INSERT INTO `eq_compra_venta` VALUES (40, '2019-04-24 16:40:10', '-', 0, NULL, NULL, NULL, NULL);
INSERT INTO `eq_compra_venta` VALUES (41, '2019-04-24 16:42:22', '-', 0, NULL, NULL, NULL, NULL);
INSERT INTO `eq_compra_venta` VALUES (42, '2019-04-24 16:42:40', '-', 0, NULL, NULL, NULL, NULL);
INSERT INTO `eq_compra_venta` VALUES (43, '2019-04-24 16:42:59', '-', 0, NULL, NULL, NULL, NULL);
INSERT INTO `eq_compra_venta` VALUES (44, '2019-04-24 16:55:19', '-', 0, NULL, NULL, NULL, NULL);
INSERT INTO `eq_compra_venta` VALUES (45, '2019-04-24 16:55:31', '-', 0, NULL, NULL, NULL, NULL);
INSERT INTO `eq_compra_venta` VALUES (46, '2019-04-24 16:55:48', '-', 0, NULL, NULL, NULL, NULL);
INSERT INTO `eq_compra_venta` VALUES (47, '2019-04-24 16:56:20', '-', 0, NULL, NULL, NULL, NULL);
INSERT INTO `eq_compra_venta` VALUES (48, '2019-04-24 16:56:30', '-', 0, NULL, NULL, NULL, NULL);
INSERT INTO `eq_compra_venta` VALUES (49, '2019-04-24 16:56:41', '-', 0, NULL, NULL, NULL, NULL);
INSERT INTO `eq_compra_venta` VALUES (50, '2019-04-24 16:57:51', '-', 0, NULL, NULL, NULL, NULL);
INSERT INTO `eq_compra_venta` VALUES (51, '2019-04-24 16:58:00', '-', 0, NULL, NULL, NULL, NULL);
INSERT INTO `eq_compra_venta` VALUES (52, '2019-04-24 16:58:07', '-', 0, NULL, NULL, NULL, NULL);
INSERT INTO `eq_compra_venta` VALUES (53, '2019-04-24 16:58:15', '-', 0, NULL, NULL, NULL, NULL);
INSERT INTO `eq_compra_venta` VALUES (54, '2019-04-24 16:58:21', '-', 0, NULL, NULL, NULL, NULL);
INSERT INTO `eq_compra_venta` VALUES (55, '2019-04-24 16:58:27', '-', 0, NULL, NULL, NULL, NULL);
INSERT INTO `eq_compra_venta` VALUES (56, '2019-04-24 16:58:42', '-', 0, NULL, NULL, NULL, NULL);
INSERT INTO `eq_compra_venta` VALUES (57, '2019-04-24 16:59:18', '-', 0, NULL, NULL, NULL, NULL);
INSERT INTO `eq_compra_venta` VALUES (58, '2019-04-24 16:59:32', '-', 0, NULL, NULL, NULL, NULL);
INSERT INTO `eq_compra_venta` VALUES (59, '2019-04-24 17:00:48', '-', 0, NULL, NULL, NULL, NULL);
INSERT INTO `eq_compra_venta` VALUES (60, '2019-04-24 17:01:01', '-', 0, NULL, NULL, NULL, NULL);
INSERT INTO `eq_compra_venta` VALUES (61, '2019-04-24 19:16:30', '-', 0, NULL, NULL, NULL, NULL);
INSERT INTO `eq_compra_venta` VALUES (62, '2019-04-24 19:16:46', '-', 0, NULL, NULL, NULL, NULL);
INSERT INTO `eq_compra_venta` VALUES (63, '2019-04-24 19:16:56', '-', 0, NULL, NULL, NULL, NULL);
INSERT INTO `eq_compra_venta` VALUES (64, '2019-04-24 19:17:11', '-', 0, NULL, NULL, NULL, NULL);
INSERT INTO `eq_compra_venta` VALUES (65, '2019-04-24 19:17:33', '-', 0, NULL, NULL, NULL, NULL);
INSERT INTO `eq_compra_venta` VALUES (66, '2019-05-15 18:02:44', '-', 0, NULL, NULL, NULL, NULL);
INSERT INTO `eq_compra_venta` VALUES (67, '2019-05-15 18:12:37', '-', 0, NULL, NULL, NULL, NULL);
INSERT INTO `eq_compra_venta` VALUES (68, '2019-05-15 18:13:54', '-', 0, NULL, NULL, NULL, NULL);
INSERT INTO `eq_compra_venta` VALUES (69, '2019-05-15 18:18:30', '-', 0, NULL, NULL, NULL, NULL);
INSERT INTO `eq_compra_venta` VALUES (70, '2019-05-15 18:20:37', '-', 0, NULL, NULL, NULL, NULL);
INSERT INTO `eq_compra_venta` VALUES (71, '2019-05-15 18:24:13', '-', 0, NULL, NULL, NULL, NULL);
INSERT INTO `eq_compra_venta` VALUES (72, '2019-05-15 18:34:19', '-', 0, NULL, NULL, NULL, NULL);
INSERT INTO `eq_compra_venta` VALUES (73, '2019-05-31 09:31:29', '-', 0, NULL, NULL, NULL, NULL);
INSERT INTO `eq_compra_venta` VALUES (74, '2019-05-31 09:32:01', '-', 0, NULL, NULL, NULL, NULL);
INSERT INTO `eq_compra_venta` VALUES (75, '2019-05-31 09:32:26', '-', 0, NULL, NULL, NULL, NULL);
INSERT INTO `eq_compra_venta` VALUES (76, '2019-06-13 09:44:20', '-', 0, NULL, NULL, NULL, NULL);
INSERT INTO `eq_compra_venta` VALUES (77, '2019-08-01 17:23:27', '-', 0, NULL, NULL, NULL, NULL);
INSERT INTO `eq_compra_venta` VALUES (78, '2019-08-01 17:23:44', '-', 0, NULL, NULL, NULL, NULL);
INSERT INTO `eq_compra_venta` VALUES (79, '2019-08-01 17:23:58', '-', 0, NULL, NULL, NULL, NULL);
INSERT INTO `eq_compra_venta` VALUES (80, '2019-08-01 17:24:15', '-', 0, NULL, NULL, NULL, NULL);
INSERT INTO `eq_compra_venta` VALUES (81, '2019-08-01 17:24:28', '-', 0, NULL, NULL, NULL, NULL);
INSERT INTO `eq_compra_venta` VALUES (82, '2019-08-01 17:24:50', '-', 0, NULL, NULL, NULL, NULL);
INSERT INTO `eq_compra_venta` VALUES (83, '2019-08-01 17:25:00', '-', 0, NULL, NULL, NULL, NULL);
INSERT INTO `eq_compra_venta` VALUES (84, '2019-08-01 17:25:16', '-', 0, NULL, NULL, NULL, NULL);
INSERT INTO `eq_compra_venta` VALUES (85, '2019-08-01 17:25:28', '-', 0, NULL, NULL, NULL, NULL);
INSERT INTO `eq_compra_venta` VALUES (86, '2019-08-01 17:26:03', '-', 0, NULL, NULL, NULL, NULL);
INSERT INTO `eq_compra_venta` VALUES (87, '2019-08-01 17:26:13', '-', 0, NULL, NULL, NULL, NULL);
INSERT INTO `eq_compra_venta` VALUES (88, '2019-08-01 17:26:22', '-', 0, NULL, NULL, NULL, NULL);
INSERT INTO `eq_compra_venta` VALUES (89, '2019-08-01 17:26:33', '-', 0, NULL, NULL, NULL, NULL);
INSERT INTO `eq_compra_venta` VALUES (90, '2019-08-01 17:27:45', '-', 0, NULL, NULL, NULL, NULL);
INSERT INTO `eq_compra_venta` VALUES (91, '2019-08-01 17:28:02', '-', 0, NULL, NULL, NULL, NULL);
INSERT INTO `eq_compra_venta` VALUES (92, '2019-08-01 17:28:15', '-', 0, NULL, NULL, NULL, NULL);
INSERT INTO `eq_compra_venta` VALUES (93, '2019-08-01 17:28:30', '-', 0, NULL, NULL, NULL, NULL);
INSERT INTO `eq_compra_venta` VALUES (94, '2019-08-01 17:30:58', '-', 0, NULL, NULL, NULL, NULL);
INSERT INTO `eq_compra_venta` VALUES (95, '2019-08-01 17:31:06', '-', 0, NULL, NULL, NULL, NULL);
INSERT INTO `eq_compra_venta` VALUES (96, '2019-08-01 17:31:14', '-', 0, NULL, NULL, NULL, NULL);
INSERT INTO `eq_compra_venta` VALUES (97, '2019-08-01 17:32:54', '-', 0, NULL, NULL, NULL, NULL);
INSERT INTO `eq_compra_venta` VALUES (98, '2019-08-01 17:33:03', '-', 0, NULL, NULL, NULL, NULL);
INSERT INTO `eq_compra_venta` VALUES (99, '2019-08-01 17:33:47', '-', 0, NULL, NULL, NULL, NULL);
INSERT INTO `eq_compra_venta` VALUES (100, '2019-08-01 17:34:09', '-', 0, NULL, NULL, NULL, NULL);
INSERT INTO `eq_compra_venta` VALUES (101, '2019-08-01 17:34:24', '-', 0, NULL, NULL, NULL, NULL);
INSERT INTO `eq_compra_venta` VALUES (102, '2019-08-01 17:34:51', '-', 0, NULL, NULL, NULL, NULL);
INSERT INTO `eq_compra_venta` VALUES (103, '2019-08-01 17:35:10', '-', 0, NULL, NULL, NULL, NULL);
INSERT INTO `eq_compra_venta` VALUES (104, '2019-08-01 17:35:38', '-', 0, NULL, NULL, NULL, NULL);
INSERT INTO `eq_compra_venta` VALUES (105, '2019-08-01 17:36:08', '-', 0, NULL, NULL, NULL, NULL);
INSERT INTO `eq_compra_venta` VALUES (106, '2019-08-01 17:36:18', '-', 0, NULL, NULL, NULL, NULL);
INSERT INTO `eq_compra_venta` VALUES (107, '2019-08-01 17:38:14', '-', 0, NULL, NULL, NULL, NULL);
INSERT INTO `eq_compra_venta` VALUES (108, '2019-08-01 17:38:57', '-', 0, NULL, NULL, NULL, NULL);
INSERT INTO `eq_compra_venta` VALUES (109, '2019-08-01 17:39:19', '-', 0, NULL, NULL, NULL, NULL);
INSERT INTO `eq_compra_venta` VALUES (110, '2019-08-01 17:39:27', '-', 0, NULL, NULL, NULL, NULL);
INSERT INTO `eq_compra_venta` VALUES (111, '2019-08-01 17:39:36', '-', 0, NULL, NULL, NULL, NULL);
INSERT INTO `eq_compra_venta` VALUES (112, '2019-08-01 17:39:43', '-', 0, NULL, NULL, NULL, NULL);
INSERT INTO `eq_compra_venta` VALUES (113, '2019-08-01 17:39:52', '-', 0, NULL, NULL, NULL, NULL);
INSERT INTO `eq_compra_venta` VALUES (114, '2019-08-01 17:39:59', '-', 0, NULL, NULL, NULL, NULL);
INSERT INTO `eq_compra_venta` VALUES (115, '2019-08-01 17:40:06', '-', 0, NULL, NULL, NULL, NULL);
INSERT INTO `eq_compra_venta` VALUES (116, '2019-08-01 17:40:28', '-', 0, NULL, NULL, NULL, NULL);
INSERT INTO `eq_compra_venta` VALUES (117, '2019-08-01 17:40:43', '-', 0, NULL, NULL, NULL, NULL);
INSERT INTO `eq_compra_venta` VALUES (118, '2019-08-01 17:40:51', '-', 0, NULL, NULL, NULL, NULL);
INSERT INTO `eq_compra_venta` VALUES (119, '2019-08-01 17:41:02', '-', 0, NULL, NULL, NULL, NULL);
INSERT INTO `eq_compra_venta` VALUES (120, '2019-08-01 17:41:10', '-', 0, NULL, NULL, NULL, NULL);
INSERT INTO `eq_compra_venta` VALUES (121, '2019-08-01 17:41:17', '-', 0, NULL, NULL, NULL, NULL);
INSERT INTO `eq_compra_venta` VALUES (122, '2019-08-01 17:41:27', '-', 0, NULL, NULL, NULL, NULL);
INSERT INTO `eq_compra_venta` VALUES (123, '2019-08-01 17:41:37', '-', 0, NULL, NULL, NULL, NULL);
INSERT INTO `eq_compra_venta` VALUES (124, '2019-08-01 17:41:44', '-', 0, NULL, NULL, NULL, NULL);
INSERT INTO `eq_compra_venta` VALUES (125, '2019-08-01 17:42:03', '-', 0, NULL, NULL, NULL, NULL);
INSERT INTO `eq_compra_venta` VALUES (126, '2019-08-01 17:42:14', '-', 0, NULL, NULL, NULL, NULL);
INSERT INTO `eq_compra_venta` VALUES (127, '2019-08-01 17:42:19', '-', 0, NULL, NULL, NULL, NULL);
INSERT INTO `eq_compra_venta` VALUES (128, '2019-08-01 17:42:55', '-', 0, NULL, NULL, NULL, NULL);
INSERT INTO `eq_compra_venta` VALUES (129, '2019-08-16 17:52:38', '-', 0, NULL, NULL, NULL, NULL);
INSERT INTO `eq_compra_venta` VALUES (130, '2019-08-16 17:52:48', '-', 0, NULL, NULL, NULL, NULL);
INSERT INTO `eq_compra_venta` VALUES (131, '2019-08-16 17:52:58', '-', 0, NULL, NULL, NULL, NULL);
INSERT INTO `eq_compra_venta` VALUES (132, '2019-08-16 18:05:40', 'Acoplados Rurales SA', 167999, NULL, NULL, NULL, NULL);
INSERT INTO `eq_compra_venta` VALUES (133, '2019-09-23 10:08:27', 'El Tero', 1385000, NULL, NULL, NULL, NULL);
INSERT INTO `eq_compra_venta` VALUES (134, '2019-09-23 11:10:33', 'Derka y Vargas', 743200, NULL, NULL, NULL, NULL);
INSERT INTO `eq_compra_venta` VALUES (135, '2019-09-23 11:11:46', 'Amiun SA', 757500, NULL, NULL, NULL, NULL);
INSERT INTO `eq_compra_venta` VALUES (136, '2019-09-23 11:12:01', '-', 0, NULL, NULL, NULL, NULL);
INSERT INTO `eq_compra_venta` VALUES (137, '2019-09-25 09:18:47', 'Gonar Automotores SA', 0, NULL, NULL, NULL, NULL);
INSERT INTO `eq_compra_venta` VALUES (138, '2019-09-25 09:21:07', 'Derka y Vargas', 1280400, NULL, NULL, NULL, NULL);
INSERT INTO `eq_compra_venta` VALUES (139, '2019-09-25 09:23:22', '-', 0, NULL, NULL, NULL, NULL);
INSERT INTO `eq_compra_venta` VALUES (140, '2019-09-25 09:25:03', '-', 0, NULL, NULL, NULL, NULL);
INSERT INTO `eq_compra_venta` VALUES (141, '2019-09-25 09:25:56', '-', 0, NULL, NULL, NULL, NULL);
INSERT INTO `eq_compra_venta` VALUES (142, '2019-09-25 09:27:22', '-', 0, NULL, NULL, NULL, NULL);
INSERT INTO `eq_compra_venta` VALUES (143, '2019-09-25 09:28:32', '-', 0, NULL, NULL, NULL, NULL);
INSERT INTO `eq_compra_venta` VALUES (144, '2019-09-25 09:30:05', 'Gonar SA', 4539382, NULL, NULL, NULL, NULL);
INSERT INTO `eq_compra_venta` VALUES (145, '2019-09-25 09:31:17', 'Derka y Vargas', 632800, NULL, NULL, NULL, NULL);
INSERT INTO `eq_compra_venta` VALUES (146, '2019-09-25 09:32:30', 'Derka y Vargas', 532800, NULL, NULL, NULL, NULL);
INSERT INTO `eq_compra_venta` VALUES (147, '2019-09-25 09:32:51', '-', 0, NULL, NULL, NULL, NULL);
INSERT INTO `eq_compra_venta` VALUES (148, '2019-09-25 09:33:06', '-', 0, NULL, NULL, NULL, NULL);
INSERT INTO `eq_compra_venta` VALUES (149, '2019-09-25 09:33:23', '-', 0, NULL, NULL, NULL, NULL);
INSERT INTO `eq_compra_venta` VALUES (150, '2019-09-25 09:33:33', '-', 0, NULL, NULL, NULL, NULL);
INSERT INTO `eq_compra_venta` VALUES (151, '2019-09-25 09:33:47', '-', 0, NULL, NULL, NULL, NULL);
INSERT INTO `eq_compra_venta` VALUES (152, '2019-09-25 09:34:01', '-', 0, NULL, NULL, NULL, NULL);
INSERT INTO `eq_compra_venta` VALUES (153, '2019-09-25 09:34:15', '-', 0, NULL, NULL, NULL, NULL);
INSERT INTO `eq_compra_venta` VALUES (154, '2019-09-25 09:34:32', '-', 0, NULL, NULL, NULL, NULL);
INSERT INTO `eq_compra_venta` VALUES (155, '2019-09-25 09:34:49', '-', 0, NULL, NULL, NULL, NULL);
INSERT INTO `eq_compra_venta` VALUES (156, '2020-01-17 00:00:00', 'Gonar SA', 0, NULL, NULL, NULL, NULL);
INSERT INTO `eq_compra_venta` VALUES (157, '2020-01-17 00:00:00', 'Gonar SA', 0, NULL, NULL, NULL, NULL);
INSERT INTO `eq_compra_venta` VALUES (158, '2020-01-17 00:00:00', 'Gonar SA', 0, NULL, NULL, NULL, NULL);
INSERT INTO `eq_compra_venta` VALUES (159, '2019-09-25 00:00:00', '-', 0, NULL, NULL, NULL, NULL);
INSERT INTO `eq_compra_venta` VALUES (160, '2019-09-25 00:00:00', '-', 0, NULL, NULL, NULL, NULL);
INSERT INTO `eq_compra_venta` VALUES (161, '2020-01-17 00:00:00', 'Gonar SA', 0, NULL, NULL, NULL, NULL);
INSERT INTO `eq_compra_venta` VALUES (162, '2019-09-25 00:00:00', '-', 0, NULL, NULL, NULL, NULL);
INSERT INTO `eq_compra_venta` VALUES (163, '2020-01-20 08:54:11', '-', 0, NULL, NULL, NULL, NULL);
INSERT INTO `eq_compra_venta` VALUES (164, '2019-09-25 00:00:00', '-', 0, NULL, NULL, NULL, NULL);
INSERT INTO `eq_compra_venta` VALUES (165, '2019-09-25 00:00:00', '-', 0, NULL, NULL, NULL, NULL);
INSERT INTO `eq_compra_venta` VALUES (166, '2019-09-25 00:00:00', 'Gonar SA', 4539382, NULL, NULL, NULL, NULL);
INSERT INTO `eq_compra_venta` VALUES (167, '2019-09-25 00:00:00', '-', 0, NULL, NULL, NULL, NULL);
INSERT INTO `eq_compra_venta` VALUES (168, '2019-09-25 00:00:00', '-', 0, NULL, NULL, NULL, NULL);
INSERT INTO `eq_compra_venta` VALUES (169, '2019-09-25 00:00:00', '-', 0, NULL, NULL, NULL, NULL);
INSERT INTO `eq_compra_venta` VALUES (170, '2020-01-17 00:00:00', 'Gonar SA', 0, NULL, NULL, NULL, NULL);
INSERT INTO `eq_compra_venta` VALUES (171, '2019-09-25 00:00:00', '-', 0, NULL, NULL, NULL, NULL);
INSERT INTO `eq_compra_venta` VALUES (172, '2020-01-20 11:16:45', '-', 0, NULL, NULL, NULL, NULL);
INSERT INTO `eq_compra_venta` VALUES (173, '2019-09-23 00:00:00', 'Derka y Vargas', 743200, NULL, NULL, NULL, NULL);
INSERT INTO `eq_compra_venta` VALUES (174, '2019-09-23 00:00:00', 'Derka y Vargas', 743200, NULL, NULL, NULL, NULL);
INSERT INTO `eq_compra_venta` VALUES (175, '2019-09-25 00:00:00', '-', 0, NULL, NULL, NULL, NULL);
INSERT INTO `eq_compra_venta` VALUES (176, '2019-09-25 00:00:00', 'Derka y Vargas', 632800, NULL, NULL, NULL, NULL);
INSERT INTO `eq_compra_venta` VALUES (177, '2019-09-25 00:00:00', 'Derka y Vargas', 532800, NULL, NULL, NULL, NULL);

-- ----------------------------
-- Table structure for eq_documentacion
-- ----------------------------
DROP TABLE IF EXISTS `eq_documentacion`;
CREATE TABLE `eq_documentacion`  (
  `id_doc` bigint(11) NOT NULL AUTO_INCREMENT,
  `uuid` char(255) CHARACTER SET utf8 COLLATE utf8_unicode_ci NULL DEFAULT NULL,
  `rutaVto` date NULL DEFAULT NULL,
  `tecnicaVto` date NULL DEFAULT NULL,
  `patenteVto` date NULL DEFAULT NULL,
  `info` varchar(255) CHARACTER SET utf8 COLLATE utf8_unicode_ci NULL DEFAULT NULL,
  `seguro` bigint(9) NULL DEFAULT NULL,
  `historial` bigint(9) NULL DEFAULT NULL,
  PRIMARY KEY (`id_doc`) USING BTREE
) ENGINE = InnoDB AUTO_INCREMENT = 137 CHARACTER SET = utf8 COLLATE = utf8_unicode_ci ROW_FORMAT = Compact;

-- ----------------------------
-- Records of eq_documentacion
-- ----------------------------
INSERT INTO `eq_documentacion` VALUES (135, NULL, '2019-10-11', '2019-09-03', '2019-09-03', NULL, NULL, NULL);
INSERT INTO `eq_documentacion` VALUES (136, NULL, '2019-09-03', '2019-09-03', '2019-09-03', NULL, NULL, NULL);

-- ----------------------------
-- Table structure for eq_equipo
-- ----------------------------
DROP TABLE IF EXISTS `eq_equipo`;
CREATE TABLE `eq_equipo`  (
  `id_equipo` bigint(9) NOT NULL AUTO_INCREMENT,
  `categoria` bigint(9) NULL DEFAULT NULL,
  `tipo` bigint(9) NULL DEFAULT NULL,
  `modelo` bigint(9) NULL DEFAULT NULL,
  `marca` bigint(9) NULL DEFAULT NULL,
  `anio` char(20) CHARACTER SET utf8 COLLATE utf8_general_ci NULL DEFAULT '-',
  `chasis` char(20) CHARACTER SET utf8 COLLATE utf8_general_ci NULL DEFAULT '-',
  `motor` char(20) CHARACTER SET utf8 COLLATE utf8_general_ci NULL DEFAULT '-',
  `patente` char(20) CHARACTER SET utf8 COLLATE utf8_general_ci NULL DEFAULT '-',
  `color` char(20) CHARACTER SET utf8 COLLATE utf8_general_ci NULL DEFAULT '-',
  `info` char(50) CHARACTER SET utf8 COLLATE utf8_general_ci NULL DEFAULT '-',
  `empresa` bigint(9) NULL DEFAULT 0,
  `nombre` char(20) CHARACTER SET utf8 COLLATE utf8_general_ci NULL DEFAULT NULL,
  `compra_venta` bigint(20) NULL DEFAULT NULL,
  `gasoil` tinyint(1) NULL DEFAULT 0,
  `estado` tinyint(1) NULL DEFAULT 1,
  `documentacion` bigint(9) NULL DEFAULT NULL,
  `seguro` bigint(9) NULL DEFAULT -1,
  `chofer` bigint(9) NULL DEFAULT -1,
  PRIMARY KEY (`id_equipo`) USING BTREE,
  INDEX `FK_equipo_categoria`(`categoria`) USING BTREE,
  INDEX `FK_equipo_tipo`(`tipo`) USING BTREE,
  INDEX `FK_equipo_modelo`(`modelo`) USING BTREE,
  INDEX `FK_equipo_marca`(`marca`) USING BTREE,
  INDEX `FK_equipo_compra_venta`(`compra_venta`) USING BTREE,
  INDEX `FK_equipo_empresa`(`empresa`) USING BTREE,
  INDEX `FK_equipo_documentacion`(`documentacion`) USING BTREE,
  INDEX `FK_equipo_seguro`(`seguro`) USING BTREE,
  INDEX `FK_equipo_chofer`(`chofer`) USING BTREE,
  CONSTRAINT `FK_equipo_categoria` FOREIGN KEY (`categoria`) REFERENCES `eq_categoria` (`id_categoria`) ON DELETE RESTRICT ON UPDATE RESTRICT,
  CONSTRAINT `FK_equipo_chofer` FOREIGN KEY (`chofer`) REFERENCES `rh_empleado` (`id_empleado`) ON DELETE RESTRICT ON UPDATE RESTRICT,
  CONSTRAINT `FK_equipo_compra_venta` FOREIGN KEY (`compra_venta`) REFERENCES `eq_compra_venta` (`id_compra_venta`) ON DELETE RESTRICT ON UPDATE RESTRICT,
  CONSTRAINT `FK_equipo_documentacion` FOREIGN KEY (`documentacion`) REFERENCES `eq_documentacion` (`id_doc`) ON DELETE CASCADE ON UPDATE CASCADE,
  CONSTRAINT `FK_equipo_empresa` FOREIGN KEY (`empresa`) REFERENCES `empresa` (`id_empresa`) ON DELETE RESTRICT ON UPDATE RESTRICT,
  CONSTRAINT `FK_equipo_marca` FOREIGN KEY (`marca`) REFERENCES `aux_marca` (`id_marca`) ON DELETE RESTRICT ON UPDATE RESTRICT,
  CONSTRAINT `FK_equipo_modelo` FOREIGN KEY (`modelo`) REFERENCES `eq_modelo` (`id_modelo`) ON DELETE RESTRICT ON UPDATE RESTRICT,
  CONSTRAINT `FK_equipo_seguro` FOREIGN KEY (`seguro`) REFERENCES `doc_seguro` (`id_seguro`) ON DELETE RESTRICT ON UPDATE RESTRICT,
  CONSTRAINT `FK_equipo_tipo` FOREIGN KEY (`tipo`) REFERENCES `eq_tipo` (`id_tipo`) ON DELETE RESTRICT ON UPDATE RESTRICT
) ENGINE = InnoDB AUTO_INCREMENT = 151 CHARACTER SET = utf8 COLLATE = utf8_general_ci ROW_FORMAT = Compact;

-- ----------------------------
-- Records of eq_equipo
-- ----------------------------
INSERT INTO `eq_equipo` VALUES (1, 1, 37, 4, 41, '1989', 'TAE115', '2038821', NULL, '-', '-', 1, NULL, 77, 1, NULL, NULL, NULL, NULL);
INSERT INTO `eq_equipo` VALUES (2, 2, 10, 1, 5, '1990', NULL, NULL, NULL, '-', '-', 1, NULL, 37, NULL, NULL, NULL, NULL, NULL);
INSERT INTO `eq_equipo` VALUES (3, 2, 33, 1, 10, '1990', NULL, NULL, NULL, '-', '-', 1, NULL, 38, NULL, NULL, NULL, NULL, NULL);
INSERT INTO `eq_equipo` VALUES (4, 2, 33, 1, 29, '1990', NULL, NULL, NULL, '-', '-', 1, NULL, 39, NULL, NULL, NULL, NULL, NULL);
INSERT INTO `eq_equipo` VALUES (5, 2, 10, 1, 5, '1992', NULL, NULL, NULL, '-', '-', 1, NULL, 40, NULL, NULL, NULL, NULL, NULL);
INSERT INTO `eq_equipo` VALUES (6, 1, 24, 26, 11, '1992', NULL, NULL, NULL, '-', '-', 1, NULL, 44, NULL, NULL, NULL, NULL, NULL);
INSERT INTO `eq_equipo` VALUES (7, 2, 28, 16, 16, '1992', NULL, NULL, NULL, '-', '-', 1, NULL, 45, NULL, NULL, NULL, NULL, NULL);
INSERT INTO `eq_equipo` VALUES (8, 2, 28, 1, 16, '1992', NULL, NULL, NULL, '-', '-', 1, NULL, 46, NULL, NULL, NULL, NULL, NULL);
INSERT INTO `eq_equipo` VALUES (9, 1, 36, 36, 11, '1992', ' 92V4469', NULL, NULL, '-', '-', 1, NULL, 49, NULL, NULL, NULL, NULL, NULL);
INSERT INTO `eq_equipo` VALUES (10, 2, 16, 34, 2, '1993', NULL, NULL, NULL, '-', '-', 1, NULL, 48, NULL, NULL, NULL, NULL, NULL);
INSERT INTO `eq_equipo` VALUES (11, 2, 17, 1, 20, '1994', NULL, NULL, NULL, '-', '-', 1, NULL, 68, NULL, NULL, NULL, NULL, NULL);
INSERT INTO `eq_equipo` VALUES (12, 2, 17, 1, 20, '1994', NULL, NULL, NULL, '-', '-', 1, NULL, 58, NULL, NULL, NULL, NULL, NULL);
INSERT INTO `eq_equipo` VALUES (13, 2, 29, 1, 15, '1995', NULL, NULL, NULL, '-', '-', 1, NULL, 61, NULL, NULL, NULL, NULL, NULL);
INSERT INTO `eq_equipo` VALUES (14, 2, 11, 1, 20, '1996', NULL, NULL, NULL, '-', '-', 1, NULL, 62, NULL, NULL, NULL, NULL, NULL);
INSERT INTO `eq_equipo` VALUES (15, 2, 16, 1, 20, '1997', NULL, NULL, NULL, '-', '-', 1, NULL, 63, NULL, NULL, NULL, NULL, NULL);
INSERT INTO `eq_equipo` VALUES (16, 1, 37, 9, 24, '1997', NULL, 'ROTD168023118', NULL, '-', '-', 1, NULL, 64, NULL, NULL, NULL, NULL, NULL);
INSERT INTO `eq_equipo` VALUES (17, 2, 34, 2, 21, '1998', NULL, NULL, NULL, '-', '3.000 lts', 1, '098', 78, 1, NULL, NULL, NULL, NULL);
INSERT INTO `eq_equipo` VALUES (18, 2, 34, 1, 21, '1999', NULL, NULL, NULL, '-', '1.500 lts', 1, NULL, 83, 1, NULL, NULL, NULL, NULL);
INSERT INTO `eq_equipo` VALUES (19, 1, 22, 77, 22, '2000', NULL, NULL, NULL, '-', '-', 1, NULL, NULL, NULL, NULL, NULL, NULL, NULL);
INSERT INTO `eq_equipo` VALUES (20, 1, 26, 63, 25, '2000', NULL, NULL, NULL, '-', '-', 1, NULL, NULL, NULL, NULL, NULL, NULL, NULL);
INSERT INTO `eq_equipo` VALUES (21, 2, 34, 2, 21, '2000', NULL, NULL, NULL, '-', '3.000 lts', 1, '201', 84, 1, NULL, NULL, NULL, NULL);
INSERT INTO `eq_equipo` VALUES (22, 2, 34, 2, 21, '2000', NULL, NULL, NULL, '-', '3.000 lts', 1, '202', 85, 1, NULL, NULL, NULL, NULL);
INSERT INTO `eq_equipo` VALUES (23, 1, 4, 68, 18, '2001', NULL, NULL, NULL, '-', '-', 1, NULL, NULL, NULL, NULL, NULL, NULL, NULL);
INSERT INTO `eq_equipo` VALUES (24, 1, 4, 68, 29, '2001', NULL, NULL, NULL, '-', '-', 1, NULL, NULL, NULL, NULL, NULL, NULL, NULL);
INSERT INTO `eq_equipo` VALUES (25, 1, 31, 18, 24, '2001', NULL, NULL, NULL, '-', '-', 1, NULL, NULL, NULL, NULL, NULL, NULL, NULL);
INSERT INTO `eq_equipo` VALUES (26, 1, 37, 5, 24, '2001', 'JD4050X001023', 'ROTS839001437', NULL, '-', '-', 1, NULL, NULL, NULL, NULL, NULL, NULL, NULL);
INSERT INTO `eq_equipo` VALUES (27, 1, 9, 75, 40, '2002', '216-2289-A01', NULL, NULL, '-', '-', 1, NULL, NULL, NULL, NULL, NULL, 1, NULL);
INSERT INTO `eq_equipo` VALUES (28, 1, 14, 1, 17, '2002', NULL, NULL, NULL, '-', '-', 1, NULL, NULL, NULL, NULL, NULL, NULL, NULL);
INSERT INTO `eq_equipo` VALUES (29, 1, 31, 18, 24, '2002', NULL, NULL, NULL, '-', '-', 1, NULL, NULL, NULL, NULL, NULL, NULL, NULL);
INSERT INTO `eq_equipo` VALUES (30, 1, 9, 74, 40, '2003', '216-2461-A03', NULL, NULL, '-', '-', 1, NULL, NULL, NULL, NULL, NULL, 1, NULL);
INSERT INTO `eq_equipo` VALUES (31, 1, 18, 40, 12, '2003', NULL, NULL, NULL, '-', '-', 1, NULL, NULL, NULL, NULL, NULL, NULL, NULL);
INSERT INTO `eq_equipo` VALUES (32, 1, 25, 1, 38, '2003', NULL, NULL, NULL, '-', '-', 1, NULL, NULL, NULL, NULL, NULL, NULL, NULL);
INSERT INTO `eq_equipo` VALUES (33, 1, 14, 30, 17, '2004', NULL, NULL, NULL, '-', '-', 1, NULL, NULL, NULL, NULL, NULL, NULL, NULL);
INSERT INTO `eq_equipo` VALUES (34, 1, 21, 35, 20, '2004', NULL, NULL, NULL, '-', '-', 1, NULL, NULL, NULL, NULL, NULL, NULL, NULL);
INSERT INTO `eq_equipo` VALUES (35, 1, 26, 76, 22, '2004', NULL, NULL, NULL, '-', '-', 1, NULL, NULL, NULL, NULL, NULL, NULL, NULL);
INSERT INTO `eq_equipo` VALUES (36, 1, 34, 1, 28, '2004', NULL, NULL, NULL, '-', '-', 1, NULL, NULL, NULL, NULL, NULL, NULL, NULL);
INSERT INTO `eq_equipo` VALUES (37, 1, 34, 1, 29, '2004', NULL, NULL, NULL, '-', '-', 1, NULL, NULL, NULL, NULL, NULL, NULL, NULL);
INSERT INTO `eq_equipo` VALUES (38, 1, 37, 10, 24, '2004', 'RW8320P024412', 'RG6081H244963', NULL, '-', '-', 1, NULL, NULL, NULL, NULL, NULL, NULL, NULL);
INSERT INTO `eq_equipo` VALUES (39, 1, 25, 56, 20, '2005', NULL, NULL, NULL, '-', '-', 1, NULL, NULL, NULL, NULL, NULL, NULL, NULL);
INSERT INTO `eq_equipo` VALUES (40, 1, 31, 19, 24, '2005', '710142', NULL, NULL, '-', '-', 1, NULL, NULL, NULL, NULL, NULL, NULL, NULL);
INSERT INTO `eq_equipo` VALUES (41, 1, 34, 1, 28, '2005', NULL, NULL, NULL, '-', '-', 1, NULL, NULL, NULL, NULL, NULL, NULL, NULL);
INSERT INTO `eq_equipo` VALUES (42, 1, 37, 13, 24, '2005', 'RW9220H032342', 'RG6125H051589', 'ALE37', '-', '-', 1, NULL, NULL, NULL, NULL, NULL, NULL, NULL);
INSERT INTO `eq_equipo` VALUES (43, 1, 37, 12, 24, '2005', 'RW8420P035967', 'RG6081H277736', 'ALE38', '-', '-', 1, NULL, NULL, NULL, NULL, NULL, NULL, NULL);
INSERT INTO `eq_equipo` VALUES (44, 1, 9, 7, 31, '2006', NULL, NULL, NULL, '-', '-', 1, NULL, NULL, NULL, NULL, NULL, 1, NULL);
INSERT INTO `eq_equipo` VALUES (45, 1, 34, 1, 32, '2006', NULL, NULL, NULL, '-', '-', 1, NULL, NULL, NULL, NULL, NULL, NULL, NULL);
INSERT INTO `eq_equipo` VALUES (46, 1, 37, 3, 27, '2006', '283209375', 'SC8C84B691490N', 'ALE51', '-', '-', 1, NULL, NULL, NULL, NULL, NULL, NULL, NULL);
INSERT INTO `eq_equipo` VALUES (47, 1, 37, 3, 27, '2006', '283209376', 'SC8C84B691501N', 'ALE52', '-', '-', 1, NULL, NULL, NULL, NULL, NULL, NULL, NULL);
INSERT INTO `eq_equipo` VALUES (48, 1, 1, 33, 33, '2007', NULL, NULL, NULL, '-', '-', 1, NULL, NULL, NULL, NULL, NULL, NULL, NULL);
INSERT INTO `eq_equipo` VALUES (49, 1, 1, 33, 33, '2007', NULL, NULL, NULL, '-', '-', 1, NULL, NULL, NULL, NULL, NULL, NULL, NULL);
INSERT INTO `eq_equipo` VALUES (50, 1, 31, 39, 24, '2008', 'A0DB88X725109', NULL, NULL, '-', '-', 1, NULL, NULL, NULL, NULL, NULL, NULL, NULL);
INSERT INTO `eq_equipo` VALUES (51, 3, 5, 51, 36, '2010', '+9BSG4X200++B3660536', '8142924', 'JKM429', 'Blanco', '-', 2, '04', 160, 1, NULL, NULL, NULL, NULL);
INSERT INTO `eq_equipo` VALUES (52, 1, 3, 70, 26, '2010', '8B9S1835CA0175047', NULL, 'IYC 209', '-', '-', 2, NULL, NULL, NULL, NULL, NULL, NULL, NULL);
INSERT INTO `eq_equipo` VALUES (53, 1, 12, 72, 42, '2010', '1564', NULL, NULL, '-', '-', 1, NULL, NULL, NULL, NULL, NULL, NULL, NULL);
INSERT INTO `eq_equipo` VALUES (54, 1, 12, 50, 9, '2010', NULL, NULL, NULL, '-', '-', 1, NULL, NULL, NULL, NULL, NULL, NULL, NULL);
INSERT INTO `eq_equipo` VALUES (55, 1, 32, 14, 3, '2010', '8C9A0863CA1003167', NULL, 'JAB 573', '-', '-', 2, NULL, NULL, NULL, NULL, NULL, NULL, NULL);
INSERT INTO `eq_equipo` VALUES (56, 1, 4, 60, 4, '2011', NULL, NULL, NULL, '-', '-', 1, NULL, NULL, NULL, NULL, NULL, NULL, NULL);
INSERT INTO `eq_equipo` VALUES (57, 1, 4, 27, 4, '2011', NULL, NULL, NULL, '-', '-', 1, NULL, NULL, NULL, NULL, NULL, NULL, NULL);
INSERT INTO `eq_equipo` VALUES (58, 1, 4, 27, 4, '2011', NULL, NULL, NULL, '-', '-', 1, NULL, NULL, NULL, NULL, NULL, NULL, NULL);
INSERT INTO `eq_equipo` VALUES (59, 3, 5, 54, 36, '2011', '+9BSG4X200++B3668348', '8151064', 'JYI580', '-', '-', 2, '06', 165, 1, NULL, 135, NULL, NULL);
INSERT INTO `eq_equipo` VALUES (60, 3, 5, 54, 36, '2011', '+9BSG4X200++C3683602', '8167252', 'KAV158', '-', '-', 2, '05', 167, 1, NULL, NULL, NULL, NULL);
INSERT INTO `eq_equipo` VALUES (61, 3, 5, 54, 36, '2011', '+9BSG4X200++C3695808', '8180023', 'KML005', '-', '-', 2, '07', 169, 1, NULL, NULL, NULL, NULL);
INSERT INTO `eq_equipo` VALUES (62, 3, 5, 55, 36, '2011', '+9BSG4X200++C3695833', '8180048', 'KML007', '-', '-', 2, '08', 171, 1, NULL, NULL, NULL, NULL);
INSERT INTO `eq_equipo` VALUES (63, 1, 7, 48, 4, '2011', NULL, NULL, NULL, '-', '-', 1, NULL, NULL, NULL, NULL, NULL, NULL, NULL);
INSERT INTO `eq_equipo` VALUES (64, 1, 7, 48, 4, '2011', NULL, NULL, NULL, '-', '-', 1, NULL, NULL, NULL, NULL, NULL, NULL, NULL);
INSERT INTO `eq_equipo` VALUES (65, 1, 3, 71, 26, '2011', '8B9S1835CB0175151', NULL, 'KMK 984', '-', '-', 2, NULL, NULL, NULL, NULL, NULL, NULL, NULL);
INSERT INTO `eq_equipo` VALUES (66, 1, 9, 73, 40, '2011', '216-3774-A11', NULL, NULL, '-', '-', 1, NULL, NULL, NULL, NULL, NULL, 1, NULL);
INSERT INTO `eq_equipo` VALUES (67, 1, 31, 39, 24, '2011', NULL, NULL, NULL, '-', '-', 1, NULL, NULL, NULL, NULL, NULL, NULL, NULL);
INSERT INTO `eq_equipo` VALUES (68, 1, 32, 69, 3, '2011', '8A9G1203SBA100105', NULL, 'KGA 261', '-', '-', 2, NULL, NULL, NULL, NULL, NULL, NULL, NULL);
INSERT INTO `eq_equipo` VALUES (69, 2, 34, 2, 21, '2011', NULL, NULL, NULL, '-', '10.000 lts', 1, '211', 80, 1, NULL, NULL, NULL, NULL);
INSERT INTO `eq_equipo` VALUES (70, 1, 34, 66, 34, '2011', NULL, NULL, NULL, '-', '6.000 lts', 1, '212', 81, 1, NULL, NULL, NULL, NULL);
INSERT INTO `eq_equipo` VALUES (71, 1, 37, 24, 24, '2012', '1RW8335RCCP054687', 'RG6090G005991', 'CFE28', '-', '-', 1, NULL, NULL, NULL, NULL, NULL, NULL, NULL);
INSERT INTO `eq_equipo` VALUES (72, 3, 5, 52, 36, '2013', '+9BSG4X200++D3818062', '8203233', 'MBM580', '-', '-', 2, '09', 168, 1, NULL, NULL, NULL, NULL);
INSERT INTO `eq_equipo` VALUES (73, 3, 5, 53, 36, '2013', '+9BSG4X200++E3841120', '8227087', 'NCM534', '-', '-', 2, '10', 164, 1, NULL, NULL, NULL, NULL);
INSERT INTO `eq_equipo` VALUES (74, 3, 6, 57, 39, '2013', '8AJCR32G3D0015966', '2KD-A002160', 'MJD071', 'Blanca', 'CS DX 2.5 TDI', 2, 'Cristian', 162, 1, NULL, NULL, NULL, NULL);
INSERT INTO `eq_equipo` VALUES (75, 1, 13, 32, 8, '2013', '2829', NULL, NULL, '-', '-', 1, NULL, NULL, NULL, NULL, NULL, NULL, NULL);
INSERT INTO `eq_equipo` VALUES (76, 1, 3, 15, 37, '2014', '8BAA0863BE1000027', NULL, 'NJK 217', '-', '-', 2, NULL, NULL, NULL, NULL, NULL, NULL, NULL);
INSERT INTO `eq_equipo` VALUES (77, 3, 6, 57, 39, '2014', '8AJCR32G3F0018871', '2KD-A470635', 'NRV426', 'Blanca', 'CS DX 2.5 TDI', 2, NULL, 140, 1, NULL, NULL, NULL, NULL);
INSERT INTO `eq_equipo` VALUES (78, 3, 6, 57, 39, '2014', '8AJCR32G3F0019034', '2KD-A494112', 'NXM338', 'Blanca', 'CS DX 2.5 TDI', 2, NULL, 141, 1, NULL, NULL, NULL, NULL);
INSERT INTO `eq_equipo` VALUES (79, 1, 7, 48, 4, '2014', NULL, NULL, NULL, '-', '-', 1, NULL, NULL, NULL, NULL, NULL, NULL, NULL);
INSERT INTO `eq_equipo` VALUES (80, 1, 12, 50, 9, '2014', '825001046', NULL, NULL, '-', '-', 1, NULL, NULL, NULL, NULL, NULL, NULL, NULL);
INSERT INTO `eq_equipo` VALUES (81, 1, 19, 43, 4, '2014', NULL, NULL, NULL, '-', '-', 1, NULL, NULL, NULL, NULL, NULL, NULL, NULL);
INSERT INTO `eq_equipo` VALUES (82, 1, 19, 42, 4, '2014', NULL, NULL, NULL, '-', '-', 1, NULL, NULL, NULL, NULL, NULL, NULL, NULL);
INSERT INTO `eq_equipo` VALUES (83, 1, 19, 42, 4, '2014', NULL, NULL, NULL, '-', '-', 1, NULL, NULL, NULL, NULL, NULL, NULL, NULL);
INSERT INTO `eq_equipo` VALUES (84, 1, 27, 6, 24, '2014', '1NW4730XVE0001814', 'J06068H701810', 'CFE67', '-', '-', 1, NULL, 129, 1, NULL, NULL, NULL, NULL);
INSERT INTO `eq_equipo` VALUES (85, 1, 37, 24, 24, '2014', '1RW8335RHDP082651', 'RG6090G015041', 'CVX33', '-', '-', 1, NULL, NULL, NULL, NULL, NULL, NULL, NULL);
INSERT INTO `eq_equipo` VALUES (86, 1, 1, 65, 7, '2015', '7231', NULL, NULL, '-', '-', 1, NULL, NULL, NULL, NULL, NULL, NULL, NULL);
INSERT INTO `eq_equipo` VALUES (87, 1, 7, 45, 33, '2015', NULL, NULL, NULL, '-', '-', 1, NULL, NULL, NULL, NULL, NULL, NULL, NULL);
INSERT INTO `eq_equipo` VALUES (88, 1, 7, 48, 4, '2016', '80244.066G', NULL, NULL, '-', '-', 1, NULL, NULL, NULL, NULL, NULL, NULL, NULL);
INSERT INTO `eq_equipo` VALUES (89, 1, 15, 67, 24, '2016', '1J0S670BHG0110172', 'J06090B012388', 'CFE86', '-', '-', 1, NULL, NULL, NULL, NULL, NULL, NULL, NULL);
INSERT INTO `eq_equipo` VALUES (90, 1, 15, 67, 24, '2016', '1J0S670BEF0110141', 'J06090B012054', 'CFE87', '-', '-', 1, NULL, NULL, NULL, NULL, NULL, NULL, NULL);
INSERT INTO `eq_equipo` VALUES (91, 1, 19, 44, 4, '2016', 'HE09213.026', NULL, NULL, '-', '-', 1, NULL, NULL, NULL, NULL, NULL, NULL, NULL);
INSERT INTO `eq_equipo` VALUES (92, 1, 27, 6, 24, '2016', '1NW4730XLG0050307', 'J06068B710641', 'CFE99', '-', '-', 1, NULL, 130, 1, NULL, NULL, NULL, NULL);
INSERT INTO `eq_equipo` VALUES (93, 1, 32, 69, 3, '2016', '8A9G1203SGA100043', NULL, 'AA459DH', '-', '-', 2, NULL, NULL, NULL, NULL, 136, NULL, NULL);
INSERT INTO `eq_equipo` VALUES (94, 1, 32, 69, 3, '2016', '8A9G1203SGA100051', NULL, 'AA459DI', '-', '-', 2, NULL, NULL, NULL, NULL, NULL, NULL, NULL);
INSERT INTO `eq_equipo` VALUES (95, 1, 32, 69, 3, '2016', '8A9G1203SGA100049', NULL, 'AA459DJ', '-', '-', 2, NULL, NULL, NULL, NULL, NULL, NULL, NULL);
INSERT INTO `eq_equipo` VALUES (96, 1, 35, 61, 4, '2016', 'M28142.105', NULL, NULL, '-', '-', 1, NULL, NULL, NULL, NULL, NULL, NULL, NULL);
INSERT INTO `eq_equipo` VALUES (97, 1, 37, 21, 24, '2016', '1J05090EKF010681', 'J04045B701371', NULL, '-', '-', 1, NULL, NULL, NULL, NULL, NULL, NULL, NULL);
INSERT INTO `eq_equipo` VALUES (98, 3, 6, 57, 39, '2017', '8AJEB8DB7H4156923', '2GD-4220304', 'AA920QE', 'Blanca', 'CS DX 2.5 TDI', 2, NULL, 142, 1, NULL, NULL, NULL, NULL);
INSERT INTO `eq_equipo` VALUES (99, 3, 6, 57, 39, '2017', '8AJED8DB0H4157427', '2GD-4281370', 'AB602TO', 'Blanca', 'CS DX 2.5 TDI', 2, 'Horacio', 175, 1, NULL, NULL, NULL, NULL);
INSERT INTO `eq_equipo` VALUES (100, 1, 9, 31, 35, '2017', NULL, NULL, NULL, '-', '-', 1, NULL, NULL, NULL, NULL, NULL, 1, NULL);
INSERT INTO `eq_equipo` VALUES (101, 1, 9, 31, 35, '2017', NULL, NULL, NULL, '-', '-', 1, NULL, NULL, NULL, NULL, NULL, 1, NULL);
INSERT INTO `eq_equipo` VALUES (102, 1, 12, 59, 6, '2017', '1712738', NULL, NULL, '-', '-', 1, NULL, NULL, NULL, NULL, NULL, NULL, NULL);
INSERT INTO `eq_equipo` VALUES (103, 1, 27, 6, 24, '2017', '1NW4730XCH0055228', 'J06068G716836', 'DEC32', '-', '-', 2, NULL, 131, 1, NULL, NULL, NULL, NULL);
INSERT INTO `eq_equipo` VALUES (104, 1, 30, 1, 19, '2017', NULL, NULL, NULL, '-', '-', 1, NULL, NULL, NULL, NULL, NULL, NULL, NULL);
INSERT INTO `eq_equipo` VALUES (105, 1, 31, 37, 24, '2017', '1JLDB83XCHF770105', NULL, NULL, '-', '-', 1, NULL, NULL, NULL, NULL, NULL, NULL, NULL);
INSERT INTO `eq_equipo` VALUES (106, 1, 31, 38, 24, '2017', '1JLDB83XAHF770101', NULL, NULL, '-', '-', 1, NULL, NULL, NULL, NULL, NULL, NULL, NULL);
INSERT INTO `eq_equipo` VALUES (107, 1, 37, 25, 24, '2017', '1BM8345RTHS100003', 'J06090B015125', 'CIK90', '-', '-', 1, NULL, NULL, NULL, NULL, NULL, NULL, NULL);
INSERT INTO `eq_equipo` VALUES (108, 1, 37, 25, 24, '2017', '1BM8345RCHS100064', 'J06090B016080', 'DEC22', '-', '-', 1, NULL, NULL, NULL, NULL, NULL, NULL, NULL);
INSERT INTO `eq_equipo` VALUES (109, 1, 37, 25, 24, '2017', '1BM8345RCHS100010', 'J06090B015653', 'DEC23', '-', '-', 1, 'DEC23', 73, NULL, NULL, NULL, NULL, NULL);
INSERT INTO `eq_equipo` VALUES (110, 1, 37, 23, 24, '2017', '1BM8320RTHP100064', 'J06090B016254', 'DEC31', '-', '-', 1, NULL, NULL, NULL, NULL, NULL, NULL, NULL);
INSERT INTO `eq_equipo` VALUES (111, 1, 1, 65, 13, '2018', '0-03586', NULL, NULL, '-', '-', 2, NULL, NULL, NULL, NULL, NULL, NULL, NULL);
INSERT INTO `eq_equipo` VALUES (112, 1, 1, 65, 13, '2018', '0-03621', NULL, NULL, '-', '-', 2, NULL, NULL, NULL, NULL, NULL, NULL, NULL);
INSERT INTO `eq_equipo` VALUES (113, 1, 3, 29, 37, '2018', '8BAK0934AJ1000771', '-', 'AD206OJ', '-', '-', 2, NULL, NULL, NULL, NULL, NULL, NULL, NULL);
INSERT INTO `eq_equipo` VALUES (114, 1, 4, 28, 4, '2018', 'AG22.161.087', NULL, NULL, '-', '-', 2, NULL, NULL, NULL, NULL, NULL, NULL, NULL);
INSERT INTO `eq_equipo` VALUES (115, 1, 4, 28, 4, '2018', 'AG22.171.087', NULL, NULL, '-', '-', 2, NULL, NULL, NULL, NULL, NULL, NULL, NULL);
INSERT INTO `eq_equipo` VALUES (116, 3, 5, 64, 36, '2018', '+9BSR4X200++K3940810', '8331283', 'AD147KV', 'Blanca', 'Tractor + Chasis', 2, '01', 166, 1, NULL, NULL, NULL, NULL);
INSERT INTO `eq_equipo` VALUES (117, 3, 6, 57, 39, '2018', '8AJEB8DB0K4160075', '2GD-C402729', 'AD164JJ', 'Blanca', ' CS DX 2.4 TDI 6 MT', 2, 'Pablo', 176, 1, NULL, NULL, NULL, NULL);
INSERT INTO `eq_equipo` VALUES (118, 3, 6, 57, 39, '2018', '8AJEB8DB4K4160077', '2GD-C401989', 'AD164JK', 'Blanca', ' CS DX 2.4 TDI 6 MT', 2, 'Gustavo', 177, 1, NULL, NULL, NULL, NULL);
INSERT INTO `eq_equipo` VALUES (119, 3, 6, 58, 39, '2018', '8AJBA3CDXK1615284', '1GD-G062069', 'AD164KS', 'Gris', 'DC SRX 2.8 TDI 6 AT', 2, NULL, 138, 1, NULL, NULL, NULL, NULL);
INSERT INTO `eq_equipo` VALUES (120, 3, 6, 57, 39, '2018', '8AJEB8DB6K4160596', '2GD-G069823', 'AD147KU', 'Blanca', ' CS DX 2.4 TDI 6 MT', 2, NULL, 136, 1, NULL, NULL, NULL, NULL);
INSERT INTO `eq_equipo` VALUES (121, 1, 9, 1, 30, '2018', NULL, NULL, NULL, '-', '-', 1, NULL, NULL, NULL, NULL, NULL, 1, NULL);
INSERT INTO `eq_equipo` VALUES (122, 1, 20, 17, 24, '2018', '1F9160GXPHD055069', 'J04045B702972', NULL, '-', '-', 2, NULL, NULL, NULL, NULL, NULL, NULL, NULL);
INSERT INTO `eq_equipo` VALUES (123, 1, 23, 78, 23, '2018', '8CHKD0910JP004159', 'KD07E-2361893', 'A092OPM', '-', '-', 2, NULL, NULL, NULL, NULL, NULL, NULL, NULL);
INSERT INTO `eq_equipo` VALUES (124, 1, 23, 78, 23, '2018', '8CHKD0910JP004000', 'KD07E-2361834', 'A09OQO', '-', '-', 2, NULL, NULL, NULL, NULL, NULL, NULL, NULL);
INSERT INTO `eq_equipo` VALUES (125, 1, 31, 38, 24, '2018', '1JLDB83XEJF775101', NULL, NULL, '-', '-', 2, NULL, NULL, NULL, NULL, NULL, NULL, NULL);
INSERT INTO `eq_equipo` VALUES (126, 1, 31, 38, 24, '2018', NULL, NULL, NULL, '-', '-', 2, NULL, NULL, NULL, NULL, NULL, NULL, NULL);
INSERT INTO `eq_equipo` VALUES (127, 1, 33, 65, 13, '2018', '0-03587', NULL, NULL, '-', '-', 2, NULL, NULL, NULL, NULL, NULL, NULL, NULL);
INSERT INTO `eq_equipo` VALUES (128, 1, 33, 65, 13, '2018', '0-03588', NULL, NULL, '-', '-', 2, NULL, NULL, NULL, NULL, NULL, NULL, NULL);
INSERT INTO `eq_equipo` VALUES (129, 2, 33, 65, 13, '2018', '0-03589', NULL, NULL, '-', '-', 2, NULL, 82, 0, NULL, NULL, NULL, NULL);
INSERT INTO `eq_equipo` VALUES (130, 1, 37, 8, 24, '2018', '1J06115JAJD000202', 'J04045B716689', NULL, '-', '-', 2, NULL, NULL, NULL, NULL, NULL, NULL, NULL);
INSERT INTO `eq_equipo` VALUES (131, 1, 37, 11, 24, '2018', '1BM8345RCJS100157', 'J06090B017583', NULL, '-', '-', 2, NULL, NULL, NULL, NULL, NULL, NULL, NULL);
INSERT INTO `eq_equipo` VALUES (132, 1, 38, 41, 24, '2018', '1GXE14ATJJ011524', '180314YG19530', NULL, '-', '-', 2, NULL, 65, NULL, NULL, NULL, NULL, NULL);
INSERT INTO `eq_equipo` VALUES (133, 2, 2, 20, 13, '2019', '0-03733', NULL, NULL, '-', '-', 2, NULL, 56, NULL, NULL, NULL, NULL, NULL);
INSERT INTO `eq_equipo` VALUES (134, 3, 3, 29, 37, '2019', '8BAK0934AK1000088', '-', 'AD364OO', '-', '-', 2, NULL, 55, 0, NULL, NULL, NULL, NULL);
INSERT INTO `eq_equipo` VALUES (135, 3, 3, 29, 37, '2019', '8BAK0934AK1000089', '-', 'AD364OP', '-', '-', 2, NULL, 54, 0, NULL, NULL, NULL, NULL);
INSERT INTO `eq_equipo` VALUES (136, 3, 3, 29, 37, '2019', '8BAK0934AK1000090', '-', 'AD364OQ', '-', '-', 2, NULL, 53, 0, NULL, NULL, NULL, NULL);
INSERT INTO `eq_equipo` VALUES (137, 2, 7, 45, 33, '2019', '2256', NULL, NULL, '-', '-', 2, NULL, 60, 0, NULL, NULL, NULL, NULL);
INSERT INTO `eq_equipo` VALUES (138, 3, 23, 46, 14, '2019', '8CVXCH2G4JA219203', '1P52FMH-J2022598', 'A094HZK', '-', '-', 2, NULL, 51, 0, NULL, NULL, NULL, NULL);
INSERT INTO `eq_equipo` VALUES (139, 2, 31, 19, 24, '2019', '1A81890CAHF770277', NULL, NULL, '-', '-', 2, NULL, 50, NULL, NULL, NULL, NULL, NULL);
INSERT INTO `eq_equipo` VALUES (140, 1, 37, 22, 24, '2019', '1J06135JTJD000266', 'J06068B728485', NULL, '-', '-', 2, NULL, 41, NULL, NULL, NULL, NULL, NULL);
INSERT INTO `eq_equipo` VALUES (141, 1, 37, 22, 24, '2019', '1J06135JVJD000226', 'J06068B724229', NULL, '-', '-', 2, NULL, 42, NULL, NULL, NULL, NULL, NULL);
INSERT INTO `eq_equipo` VALUES (142, 1, 37, 22, 24, '2019', '1J06135JCJD000211', 'J06068B725321', NULL, '-', '-', 2, NULL, 43, NULL, NULL, NULL, NULL, NULL);
INSERT INTO `eq_equipo` VALUES (143, 2, 34, 1, 1, NULL, NULL, NULL, NULL, NULL, 'Equipo Gas-Oil de 3ros', 3, 'Equipo Gas-Oil', 87, 1, NULL, NULL, NULL, NULL);
INSERT INTO `eq_equipo` VALUES (144, 2, 34, 65, 13, '2018', '0-03587', NULL, NULL, NULL, NULL, 2, '587 - 5.000 lts', 132, 1, NULL, NULL, NULL, NULL);
INSERT INTO `eq_equipo` VALUES (145, 2, 34, 65, 13, '2018', '0-03588', NULL, NULL, NULL, NULL, 2, '588 - 5.000 lts', 132, 1, NULL, NULL, NULL, NULL);
INSERT INTO `eq_equipo` VALUES (146, 3, 32, 69, 3, '2019', '8A9G136SKA100044', '-', 'AD655MI', NULL, NULL, 2, NULL, 133, 0, NULL, NULL, NULL, NULL);
INSERT INTO `eq_equipo` VALUES (147, 3, 6, 57, 39, '2019', '8AJEB8DBXK4161170', '2GD-G096608', 'AD655MH', 'Blanca', ' CS DX 2.4 TDI 6 MT', 2, 'Gonza', 174, 1, NULL, NULL, NULL, NULL);
INSERT INTO `eq_equipo` VALUES (148, 3, 5, 79, 36, '2019', '+9BSG4X200++L3962662', '8352686', 'AD880KO', 'Blanco', 'Tractor + Chasis', 2, '02', 170, 1, NULL, NULL, NULL, NULL);
INSERT INTO `eq_equipo` VALUES (150, 3, 6, 80, 47, '2019', 'MPBUR2362KX239534', 'YN2SX239534', 'AD880KM', 'Blanca', 'CD 4x4 AT', 2, 'Rulo', 172, 1, NULL, NULL, NULL, NULL);

-- ----------------------------
-- Table structure for eq_gasto
-- ----------------------------
DROP TABLE IF EXISTS `eq_gasto`;
CREATE TABLE `eq_gasto`  (
  `id_gasto` bigint(11) NOT NULL AUTO_INCREMENT,
  `fecha` date NULL DEFAULT NULL,
  `equipo` bigint(11) NULL DEFAULT NULL,
  `kms` double(255, 0) NULL DEFAULT NULL,
  `codigo` char(50) CHARACTER SET utf8 COLLATE utf8_unicode_ci NULL DEFAULT NULL,
  `info` varchar(255) CHARACTER SET utf8 COLLATE utf8_unicode_ci NULL DEFAULT NULL,
  `dtype` varchar(31) CHARACTER SET utf8 COLLATE utf8_unicode_ci NULL DEFAULT NULL,
  PRIMARY KEY (`id_gasto`) USING BTREE,
  INDEX `FK_gasto_equipo`(`equipo`) USING BTREE,
  CONSTRAINT `FK_gasto_equipo` FOREIGN KEY (`equipo`) REFERENCES `eq_equipo` (`id_equipo`) ON DELETE CASCADE ON UPDATE CASCADE
) ENGINE = InnoDB AUTO_INCREMENT = 251 CHARACTER SET = utf8 COLLATE = utf8_unicode_ci ROW_FORMAT = Compact;

-- ----------------------------
-- Records of eq_gasto
-- ----------------------------
INSERT INTO `eq_gasto` VALUES (1, '2019-01-01', 143, 0, '0', 'Stock Inicial', 'Gasoil');
INSERT INTO `eq_gasto` VALUES (43, '2019-08-15', 61, 953601, NULL, '', 'Gasoil');
INSERT INTO `eq_gasto` VALUES (44, '2019-08-15', 143, 0, NULL, 'Genero', 'Gasoil');
INSERT INTO `eq_gasto` VALUES (45, '2019-08-15', 77, 55, NULL, 'HERNAN', 'Gasoil');
INSERT INTO `eq_gasto` VALUES (46, '2019-08-16', 98, NULL, NULL, 'GOZALO', 'Gasoil');
INSERT INTO `eq_gasto` VALUES (47, '2019-08-16', 77, NULL, NULL, 'HERNAN', 'Gasoil');
INSERT INTO `eq_gasto` VALUES (48, '2019-08-16', 78, NULL, NULL, 'ADRIAN', 'Gasoil');
INSERT INTO `eq_gasto` VALUES (49, '2019-08-16', 98, NULL, NULL, 'HORACIO', 'Gasoil');
INSERT INTO `eq_gasto` VALUES (50, '2019-08-16', 147, NULL, NULL, 'GUSTAVO', 'Gasoil');
INSERT INTO `eq_gasto` VALUES (51, '2019-08-16', 99, NULL, NULL, 'RULO', 'Gasoil');
INSERT INTO `eq_gasto` VALUES (52, '2019-08-17', 1, NULL, NULL, 'TRACTOR 8335R', 'Gasoil');
INSERT INTO `eq_gasto` VALUES (53, '2019-08-19', 73, 717952, NULL, 'FERREIRA', 'Gasoil');
INSERT INTO `eq_gasto` VALUES (54, '2019-08-19', 59, 1093673, NULL, 'MANCUELLO', 'Gasoil');
INSERT INTO `eq_gasto` VALUES (55, '2019-08-19', 18, NULL, NULL, 'TANQUE', 'Gasoil');
INSERT INTO `eq_gasto` VALUES (56, '2019-08-20', 144, NULL, NULL, 'TANQUE', 'Gasoil');
INSERT INTO `eq_gasto` VALUES (57, '2019-08-20', 78, NULL, NULL, 'ADRIAN', 'Gasoil');
INSERT INTO `eq_gasto` VALUES (58, '2019-08-21', 51, 1044326, NULL, 'CORONEL', 'Gasoil');
INSERT INTO `eq_gasto` VALUES (59, '2019-08-21', 98, NULL, NULL, 'GUSTAVO', 'Gasoil');
INSERT INTO `eq_gasto` VALUES (60, '2019-08-21', 18, NULL, NULL, 'TANQUE', 'Gasoil');
INSERT INTO `eq_gasto` VALUES (61, '2019-08-21', 99, NULL, NULL, 'HORACIO', 'Gasoil');
INSERT INTO `eq_gasto` VALUES (62, '2019-08-21', 98, NULL, NULL, 'GUSTAVO', 'Gasoil');
INSERT INTO `eq_gasto` VALUES (63, '2019-08-22', 98, NULL, NULL, 'HORACIO', 'Gasoil');
INSERT INTO `eq_gasto` VALUES (64, '2019-08-22', 78, NULL, NULL, 'ADRIAN', 'Gasoil');
INSERT INTO `eq_gasto` VALUES (65, '2019-08-22', 17, NULL, NULL, 'TANQUE', 'Gasoil');
INSERT INTO `eq_gasto` VALUES (66, '2019-08-22', 1, NULL, NULL, 'TRACTOR 4050', 'Gasoil');
INSERT INTO `eq_gasto` VALUES (67, '2019-08-22', 117, NULL, NULL, 'RULO', 'Gasoil');
INSERT INTO `eq_gasto` VALUES (68, '2019-08-23', 1, NULL, NULL, 'TRACTOR 8335', 'Gasoil');
INSERT INTO `eq_gasto` VALUES (69, '2019-08-23', 1, NULL, NULL, 'TRACTOR 8335 R', 'Gasoil');
INSERT INTO `eq_gasto` VALUES (70, '2019-08-23', 98, NULL, NULL, 'GUSTAVO', 'Gasoil');
INSERT INTO `eq_gasto` VALUES (71, '2019-08-24', 84, NULL, NULL, 'MOSQUITO', 'Gasoil');
INSERT INTO `eq_gasto` VALUES (72, '2019-08-24', 18, NULL, NULL, 'TANQUE GRANDE', 'Gasoil');
INSERT INTO `eq_gasto` VALUES (73, '2019-08-25', 98, NULL, NULL, 'HORACIO', 'Gasoil');
INSERT INTO `eq_gasto` VALUES (74, '2019-08-26', 99, NULL, NULL, 'RULO', 'Gasoil');
INSERT INTO `eq_gasto` VALUES (75, '2019-08-26', 116, 80736, NULL, 'MONANDO', 'Gasoil');
INSERT INTO `eq_gasto` VALUES (76, '2019-08-26', 60, 964001, NULL, 'RUVATTA', 'Gasoil');
INSERT INTO `eq_gasto` VALUES (77, '2019-08-26', 99, NULL, NULL, 'GONZALO', 'Gasoil');
INSERT INTO `eq_gasto` VALUES (78, '2019-08-26', 61, 954625, NULL, 'PANIAGUA', 'Gasoil');
INSERT INTO `eq_gasto` VALUES (79, '2019-08-26', 62, 983792, NULL, 'TORREZ', 'Gasoil');
INSERT INTO `eq_gasto` VALUES (80, '2019-08-26', 59, 1095299, NULL, 'MANCUELLO', 'Gasoil');
INSERT INTO `eq_gasto` VALUES (81, '2019-08-27', 98, NULL, NULL, 'GUSTAVO', 'Gasoil');
INSERT INTO `eq_gasto` VALUES (82, '2019-08-27', 73, 718797, NULL, 'FERREYRA', 'Gasoil');
INSERT INTO `eq_gasto` VALUES (83, '2019-08-27', 78, NULL, NULL, 'ADRIAN', 'Gasoil');
INSERT INTO `eq_gasto` VALUES (84, '2019-08-28', 99, NULL, NULL, 'GONZALO', 'Gasoil');
INSERT INTO `eq_gasto` VALUES (85, '2019-08-28', 116, 80925, NULL, 'MONANDO', 'Gasoil');
INSERT INTO `eq_gasto` VALUES (86, '2019-08-28', 98, NULL, NULL, 'GUSTAVO', 'Gasoil');
INSERT INTO `eq_gasto` VALUES (87, '2019-08-28', 144, NULL, NULL, 'TANQUE', 'Gasoil');
INSERT INTO `eq_gasto` VALUES (88, '2019-08-30', 51, 1043249, NULL, 'CORONEL', 'Gasoil');
INSERT INTO `eq_gasto` VALUES (89, '2019-08-30', 18, NULL, NULL, 'TANQUE ', 'Gasoil');
INSERT INTO `eq_gasto` VALUES (90, '2019-08-30', 1, NULL, NULL, 'TRACTOR 8320', 'Gasoil');
INSERT INTO `eq_gasto` VALUES (91, '2019-08-30', 143, 0, NULL, 'ACTUALIZACION', 'Gasoil');
INSERT INTO `eq_gasto` VALUES (92, '2019-08-30', 1, NULL, NULL, 'TRACTOR 8335 R', 'Gasoil');
INSERT INTO `eq_gasto` VALUES (93, '2019-08-30', 78, NULL, NULL, 'ADRIAN', 'Gasoil');
INSERT INTO `eq_gasto` VALUES (94, '2019-08-30', 118, NULL, NULL, 'CRISTIAN', 'Gasoil');
INSERT INTO `eq_gasto` VALUES (95, '2019-08-30', 98, NULL, NULL, 'GUSTAVO', 'Gasoil');
INSERT INTO `eq_gasto` VALUES (96, '2019-08-30', 116, 81661, NULL, 'MONANDO', 'Gasoil');
INSERT INTO `eq_gasto` VALUES (97, '2019-08-30', 59, 1096337, NULL, 'MANCUELLO', 'Gasoil');
INSERT INTO `eq_gasto` VALUES (98, '2019-08-30', 117, NULL, NULL, 'RULO', 'Gasoil');
INSERT INTO `eq_gasto` VALUES (99, '2019-08-31', 17, NULL, NULL, 'TANQUE', 'Gasoil');
INSERT INTO `eq_gasto` VALUES (100, '2019-08-31', 120, NULL, NULL, 'GONZALO', 'Gasoil');
INSERT INTO `eq_gasto` VALUES (101, '2019-09-02', 1, NULL, NULL, 'TRACTOR 4050', 'Gasoil');
INSERT INTO `eq_gasto` VALUES (102, '2019-09-02', 18, NULL, NULL, 'TANQUE', 'Gasoil');
INSERT INTO `eq_gasto` VALUES (103, '2019-09-02', 18, NULL, NULL, 'TANQUE', 'Gasoil');
INSERT INTO `eq_gasto` VALUES (104, '2019-09-03', 98, NULL, NULL, 'GUSTAVO', 'Gasoil');
INSERT INTO `eq_gasto` VALUES (105, '2019-09-03', 147, NULL, NULL, 'GONZALO', 'Gasoil');
INSERT INTO `eq_gasto` VALUES (106, '2019-09-04', 1, NULL, NULL, 'TRACTOR 8345 R', 'Gasoil');
INSERT INTO `eq_gasto` VALUES (107, '2019-09-05', 78, NULL, NULL, 'ADRIAN', 'Gasoil');
INSERT INTO `eq_gasto` VALUES (108, '2019-09-05', 98, NULL, NULL, 'RULO', 'Gasoil');
INSERT INTO `eq_gasto` VALUES (109, '2019-09-05', 143, 0, NULL, 'CISTERNA BUCHOLZ', 'Gasoil');
INSERT INTO `eq_gasto` VALUES (110, '2019-09-05', 1, NULL, NULL, 'MAQUINA CHAMPIONS', 'Gasoil');
INSERT INTO `eq_gasto` VALUES (111, '2019-09-05', 147, NULL, NULL, 'GONZALO', 'Gasoil');
INSERT INTO `eq_gasto` VALUES (112, '2019-09-06', 98, NULL, NULL, 'GUSTAVO', 'Gasoil');
INSERT INTO `eq_gasto` VALUES (113, '2019-09-07', 147, NULL, NULL, 'RULO', 'Gasoil');
INSERT INTO `eq_gasto` VALUES (114, '2019-09-07', 118, NULL, NULL, 'HORACIO', 'Gasoil');
INSERT INTO `eq_gasto` VALUES (115, '2019-09-07', 98, NULL, NULL, 'CRISTIAN', 'Gasoil');
INSERT INTO `eq_gasto` VALUES (116, '2019-09-07', 62, 984935, NULL, 'TORREZ', 'Gasoil');
INSERT INTO `eq_gasto` VALUES (117, '2019-09-07', 78, NULL, NULL, 'ADRIAN', 'Gasoil');
INSERT INTO `eq_gasto` VALUES (118, '2019-09-09', 116, 82622, NULL, 'MONANDO', 'Gasoil');
INSERT INTO `eq_gasto` VALUES (119, '2019-09-09', 73, 719856, NULL, 'FERREYRA', 'Gasoil');
INSERT INTO `eq_gasto` VALUES (120, '2019-09-09', 61, 955549, NULL, 'PANIAGUA', 'Gasoil');
INSERT INTO `eq_gasto` VALUES (121, '2019-09-09', 59, 1096980, NULL, 'MANCUELLO', 'Gasoil');
INSERT INTO `eq_gasto` VALUES (122, '2019-09-09', 77, 1096980, NULL, '', 'Gasoil');
INSERT INTO `eq_gasto` VALUES (123, '2019-09-10', 118, NULL, NULL, 'PABLO', 'Gasoil');
INSERT INTO `eq_gasto` VALUES (124, '2019-09-10', 77, NULL, NULL, 'HERNAN', 'Gasoil');
INSERT INTO `eq_gasto` VALUES (125, '2019-09-10', 119, NULL, NULL, 'HORACIO', 'Gasoil');
INSERT INTO `eq_gasto` VALUES (126, '2019-09-10', 60, 965434, NULL, 'RUVATTA', 'Gasoil');
INSERT INTO `eq_gasto` VALUES (127, '2019-09-10', 98, NULL, NULL, 'GONZALO', 'Gasoil');
INSERT INTO `eq_gasto` VALUES (128, '2019-09-10', 92, NULL, NULL, 'MOSQUITO', 'Gasoil');
INSERT INTO `eq_gasto` VALUES (129, '2019-09-11', 1, NULL, NULL, 'TRACTOR 8335', 'Gasoil');
INSERT INTO `eq_gasto` VALUES (130, '2019-09-11', 99, NULL, NULL, 'GUSTAVO', 'Gasoil');
INSERT INTO `eq_gasto` VALUES (131, '2019-09-11', 98, NULL, NULL, 'RULO', 'Gasoil');
INSERT INTO `eq_gasto` VALUES (132, '2019-09-11', 120, NULL, NULL, 'GONZALO', 'Gasoil');
INSERT INTO `eq_gasto` VALUES (133, '2019-09-12', 92, NULL, NULL, 'MOSQUITO', 'Gasoil');
INSERT INTO `eq_gasto` VALUES (134, '2019-09-12', 1, NULL, NULL, 'TRACTOR 8200', 'Gasoil');
INSERT INTO `eq_gasto` VALUES (135, '2019-09-12', 51, 1044326, NULL, 'CORONEL', 'Gasoil');
INSERT INTO `eq_gasto` VALUES (136, '2019-09-12', 120, NULL, NULL, 'HORACIO', 'Gasoil');
INSERT INTO `eq_gasto` VALUES (137, '2019-09-12', 18, NULL, NULL, '', 'Gasoil');
INSERT INTO `eq_gasto` VALUES (138, '2019-09-12', 144, NULL, NULL, '', 'Gasoil');
INSERT INTO `eq_gasto` VALUES (139, '2019-09-12', 99, NULL, NULL, 'GUSTAVO', 'Gasoil');
INSERT INTO `eq_gasto` VALUES (140, '2019-09-13', 117, NULL, NULL, 'HORACIO', 'Gasoil');
INSERT INTO `eq_gasto` VALUES (141, '2019-09-13', 98, NULL, NULL, 'GONZALO', 'Gasoil');
INSERT INTO `eq_gasto` VALUES (142, '2019-09-13', 145, NULL, NULL, 'TANQUE', 'Gasoil');
INSERT INTO `eq_gasto` VALUES (143, '2019-09-13', 61, 956731, NULL, '', 'Gasoil');
INSERT INTO `eq_gasto` VALUES (144, '2019-09-13', 144, NULL, NULL, 'TANQUE', 'Gasoil');
INSERT INTO `eq_gasto` VALUES (145, '2019-11-14', 99, NULL, NULL, 'HORACIO', 'Gasoil');
INSERT INTO `eq_gasto` VALUES (146, '2019-09-14', 116, 85424, NULL, 'MONANDO', 'Gasoil');
INSERT INTO `eq_gasto` VALUES (147, '2020-01-17', 60, 978981, NULL, '', 'Gasoil');
INSERT INTO `eq_gasto` VALUES (148, '2020-01-16', 116, 104083, NULL, '', 'Gasoil');
INSERT INTO `eq_gasto` VALUES (149, '2020-01-05', 143, 0, NULL, '', 'Gasoil');
INSERT INTO `eq_gasto` VALUES (150, '2020-01-16', 51, 1064457, NULL, '', 'Gasoil');
INSERT INTO `eq_gasto` VALUES (151, '2020-01-16', 72, 849797, NULL, '', 'Gasoil');
INSERT INTO `eq_gasto` VALUES (152, '2020-01-16', 148, 12114, NULL, '', 'Gasoil');
INSERT INTO `eq_gasto` VALUES (153, '2020-01-16', 59, 1123894, NULL, '', 'Gasoil');
INSERT INTO `eq_gasto` VALUES (154, '2020-01-16', 61, 979668, NULL, '', 'Gasoil');
INSERT INTO `eq_gasto` VALUES (155, '2020-01-15', 62, 1006070, NULL, '', 'Gasoil');
INSERT INTO `eq_gasto` VALUES (156, '2020-01-01', 143, NULL, NULL, 'Corregir Stock', 'Gasoil');
INSERT INTO `eq_gasto` VALUES (157, '2020-01-17', 62, 1006249, NULL, '', 'Gasoil');
INSERT INTO `eq_gasto` VALUES (158, '2020-01-09', 1, NULL, NULL, '', 'Gasoil');
INSERT INTO `eq_gasto` VALUES (159, '2020-01-10', 1, NULL, NULL, '', 'Gasoil');
INSERT INTO `eq_gasto` VALUES (160, '2020-01-13', 1, NULL, NULL, '', 'Gasoil');
INSERT INTO `eq_gasto` VALUES (161, '2020-01-13', 1, NULL, NULL, '', 'Gasoil');
INSERT INTO `eq_gasto` VALUES (162, '2020-01-14', 1, NULL, NULL, '', 'Gasoil');
INSERT INTO `eq_gasto` VALUES (163, '2020-01-10', 18, NULL, NULL, '', 'Gasoil');
INSERT INTO `eq_gasto` VALUES (164, '2020-01-05', 74, NULL, NULL, '', 'Gasoil');
INSERT INTO `eq_gasto` VALUES (165, '2020-01-13', 74, NULL, NULL, '', 'Gasoil');
INSERT INTO `eq_gasto` VALUES (166, '2020-01-06', 150, NULL, NULL, '', 'Gasoil');
INSERT INTO `eq_gasto` VALUES (167, '2020-01-13', 150, NULL, NULL, '', 'Gasoil');
INSERT INTO `eq_gasto` VALUES (168, '2020-01-13', 150, NULL, NULL, '', 'Gasoil');
INSERT INTO `eq_gasto` VALUES (169, '2020-01-13', 98, NULL, NULL, 'Monica', 'Gasoil');
INSERT INTO `eq_gasto` VALUES (170, '2020-01-06', 147, NULL, NULL, '', 'Gasoil');
INSERT INTO `eq_gasto` VALUES (171, '2020-01-06', 147, NULL, NULL, '', 'Gasoil');
INSERT INTO `eq_gasto` VALUES (172, '2020-01-09', 147, NULL, NULL, '', 'Gasoil');
INSERT INTO `eq_gasto` VALUES (173, '2020-01-10', 147, NULL, NULL, '', 'Gasoil');
INSERT INTO `eq_gasto` VALUES (174, '2020-01-14', 147, NULL, NULL, '', 'Gasoil');
INSERT INTO `eq_gasto` VALUES (175, '2020-01-06', 99, NULL, NULL, '', 'Gasoil');
INSERT INTO `eq_gasto` VALUES (176, '2020-01-15', 99, NULL, NULL, '', 'Gasoil');
INSERT INTO `eq_gasto` VALUES (177, '2020-01-13', 117, NULL, NULL, '', 'Gasoil');
INSERT INTO `eq_gasto` VALUES (178, '2020-01-20', 61, 980845, NULL, '', 'Gasoil');
INSERT INTO `eq_gasto` VALUES (179, '2020-01-20', 51, 1065625, NULL, '', 'Gasoil');
INSERT INTO `eq_gasto` VALUES (180, '2020-01-20', 72, 850940, NULL, '', 'Gasoil');
INSERT INTO `eq_gasto` VALUES (181, '2020-01-20', 116, 105255, NULL, '', 'Gasoil');
INSERT INTO `eq_gasto` VALUES (182, '2020-01-18', 148, 13300, NULL, '', 'Gasoil');
INSERT INTO `eq_gasto` VALUES (183, '2020-01-11', 116, 102864, NULL, 'Carga en Est San Guillermo', 'Gasoil');
INSERT INTO `eq_gasto` VALUES (184, '2020-01-13', 116, 103108, NULL, '', 'Gasoil');
INSERT INTO `eq_gasto` VALUES (185, '2020-01-20', 73, 744470, NULL, '', 'Gasoil');
INSERT INTO `eq_gasto` VALUES (186, '2020-01-13', 73, 743314, NULL, '', 'Gasoil');
INSERT INTO `eq_gasto` VALUES (187, '2020-01-13', 60, 977840, NULL, '', 'Gasoil');
INSERT INTO `eq_gasto` VALUES (188, '2020-01-13', 51, 1063219, NULL, '', 'Gasoil');
INSERT INTO `eq_gasto` VALUES (189, '2020-01-13', 72, 848545, NULL, '', 'Gasoil');
INSERT INTO `eq_gasto` VALUES (190, '2020-01-13', 59, 1122635, NULL, '', 'Gasoil');
INSERT INTO `eq_gasto` VALUES (191, '2020-01-11', 61, 978488, NULL, '', 'Gasoil');
INSERT INTO `eq_gasto` VALUES (192, '2020-01-10', 148, 11520, NULL, '', 'Gasoil');
INSERT INTO `eq_gasto` VALUES (193, '2020-01-10', 73, 742614, NULL, '', 'Gasoil');
INSERT INTO `eq_gasto` VALUES (194, '2020-01-10', 72, 847914, NULL, '', 'Gasoil');
INSERT INTO `eq_gasto` VALUES (195, '2020-01-10', 51, 1062621, NULL, '', 'Gasoil');
INSERT INTO `eq_gasto` VALUES (196, '2020-01-10', 60, 977168, NULL, '', 'Gasoil');
INSERT INTO `eq_gasto` VALUES (197, '2020-01-10', 59, 1122002, NULL, '', 'Gasoil');
INSERT INTO `eq_gasto` VALUES (198, '2020-01-10', 61, 977884, NULL, '', 'Gasoil');
INSERT INTO `eq_gasto` VALUES (199, '2020-01-09', 62, 1003899, NULL, '', 'Gasoil');
INSERT INTO `eq_gasto` VALUES (200, '2020-01-09', 116, 101213, NULL, '', 'Gasoil');
INSERT INTO `eq_gasto` VALUES (201, '2020-01-08', 73, 741371, NULL, '', 'Gasoil');
INSERT INTO `eq_gasto` VALUES (202, '2020-01-08', 148, 10348, NULL, '', 'Gasoil');
INSERT INTO `eq_gasto` VALUES (203, '2020-01-08', 59, 1120859, NULL, '', 'Gasoil');
INSERT INTO `eq_gasto` VALUES (204, '2020-01-08', 51, 1061486, NULL, '', 'Gasoil');
INSERT INTO `eq_gasto` VALUES (205, '2020-01-04', 72, 846756, NULL, '', 'Gasoil');
INSERT INTO `eq_gasto` VALUES (206, '2020-01-01', 74, NULL, NULL, '', 'Gasoil');
INSERT INTO `eq_gasto` VALUES (207, '2020-01-01', 118, NULL, NULL, '', 'Gasoil');
INSERT INTO `eq_gasto` VALUES (208, '2020-01-02', 150, NULL, NULL, '', 'Gasoil');
INSERT INTO `eq_gasto` VALUES (209, '2020-01-03', 117, NULL, NULL, '', 'Gasoil');
INSERT INTO `eq_gasto` VALUES (210, '2020-01-03', 147, NULL, NULL, '', 'Gasoil');
INSERT INTO `eq_gasto` VALUES (211, '2020-01-04', 74, NULL, NULL, '', 'Gasoil');
INSERT INTO `eq_gasto` VALUES (212, '2020-01-04', 147, NULL, NULL, '', 'Gasoil');
INSERT INTO `eq_gasto` VALUES (213, '2020-01-16', 118, NULL, NULL, '', 'Gasoil');
INSERT INTO `eq_gasto` VALUES (214, '2020-01-16', 117, NULL, NULL, '', 'Gasoil');
INSERT INTO `eq_gasto` VALUES (215, '2020-01-16', 99, NULL, NULL, '', 'Gasoil');
INSERT INTO `eq_gasto` VALUES (216, '2020-01-20', 118, NULL, NULL, '', 'Gasoil');
INSERT INTO `eq_gasto` VALUES (217, '2020-01-17', 147, NULL, NULL, '', 'Gasoil');
INSERT INTO `eq_gasto` VALUES (218, '2020-01-17', 1, NULL, NULL, '', 'Gasoil');
INSERT INTO `eq_gasto` VALUES (219, '2020-01-17', 1, NULL, NULL, '', 'Gasoil');
INSERT INTO `eq_gasto` VALUES (220, '2020-01-20', 60, 980123, NULL, '', 'Gasoil');
INSERT INTO `eq_gasto` VALUES (221, '2020-01-21', 59, 1125300, NULL, '', 'Gasoil');
INSERT INTO `eq_gasto` VALUES (222, '2020-01-21', 148, 14451, NULL, '', 'Gasoil');
INSERT INTO `eq_gasto` VALUES (223, '2020-01-21', 147, NULL, NULL, '', 'Gasoil');
INSERT INTO `eq_gasto` VALUES (224, '2020-01-21', 77, NULL, NULL, '', 'Gasoil');
INSERT INTO `eq_gasto` VALUES (225, '2020-01-22', 72, 852087, NULL, '', 'Gasoil');
INSERT INTO `eq_gasto` VALUES (226, '2020-01-22', 118, NULL, NULL, '', 'Gasoil');
INSERT INTO `eq_gasto` VALUES (227, '2020-01-22', 117, NULL, NULL, '', 'Gasoil');
INSERT INTO `eq_gasto` VALUES (228, '2020-01-22', 99, NULL, NULL, '', 'Gasoil');
INSERT INTO `eq_gasto` VALUES (229, '2020-01-22', 62, 1007355, NULL, '', 'Gasoil');
INSERT INTO `eq_gasto` VALUES (230, '2020-01-22', 51, 1066798, NULL, '', 'Gasoil');
INSERT INTO `eq_gasto` VALUES (231, '2020-01-22', 59, 1126449, NULL, '', 'Gasoil');
INSERT INTO `eq_gasto` VALUES (232, '2020-01-23', 61, 982004, NULL, '', 'Gasoil');
INSERT INTO `eq_gasto` VALUES (233, '2020-01-23', 148, 15596, NULL, '', 'Gasoil');
INSERT INTO `eq_gasto` VALUES (234, '2020-01-23', 73, 745708, NULL, '', 'Gasoil');
INSERT INTO `eq_gasto` VALUES (235, '2020-01-23', 60, 981274, NULL, '', 'Gasoil');
INSERT INTO `eq_gasto` VALUES (236, '2020-01-23', 74, NULL, NULL, '', 'Gasoil');
INSERT INTO `eq_gasto` VALUES (237, '2020-01-23', 147, NULL, NULL, '', 'Gasoil');
INSERT INTO `eq_gasto` VALUES (238, '2020-01-23', 72, 853232, NULL, '', 'Gasoil');
INSERT INTO `eq_gasto` VALUES (239, '2020-01-24', 62, 1008515, NULL, '', 'Gasoil');
INSERT INTO `eq_gasto` VALUES (240, '2020-01-24', 51, 1067959, NULL, '', 'Gasoil');
INSERT INTO `eq_gasto` VALUES (241, '2020-01-24', 116, 106378, NULL, '', 'Gasoil');
INSERT INTO `eq_gasto` VALUES (242, '2020-01-25', 99, NULL, NULL, '', 'Gasoil');
INSERT INTO `eq_gasto` VALUES (243, '2020-01-25', 59, 1127602, NULL, '', 'Gasoil');
INSERT INTO `eq_gasto` VALUES (244, '2020-01-25', 147, NULL, NULL, '', 'Gasoil');
INSERT INTO `eq_gasto` VALUES (245, '2020-01-26', 1, NULL, NULL, '6135', 'Gasoil');
INSERT INTO `eq_gasto` VALUES (246, '2020-01-26', 18, NULL, NULL, '', 'Gasoil');
INSERT INTO `eq_gasto` VALUES (247, '2020-01-26', 99, NULL, NULL, '', 'Gasoil');
INSERT INTO `eq_gasto` VALUES (248, '2020-01-26', 18, NULL, NULL, '', 'Gasoil');
INSERT INTO `eq_gasto` VALUES (249, '2020-01-26', 73, 746833, NULL, '', 'Gasoil');
INSERT INTO `eq_gasto` VALUES (250, '2020-01-26', 18, NULL, NULL, '', 'Gasoil');

-- ----------------------------
-- Table structure for eq_gasto_gasoil
-- ----------------------------
DROP TABLE IF EXISTS `eq_gasto_gasoil`;
CREATE TABLE `eq_gasto_gasoil`  (
  `id_gasto` bigint(10) NULL DEFAULT NULL,
  `id_gasoil` bigint(10) NOT NULL AUTO_INCREMENT,
  `movimineto` int(1) NULL DEFAULT NULL,
  `litros` double NULL DEFAULT NULL,
  `precio` double NULL DEFAULT NULL,
  `stock` double NULL DEFAULT NULL,
  `stock_update` tinyint(1) NULL DEFAULT NULL,
  PRIMARY KEY (`id_gasoil`) USING BTREE,
  INDEX `fk_gasto_gasoil`(`id_gasto`) USING BTREE,
  CONSTRAINT `fk_gasto_gasoil` FOREIGN KEY (`id_gasto`) REFERENCES `eq_gasto` (`id_gasto`) ON DELETE RESTRICT ON UPDATE RESTRICT
) ENGINE = InnoDB AUTO_INCREMENT = 337 CHARACTER SET = utf8 COLLATE = utf8_spanish_ci ROW_FORMAT = Compact;

-- ----------------------------
-- Records of eq_gasto_gasoil
-- ----------------------------
INSERT INTO `eq_gasto_gasoil` VALUES (1, 1, 1, 5000, 45, 5000, 1);
INSERT INTO `eq_gasto_gasoil` VALUES (43, 129, 0, 507, 45, 4493, 1);
INSERT INTO `eq_gasto_gasoil` VALUES (44, 130, 1, 36000, 45, 40493, 1);
INSERT INTO `eq_gasto_gasoil` VALUES (45, 131, 0, 27, 45, 40466, 1);
INSERT INTO `eq_gasto_gasoil` VALUES (46, 132, 0, 65, 45, 40401, 1);
INSERT INTO `eq_gasto_gasoil` VALUES (47, 133, 0, 56, 45, 40345, 1);
INSERT INTO `eq_gasto_gasoil` VALUES (48, 134, 0, 67, 45, 40278, 1);
INSERT INTO `eq_gasto_gasoil` VALUES (49, 135, 0, 51, 45, 40227, 1);
INSERT INTO `eq_gasto_gasoil` VALUES (50, 136, 0, 34, 45, 40193, 1);
INSERT INTO `eq_gasto_gasoil` VALUES (51, 137, 0, 39, 45, 40154, 1);
INSERT INTO `eq_gasto_gasoil` VALUES (52, 138, 0, 200, 45, 39954, 1);
INSERT INTO `eq_gasto_gasoil` VALUES (53, 139, 0, 649, 45, 39305, 1);
INSERT INTO `eq_gasto_gasoil` VALUES (54, 140, 0, 657, 45, 38648, 1);
INSERT INTO `eq_gasto_gasoil` VALUES (55, 141, 0, 4200, 45, 34448, 1);
INSERT INTO `eq_gasto_gasoil` VALUES (56, 142, 0, 5004, 45, 29444, 1);
INSERT INTO `eq_gasto_gasoil` VALUES (57, 143, 0, 68, 45, 29376, 1);
INSERT INTO `eq_gasto_gasoil` VALUES (58, 144, 0, 447, 45, 28929, 1);
INSERT INTO `eq_gasto_gasoil` VALUES (59, 145, 0, 40, 45, 28889, 1);
INSERT INTO `eq_gasto_gasoil` VALUES (60, 146, 0, 5050, 45, 23839, 1);
INSERT INTO `eq_gasto_gasoil` VALUES (61, 147, 0, 57, 45, 23782, 1);
INSERT INTO `eq_gasto_gasoil` VALUES (62, 148, 0, 47, 45, 23735, 1);
INSERT INTO `eq_gasto_gasoil` VALUES (63, 149, 0, 48, 45, 23687, 1);
INSERT INTO `eq_gasto_gasoil` VALUES (64, 150, 0, 59, 45, 23628, 1);
INSERT INTO `eq_gasto_gasoil` VALUES (65, 151, 0, 2000, 45, 21628, 1);
INSERT INTO `eq_gasto_gasoil` VALUES (66, 152, 0, 42, 45, 21586, 1);
INSERT INTO `eq_gasto_gasoil` VALUES (67, 153, 0, 37, 45, 21549, 1);
INSERT INTO `eq_gasto_gasoil` VALUES (68, 154, 0, 442, 45, 21107, 1);
INSERT INTO `eq_gasto_gasoil` VALUES (69, 155, 0, 237, 45, 20870, 1);
INSERT INTO `eq_gasto_gasoil` VALUES (70, 156, 0, 60, 45, 20810, 1);
INSERT INTO `eq_gasto_gasoil` VALUES (71, 157, 0, 243, 45, 20567, 1);
INSERT INTO `eq_gasto_gasoil` VALUES (72, 158, 0, 10000, 45, 10567, 1);
INSERT INTO `eq_gasto_gasoil` VALUES (73, 159, 0, 50, 45, 10517, 1);
INSERT INTO `eq_gasto_gasoil` VALUES (74, 160, 0, 36, 45, 10481, 1);
INSERT INTO `eq_gasto_gasoil` VALUES (75, 161, 0, 558, 45, 9923, 1);
INSERT INTO `eq_gasto_gasoil` VALUES (76, 162, 0, 528, 45, 9395, 1);
INSERT INTO `eq_gasto_gasoil` VALUES (77, 163, 0, 58, 45, 9337, 1);
INSERT INTO `eq_gasto_gasoil` VALUES (78, 164, 0, 512, 45, 8825, 1);
INSERT INTO `eq_gasto_gasoil` VALUES (79, 165, 0, 533, 45, 8292, 1);
INSERT INTO `eq_gasto_gasoil` VALUES (80, 166, 0, 621, 45, 7671, 1);
INSERT INTO `eq_gasto_gasoil` VALUES (81, 167, 0, 67, 45, 7604, 1);
INSERT INTO `eq_gasto_gasoil` VALUES (82, 168, 0, 430, 45, 7174, 1);
INSERT INTO `eq_gasto_gasoil` VALUES (83, 169, 0, 59, 45, 7115, 1);
INSERT INTO `eq_gasto_gasoil` VALUES (84, 170, 0, 62, 45, 7053, 1);
INSERT INTO `eq_gasto_gasoil` VALUES (85, 171, 0, 136, 45, 6917, 1);
INSERT INTO `eq_gasto_gasoil` VALUES (86, 172, 0, 49, 45, 6868, 1);
INSERT INTO `eq_gasto_gasoil` VALUES (87, 173, 0, 4200, 45, 2668, 1);
INSERT INTO `eq_gasto_gasoil` VALUES (88, 174, 0, 447, 45, 2221, 1);
INSERT INTO `eq_gasto_gasoil` VALUES (89, 175, 0, 6150, 45, -3929, 1);
INSERT INTO `eq_gasto_gasoil` VALUES (90, 176, 0, 323, 45, -4252, 1);
INSERT INTO `eq_gasto_gasoil` VALUES (91, 177, 1, 18929, 45, 14677, 1);
INSERT INTO `eq_gasto_gasoil` VALUES (92, 178, 0, 436, 45, 14241, 1);
INSERT INTO `eq_gasto_gasoil` VALUES (93, 179, 0, 52, 45, 14189, 1);
INSERT INTO `eq_gasto_gasoil` VALUES (94, 180, 0, 53, 45, 14136, 1);
INSERT INTO `eq_gasto_gasoil` VALUES (95, 181, 0, 63, 45, 14073, 1);
INSERT INTO `eq_gasto_gasoil` VALUES (96, 182, 0, 308, 45, 13765, 1);
INSERT INTO `eq_gasto_gasoil` VALUES (97, 183, 0, 430, 45, 13335, 1);
INSERT INTO `eq_gasto_gasoil` VALUES (98, 184, 0, 58, 45, 13277, 1);
INSERT INTO `eq_gasto_gasoil` VALUES (99, 185, 0, 2070, 45, 11207, 1);
INSERT INTO `eq_gasto_gasoil` VALUES (100, 186, 0, 64, 45, 11143, 1);
INSERT INTO `eq_gasto_gasoil` VALUES (101, 187, 0, 50, 45, 11093, 1);
INSERT INTO `eq_gasto_gasoil` VALUES (102, 188, 0, 3138, 45, 7955, 1);
INSERT INTO `eq_gasto_gasoil` VALUES (103, 189, 0, 1434, 45, 6521, 1);
INSERT INTO `eq_gasto_gasoil` VALUES (104, 190, 0, 17, 45, 6504, 1);
INSERT INTO `eq_gasto_gasoil` VALUES (105, 191, 0, 56, 45, 6448, 1);
INSERT INTO `eq_gasto_gasoil` VALUES (106, 192, 0, 558, 45, 5890, 1);
INSERT INTO `eq_gasto_gasoil` VALUES (107, 193, 0, 61, 45, 5829, 1);
INSERT INTO `eq_gasto_gasoil` VALUES (108, 194, 0, 48, 45, 5781, 1);
INSERT INTO `eq_gasto_gasoil` VALUES (109, 195, 1, 32000, 45, 37781, 1);
INSERT INTO `eq_gasto_gasoil` VALUES (110, 196, 0, 80, 45, 37701, 1);
INSERT INTO `eq_gasto_gasoil` VALUES (111, 197, 0, 54, 45, 37647, 1);
INSERT INTO `eq_gasto_gasoil` VALUES (112, 198, 0, 40, 45, 37607, 1);
INSERT INTO `eq_gasto_gasoil` VALUES (113, 199, 0, 51, 45, 37556, 1);
INSERT INTO `eq_gasto_gasoil` VALUES (114, 200, 0, 57, 45, 37499, 1);
INSERT INTO `eq_gasto_gasoil` VALUES (115, 201, 0, 50, 45, 37449, 1);
INSERT INTO `eq_gasto_gasoil` VALUES (116, 202, 0, 503, 45, 36946, 1);
INSERT INTO `eq_gasto_gasoil` VALUES (117, 203, 0, 55, 45, 36891, 1);
INSERT INTO `eq_gasto_gasoil` VALUES (118, 204, 0, 519, 45, 36372, 1);
INSERT INTO `eq_gasto_gasoil` VALUES (119, 205, 0, 495, 45, 35877, 1);
INSERT INTO `eq_gasto_gasoil` VALUES (120, 206, 0, 412, 45, 35465, 1);
INSERT INTO `eq_gasto_gasoil` VALUES (121, 207, 0, 280, 45, 35185, 1);
INSERT INTO `eq_gasto_gasoil` VALUES (122, 208, 0, 20, 45, 35165, 1);
INSERT INTO `eq_gasto_gasoil` VALUES (123, 209, 0, 38, 45, 35127, 1);
INSERT INTO `eq_gasto_gasoil` VALUES (124, 210, 0, 68, 45, 35059, 1);
INSERT INTO `eq_gasto_gasoil` VALUES (125, 211, 0, 40, 45, 35019, 1);
INSERT INTO `eq_gasto_gasoil` VALUES (126, 212, 0, 470, 45, 34549, 1);
INSERT INTO `eq_gasto_gasoil` VALUES (127, 213, 0, 55, 45, 34494, 1);
INSERT INTO `eq_gasto_gasoil` VALUES (128, 214, 0, 171, 45, 34323, 1);
INSERT INTO `eq_gasto_gasoil` VALUES (129, 215, 0, 500, 45, 33823, 1);
INSERT INTO `eq_gasto_gasoil` VALUES (130, 216, 0, 48, 45, 33775, 1);
INSERT INTO `eq_gasto_gasoil` VALUES (131, 217, 0, 57, 45, 33718, 1);
INSERT INTO `eq_gasto_gasoil` VALUES (132, 218, 0, 65, 45, 33653, 1);
INSERT INTO `eq_gasto_gasoil` VALUES (133, 219, 0, 296, 45, 33357, 1);
INSERT INTO `eq_gasto_gasoil` VALUES (134, 220, 0, 263, 45, 33094, 1);
INSERT INTO `eq_gasto_gasoil` VALUES (135, 221, 0, 451, 45, 32643, 1);
INSERT INTO `eq_gasto_gasoil` VALUES (136, 222, 0, 39, 45, 32604, 1);
INSERT INTO `eq_gasto_gasoil` VALUES (137, 223, 0, 1000, 45, 31604, 1);
INSERT INTO `eq_gasto_gasoil` VALUES (138, 224, 0, 4460, 45, 27144, 1);
INSERT INTO `eq_gasto_gasoil` VALUES (139, 225, 0, 40, 45, 27104, 1);
INSERT INTO `eq_gasto_gasoil` VALUES (140, 226, 0, 31, 45, 27073, 1);
INSERT INTO `eq_gasto_gasoil` VALUES (141, 227, 0, 62, 45, 27011, 1);
INSERT INTO `eq_gasto_gasoil` VALUES (142, 228, 0, 3170, 45, 23841, 1);
INSERT INTO `eq_gasto_gasoil` VALUES (143, 229, 0, 352, 45, 23489, 1);
INSERT INTO `eq_gasto_gasoil` VALUES (144, 230, 0, 4600, 45, 18889, 1);
INSERT INTO `eq_gasto_gasoil` VALUES (145, 231, 0, 38, 45, 18361, 1);
INSERT INTO `eq_gasto_gasoil` VALUES (146, 232, 0, 490, 45, 18399, 1);
INSERT INTO `eq_gasto_gasoil` VALUES (147, 233, 0, 340, 45, 26065, 1);
INSERT INTO `eq_gasto_gasoil` VALUES (148, 234, 0, 351, 45, 28339, 1);
INSERT INTO `eq_gasto_gasoil` VALUES (149, 235, 1, 37000, 45, 39489, 1);
INSERT INTO `eq_gasto_gasoil` VALUES (150, 236, 0, 384, 45, 27955, 1);
INSERT INTO `eq_gasto_gasoil` VALUES (151, 237, 0, 420, 45, 27535, 1);
INSERT INTO `eq_gasto_gasoil` VALUES (152, 238, 0, 239, 45, 27296, 1);
INSERT INTO `eq_gasto_gasoil` VALUES (153, 239, 0, 413, 45, 26883, 1);
INSERT INTO `eq_gasto_gasoil` VALUES (154, 240, 0, 359, 45, 26524, 1);
INSERT INTO `eq_gasto_gasoil` VALUES (155, 241, 0, 449, 45, 28752, 1);
INSERT INTO `eq_gasto_gasoil` VALUES (156, 242, 0, 14861, 45, 3500, 1);
INSERT INTO `eq_gasto_gasoil` VALUES (157, 243, 0, 410, 45, 25655, 1);
INSERT INTO `eq_gasto_gasoil` VALUES (158, 244, 0, 107, 45, 37317, 1);
INSERT INTO `eq_gasto_gasoil` VALUES (159, 245, 0, 41, 45, 36255, 1);
INSERT INTO `eq_gasto_gasoil` VALUES (160, 246, 0, 65, 45, 30797, 1);
INSERT INTO `eq_gasto_gasoil` VALUES (161, 247, 0, 45, 45, 30752, 1);
INSERT INTO `eq_gasto_gasoil` VALUES (162, 248, 0, 10, 45, 29246, 1);
INSERT INTO `eq_gasto_gasoil` VALUES (163, 249, 0, 2360, 45, 33895, 1);
INSERT INTO `eq_gasto_gasoil` VALUES (164, 250, 0, 21, 45, 39468, 1);
INSERT INTO `eq_gasto_gasoil` VALUES (165, 251, 0, 58, 45, 30694, 1);
INSERT INTO `eq_gasto_gasoil` VALUES (166, 252, 0, 30, 45, 39438, 1);
INSERT INTO `eq_gasto_gasoil` VALUES (167, 253, 0, 45, 45, 30649, 1);
INSERT INTO `eq_gasto_gasoil` VALUES (168, 254, 0, 5, 45, 30644, 1);
INSERT INTO `eq_gasto_gasoil` VALUES (169, 255, 0, 62, 45, 30582, 1);
INSERT INTO `eq_gasto_gasoil` VALUES (170, 256, 0, 36, 45, 39402, 1);
INSERT INTO `eq_gasto_gasoil` VALUES (171, 257, 0, 60, 45, 39342, 1);
INSERT INTO `eq_gasto_gasoil` VALUES (172, 258, 0, 61, 45, 37256, 1);
INSERT INTO `eq_gasto_gasoil` VALUES (173, 259, 0, 72, 45, 33823, 1);
INSERT INTO `eq_gasto_gasoil` VALUES (174, 260, 0, 45, 45, 29201, 1);
INSERT INTO `eq_gasto_gasoil` VALUES (175, 261, 0, 51, 45, 39291, 1);
INSERT INTO `eq_gasto_gasoil` VALUES (176, 262, 0, 62, 45, 28690, 1);
INSERT INTO `eq_gasto_gasoil` VALUES (177, 263, 0, 32, 45, 30550, 1);
INSERT INTO `eq_gasto_gasoil` VALUES (178, 264, 0, 351, 45, 24312, 1);
INSERT INTO `eq_gasto_gasoil` VALUES (179, 265, 0, 378, 45, 23934, 1);
INSERT INTO `eq_gasto_gasoil` VALUES (180, 266, 0, 364, 45, 23570, 1);
INSERT INTO `eq_gasto_gasoil` VALUES (181, 267, 0, 357, 45, 23213, 1);
INSERT INTO `eq_gasto_gasoil` VALUES (182, 268, 0, 355, 45, 24663, 1);
INSERT INTO `eq_gasto_gasoil` VALUES (183, 269, 0, 150, 45, 0, 0);
INSERT INTO `eq_gasto_gasoil` VALUES (184, 270, 0, 230, 45, 30320, 1);
INSERT INTO `eq_gasto_gasoil` VALUES (185, 271, 0, 352, 45, 22861, 1);
INSERT INTO `eq_gasto_gasoil` VALUES (186, 272, 0, 217, 45, 30103, 1);
INSERT INTO `eq_gasto_gasoil` VALUES (187, 273, 0, 221, 45, 29882, 1);
INSERT INTO `eq_gasto_gasoil` VALUES (188, 274, 0, 200, 45, 29682, 1);
INSERT INTO `eq_gasto_gasoil` VALUES (189, 275, 0, 203, 45, 29479, 1);
INSERT INTO `eq_gasto_gasoil` VALUES (190, 276, 0, 223, 45, 29256, 1);
INSERT INTO `eq_gasto_gasoil` VALUES (191, 277, 0, 203, 45, 30862, 1);
INSERT INTO `eq_gasto_gasoil` VALUES (192, 278, 0, 367, 45, 33456, 1);
INSERT INTO `eq_gasto_gasoil` VALUES (193, 279, 0, 356, 45, 33100, 1);
INSERT INTO `eq_gasto_gasoil` VALUES (194, 280, 0, 405, 45, 32695, 1);
INSERT INTO `eq_gasto_gasoil` VALUES (195, 281, 0, 341, 45, 32354, 1);
INSERT INTO `eq_gasto_gasoil` VALUES (196, 282, 0, 486, 45, 31868, 1);
INSERT INTO `eq_gasto_gasoil` VALUES (197, 283, 0, 370, 45, 31498, 1);
INSERT INTO `eq_gasto_gasoil` VALUES (198, 284, 0, 433, 45, 31065, 1);
INSERT INTO `eq_gasto_gasoil` VALUES (199, 285, 0, 470, 45, 36786, 1);
INSERT INTO `eq_gasto_gasoil` VALUES (200, 286, 0, 490, 45, 36296, 1);
INSERT INTO `eq_gasto_gasoil` VALUES (201, 287, 0, 494, 45, 38797, 1);
INSERT INTO `eq_gasto_gasoil` VALUES (202, 288, 0, 394, 45, 38403, 1);
INSERT INTO `eq_gasto_gasoil` VALUES (203, 289, 0, 504, 45, 37899, 1);
INSERT INTO `eq_gasto_gasoil` VALUES (204, 290, 0, 475, 45, 37424, 1);
INSERT INTO `eq_gasto_gasoil` VALUES (205, 291, 0, 636, 45, 2599, 1);
INSERT INTO `eq_gasto_gasoil` VALUES (206, 292, 0, 61, 45, 3439, 1);
INSERT INTO `eq_gasto_gasoil` VALUES (207, 293, 0, 48, 45, 3391, 1);
INSERT INTO `eq_gasto_gasoil` VALUES (208, 294, 0, 57, 45, 3334, 1);
INSERT INTO `eq_gasto_gasoil` VALUES (209, 295, 0, 33, 45, 3301, 1);
INSERT INTO `eq_gasto_gasoil` VALUES (210, 296, 0, 66, 45, 3235, 1);
INSERT INTO `eq_gasto_gasoil` VALUES (211, 297, 0, 49, 45, 2550, 1);
INSERT INTO `eq_gasto_gasoil` VALUES (212, 298, 0, 61, 45, 2489, 1);
INSERT INTO `eq_gasto_gasoil` VALUES (213, 299, 0, 37, 45, 26487, 1);
INSERT INTO `eq_gasto_gasoil` VALUES (214, 300, 0, 34, 45, 26453, 1);
INSERT INTO `eq_gasto_gasoil` VALUES (215, 301, 0, 48, 45, 26405, 1);
INSERT INTO `eq_gasto_gasoil` VALUES (216, 302, 0, 58, 45, 22803, 1);
INSERT INTO `eq_gasto_gasoil` VALUES (217, 303, 0, 58, 45, 25597, 1);
INSERT INTO `eq_gasto_gasoil` VALUES (218, 304, 0, 71, 45, 25526, 1);
INSERT INTO `eq_gasto_gasoil` VALUES (219, 305, 0, 508, 45, 25018, 1);
INSERT INTO `eq_gasto_gasoil` VALUES (220, 306, 0, 360, 45, 22443, 1);
INSERT INTO `eq_gasto_gasoil` VALUES (221, 307, 0, 558, 45, 21885, 1);
INSERT INTO `eq_gasto_gasoil` VALUES (222, 308, 0, 337, 45, 21548, 1);
INSERT INTO `eq_gasto_gasoil` VALUES (223, 309, 0, 65, 45, 21483, 1);
INSERT INTO `eq_gasto_gasoil` VALUES (224, 310, 0, 57, 45, 21426, 1);
INSERT INTO `eq_gasto_gasoil` VALUES (225, 311, 0, 346, 45, 21080, 1);
INSERT INTO `eq_gasto_gasoil` VALUES (226, 312, 0, 44, 45, 21036, 1);
INSERT INTO `eq_gasto_gasoil` VALUES (227, 313, 0, 45, 45, 20991, 1);
INSERT INTO `eq_gasto_gasoil` VALUES (228, 314, 0, 20, 45, 20971, 1);
INSERT INTO `eq_gasto_gasoil` VALUES (229, 315, 0, 389, 45, 20582, 1);
INSERT INTO `eq_gasto_gasoil` VALUES (230, 316, 0, 382, 45, 20200, 1);
INSERT INTO `eq_gasto_gasoil` VALUES (231, 317, 0, 370, 45, 19830, 1);
INSERT INTO `eq_gasto_gasoil` VALUES (232, 318, 0, 335, 45, 19495, 1);
INSERT INTO `eq_gasto_gasoil` VALUES (233, 319, 0, 332, 45, 19163, 1);
INSERT INTO `eq_gasto_gasoil` VALUES (234, 320, 0, 187, 45, 18976, 1);
INSERT INTO `eq_gasto_gasoil` VALUES (235, 321, 0, 367, 45, 18609, 1);
INSERT INTO `eq_gasto_gasoil` VALUES (236, 322, 0, 36, 45, 18573, 1);
INSERT INTO `eq_gasto_gasoil` VALUES (237, 323, 0, 35, 45, 18538, 1);
INSERT INTO `eq_gasto_gasoil` VALUES (238, 324, 0, 352, 45, 18186, 1);
INSERT INTO `eq_gasto_gasoil` VALUES (239, 325, 0, 368, 45, 17818, 1);
INSERT INTO `eq_gasto_gasoil` VALUES (240, 326, 0, 385, 45, 17433, 1);
INSERT INTO `eq_gasto_gasoil` VALUES (241, 327, 0, 385, 45, 17048, 1);
INSERT INTO `eq_gasto_gasoil` VALUES (242, 328, 0, 52, 45, 16996, 1);
INSERT INTO `eq_gasto_gasoil` VALUES (243, 329, 0, 381, 45, 16615, 1);
INSERT INTO `eq_gasto_gasoil` VALUES (244, 330, 0, 33, 45, 16582, 1);
INSERT INTO `eq_gasto_gasoil` VALUES (245, 331, 0, 128, 45, 16454, 1);
INSERT INTO `eq_gasto_gasoil` VALUES (246, 332, 0, 3314, 45, 13140, 1);
INSERT INTO `eq_gasto_gasoil` VALUES (247, 333, 0, 58, 45, 13082, 1);
INSERT INTO `eq_gasto_gasoil` VALUES (248, 334, 0, 5528, 45, 7554, 1);
INSERT INTO `eq_gasto_gasoil` VALUES (249, 335, 0, 529, 45, 7025, 1);
INSERT INTO `eq_gasto_gasoil` VALUES (250, 336, 0, 263, 45, 6762, 1);

-- ----------------------------
-- Table structure for eq_gasto_neumatico
-- ----------------------------
DROP TABLE IF EXISTS `eq_gasto_neumatico`;
CREATE TABLE `eq_gasto_neumatico`  (
  `id_gasto` bigint(10) NULL DEFAULT NULL,
  `id_neumatico` bigint(10) UNSIGNED NOT NULL AUTO_INCREMENT,
  `numero` varchar(255) CHARACTER SET utf8 COLLATE utf8_spanish_ci NULL DEFAULT NULL,
  `posicion` varchar(255) CHARACTER SET utf8 COLLATE utf8_spanish_ci NULL DEFAULT NULL,
  PRIMARY KEY (`id_neumatico`) USING BTREE,
  INDEX `FK`(`id_gasto`) USING BTREE,
  CONSTRAINT `fk_neumatico_producto` FOREIGN KEY (`id_gasto`) REFERENCES `eq_gasto` (`id_gasto`) ON DELETE RESTRICT ON UPDATE RESTRICT
) ENGINE = InnoDB AUTO_INCREMENT = 1 CHARACTER SET = utf8 COLLATE = utf8_spanish_ci ROW_FORMAT = Compact;

-- ----------------------------
-- Table structure for eq_gasto_repuesto
-- ----------------------------
DROP TABLE IF EXISTS `eq_gasto_repuesto`;
CREATE TABLE `eq_gasto_repuesto`  (
  `id_gasto` bigint(10) NULL DEFAULT NULL,
  `id_repuesto` bigint(10) UNSIGNED NOT NULL AUTO_INCREMENT,
  `codigo_alt` varchar(255) CHARACTER SET utf8 COLLATE utf8_spanish_ci NULL DEFAULT NULL,
  PRIMARY KEY (`id_repuesto`) USING BTREE,
  INDEX `FK`(`id_gasto`) USING BTREE,
  CONSTRAINT `eq_gasto_repuesto_ibfk_1` FOREIGN KEY (`id_gasto`) REFERENCES `eq_gasto` (`id_gasto`) ON DELETE RESTRICT ON UPDATE RESTRICT
) ENGINE = InnoDB AUTO_INCREMENT = 1 CHARACTER SET = utf8 COLLATE = utf8_spanish_ci ROW_FORMAT = Compact;

-- ----------------------------
-- Table structure for eq_gasto_taller
-- ----------------------------
DROP TABLE IF EXISTS `eq_gasto_taller`;
CREATE TABLE `eq_gasto_taller`  (
  `id_gasto` bigint(10) NULL DEFAULT NULL,
  `id_taller` bigint(10) UNSIGNED NOT NULL AUTO_INCREMENT,
  `codigo_alt` varchar(255) CHARACTER SET utf8 COLLATE utf8_spanish_ci NULL DEFAULT NULL,
  PRIMARY KEY (`id_taller`) USING BTREE,
  INDEX `FK`(`id_gasto`) USING BTREE,
  CONSTRAINT `eq_gasto_taller_ibfk_1` FOREIGN KEY (`id_gasto`) REFERENCES `eq_gasto` (`id_gasto`) ON DELETE RESTRICT ON UPDATE RESTRICT
) ENGINE = InnoDB AUTO_INCREMENT = 1 CHARACTER SET = utf8 COLLATE = utf8_spanish_ci ROW_FORMAT = Compact;

-- ----------------------------
-- Table structure for eq_modelo
-- ----------------------------
DROP TABLE IF EXISTS `eq_modelo`;
CREATE TABLE `eq_modelo`  (
  `id_modelo` bigint(20) NOT NULL AUTO_INCREMENT,
  `nombre` char(20) CHARACTER SET utf8 COLLATE utf8_general_ci NULL DEFAULT '-',
  `descripcion` char(20) CHARACTER SET utf8 COLLATE utf8_general_ci NULL DEFAULT NULL,
  `anio` int(255) NULL DEFAULT 0,
  `info` varchar(255) CHARACTER SET utf8 COLLATE utf8_general_ci NULL DEFAULT NULL,
  `id_tipo` bigint(20) NULL DEFAULT NULL,
  PRIMARY KEY (`id_modelo`) USING BTREE,
  INDEX `FK_modelo_tipo`(`id_tipo`) USING BTREE,
  CONSTRAINT `FK_modelo_tipo` FOREIGN KEY (`id_tipo`) REFERENCES `eq_tipo` (`id_tipo`) ON DELETE CASCADE ON UPDATE CASCADE
) ENGINE = InnoDB AUTO_INCREMENT = 81 CHARACTER SET = utf8 COLLATE = utf8_general_ci ROW_FORMAT = Compact;

-- ----------------------------
-- Records of eq_modelo
-- ----------------------------
INSERT INTO `eq_modelo` VALUES (1, 'Otro', '-', NULL, NULL, 100);
INSERT INTO `eq_modelo` VALUES (2, '66', '-', NULL, NULL, 34);
INSERT INTO `eq_modelo` VALUES (3, '283', '-', NULL, NULL, 37);
INSERT INTO `eq_modelo` VALUES (4, '850', '-', NULL, NULL, 37);
INSERT INTO `eq_modelo` VALUES (5, '4050', '-', NULL, NULL, 37);
INSERT INTO `eq_modelo` VALUES (6, '4730', '-', NULL, NULL, 27);
INSERT INTO `eq_modelo` VALUES (7, '5004', '-', NULL, NULL, 9);
INSERT INTO `eq_modelo` VALUES (8, '6115', '-', NULL, NULL, 37);
INSERT INTO `eq_modelo` VALUES (9, '8200', '-', NULL, NULL, 37);
INSERT INTO `eq_modelo` VALUES (10, '8320', '-', NULL, NULL, 37);
INSERT INTO `eq_modelo` VALUES (11, '8345', '-', NULL, NULL, 37);
INSERT INTO `eq_modelo` VALUES (12, '8420', '-', NULL, NULL, 37);
INSERT INTO `eq_modelo` VALUES (13, '9220', '-', NULL, NULL, 37);
INSERT INTO `eq_modelo` VALUES (14, '06819ACEMSR10', '-', NULL, NULL, 32);
INSERT INTO `eq_modelo` VALUES (15, '06819ATPMSR14', '-', NULL, NULL, 3);
INSERT INTO `eq_modelo` VALUES (16, '100 Discos', '-', NULL, NULL, 28);
INSERT INTO `eq_modelo` VALUES (17, '160GLC', '-', NULL, NULL, 20);
INSERT INTO `eq_modelo` VALUES (18, '1860-1900', '-', NULL, NULL, 31);
INSERT INTO `eq_modelo` VALUES (19, '1890-1910', '-', NULL, NULL, 31);
INSERT INTO `eq_modelo` VALUES (20, '3 ejes - 25TT', '-', NULL, NULL, 2);
INSERT INTO `eq_modelo` VALUES (21, '5090E', '-', NULL, NULL, 37);
INSERT INTO `eq_modelo` VALUES (22, '6135J30', '-', NULL, NULL, 37);
INSERT INTO `eq_modelo` VALUES (23, '8320R', '-', NULL, NULL, 37);
INSERT INTO `eq_modelo` VALUES (24, '8335R', '-', NULL, NULL, 37);
INSERT INTO `eq_modelo` VALUES (25, '8345R', '-', NULL, NULL, 37);
INSERT INTO `eq_modelo` VALUES (26, 'AA120', '-', NULL, NULL, 24);
INSERT INTO `eq_modelo` VALUES (27, 'AE22', '-', NULL, NULL, 4);
INSERT INTO `eq_modelo` VALUES (28, 'AG22', '-', NULL, NULL, 4);
INSERT INTO `eq_modelo` VALUES (29, 'Barrandas Volcables', '-', NULL, NULL, 3);
INSERT INTO `eq_modelo` VALUES (30, 'BBT10', '-', NULL, NULL, 14);
INSERT INTO `eq_modelo` VALUES (31, 'C6007', '-', NULL, NULL, 9);
INSERT INTO `eq_modelo` VALUES (32, 'CA-43', '-', NULL, NULL, 13);
INSERT INTO `eq_modelo` VALUES (33, 'CAP 4000K', '-', NULL, NULL, 1);
INSERT INTO `eq_modelo` VALUES (34, 'CH-15/70', '-', NULL, NULL, 16);
INSERT INTO `eq_modelo` VALUES (35, 'D24-300', '-', NULL, NULL, 21);
INSERT INTO `eq_modelo` VALUES (36, 'D7G', '-', NULL, NULL, 36);
INSERT INTO `eq_modelo` VALUES (37, 'DB83', '-', NULL, NULL, 31);
INSERT INTO `eq_modelo` VALUES (38, 'DB83R', '-', NULL, NULL, 31);
INSERT INTO `eq_modelo` VALUES (39, 'DB88', '-', NULL, NULL, 31);
INSERT INTO `eq_modelo` VALUES (40, 'DH3001', '-', NULL, NULL, 18);
INSERT INTO `eq_modelo` VALUES (41, 'E140', '-', NULL, NULL, 38);
INSERT INTO `eq_modelo` VALUES (42, 'E9250 FH', '-', NULL, NULL, 19);
INSERT INTO `eq_modelo` VALUES (43, 'E9300D', '-', NULL, NULL, 19);
INSERT INTO `eq_modelo` VALUES (44, 'E9700 HE', '-', NULL, NULL, 19);
INSERT INTO `eq_modelo` VALUES (45, 'EMCO-2002', '-', NULL, NULL, 7);
INSERT INTO `eq_modelo` VALUES (46, 'Energy 110', '-', NULL, NULL, 23);
INSERT INTO `eq_modelo` VALUES (48, 'EXG 300', '-', NULL, NULL, 7);
INSERT INTO `eq_modelo` VALUES (50, 'Flipper', '-', NULL, NULL, 12);
INSERT INTO `eq_modelo` VALUES (51, 'G380 B4x2', '-', NULL, NULL, 5);
INSERT INTO `eq_modelo` VALUES (52, 'G410 A4X2', '-', NULL, NULL, 5);
INSERT INTO `eq_modelo` VALUES (53, 'G410 B4X2', '-', NULL, NULL, 5);
INSERT INTO `eq_modelo` VALUES (54, 'G420 A4x2', '-', NULL, NULL, 5);
INSERT INTO `eq_modelo` VALUES (55, 'G420 B4x2', '-', NULL, NULL, 5);
INSERT INTO `eq_modelo` VALUES (56, 'GRNW 160', '-', NULL, NULL, 25);
INSERT INTO `eq_modelo` VALUES (57, 'Hilux 4x2', '-', NULL, NULL, 6);
INSERT INTO `eq_modelo` VALUES (58, 'Hilux 4x4', '-', NULL, NULL, 6);
INSERT INTO `eq_modelo` VALUES (59, 'L-900.40', '-', NULL, NULL, 12);
INSERT INTO `eq_modelo` VALUES (60, 'MAX 22', '-', NULL, NULL, 4);
INSERT INTO `eq_modelo` VALUES (61, 'MAX 28', '-', NULL, NULL, 35);
INSERT INTO `eq_modelo` VALUES (62, 'N8 4R', '-', NULL, NULL, 25);
INSERT INTO `eq_modelo` VALUES (63, 'PH126R', '-', NULL, NULL, 26);
INSERT INTO `eq_modelo` VALUES (64, 'R400 B4X2', '-', NULL, NULL, 5);
INSERT INTO `eq_modelo` VALUES (65, 'Rural', '-', NULL, NULL, 1);
INSERT INTO `eq_modelo` VALUES (66, 'S.Nº954', '-', NULL, NULL, 34);
INSERT INTO `eq_modelo` VALUES (67, 'S670', '-', NULL, NULL, 15);
INSERT INTO `eq_modelo` VALUES (68, 'SFG9T', '-', NULL, NULL, 4);
INSERT INTO `eq_modelo` VALUES (69, 'SR-310', '-', NULL, NULL, 32);
INSERT INTO `eq_modelo` VALUES (70, 'SRC12N2', '-', NULL, NULL, 2);
INSERT INTO `eq_modelo` VALUES (71, 'SRC12N2/2012', '-', NULL, NULL, 2);
INSERT INTO `eq_modelo` VALUES (72, 'TG9/300', '-', NULL, NULL, 12);
INSERT INTO `eq_modelo` VALUES (73, 'TI 1100', '-', NULL, NULL, 9);
INSERT INTO `eq_modelo` VALUES (74, 'TI 840', '-', NULL, NULL, 9);
INSERT INTO `eq_modelo` VALUES (75, 'TI 970', '-', NULL, NULL, 9);
INSERT INTO `eq_modelo` VALUES (76, 'VD3500', '-', NULL, NULL, 26);
INSERT INTO `eq_modelo` VALUES (77, 'VG1000', '-', NULL, NULL, 22);
INSERT INTO `eq_modelo` VALUES (78, 'XR Rally 150', '-', NULL, NULL, 23);
INSERT INTO `eq_modelo` VALUES (79, 'G360  B4x2', '', 2019, '', NULL);
INSERT INTO `eq_modelo` VALUES (80, 'Ranger Raptor 4x4', '', 2019, '', NULL);

-- ----------------------------
-- Table structure for eq_repuesto_stock_detalle
-- ----------------------------
DROP TABLE IF EXISTS `eq_repuesto_stock_detalle`;
CREATE TABLE `eq_repuesto_stock_detalle`  (
  `id_stock` bigint(20) NOT NULL AUTO_INCREMENT,
  `fecha` datetime(0) NULL DEFAULT NULL,
  `detalle` varchar(255) CHARACTER SET latin1 COLLATE latin1_swedish_ci NULL DEFAULT NULL,
  `cantidad` double(11, 0) NULL DEFAULT NULL,
  `repuesto` bigint(20) NULL DEFAULT NULL,
  `equipo` bigint(20) NULL DEFAULT NULL,
  `usuario` bigint(20) NULL DEFAULT NULL,
  `info` varchar(255) CHARACTER SET latin1 COLLATE latin1_swedish_ci NULL DEFAULT NULL,
  `estado` int(11) NULL DEFAULT NULL,
  PRIMARY KEY (`id_stock`) USING BTREE,
  INDEX `FK_stock_repuesto`(`repuesto`) USING BTREE,
  INDEX `FK_stock_equipo`(`equipo`) USING BTREE,
  CONSTRAINT `FK_stock_equipo` FOREIGN KEY (`equipo`) REFERENCES `eq_equipo` (`id_equipo`) ON DELETE CASCADE ON UPDATE CASCADE,
  CONSTRAINT `FK_stock_repuesto` FOREIGN KEY (`repuesto`) REFERENCES `ped_repuesto` (`id_repuesto`) ON DELETE CASCADE ON UPDATE CASCADE
) ENGINE = InnoDB AUTO_INCREMENT = 337 CHARACTER SET = latin1 COLLATE = latin1_swedish_ci ROW_FORMAT = Compact;

-- ----------------------------
-- Records of eq_repuesto_stock_detalle
-- ----------------------------
INSERT INTO `eq_repuesto_stock_detalle` VALUES (1, '2019-05-15 00:00:00', 'Compra: Remonda Castro y Cia S.A.C.', 5, 6, NULL, NULL, NULL, NULL);
INSERT INTO `eq_repuesto_stock_detalle` VALUES (2, '2019-05-15 00:00:00', 'Compra: Remonda Castro y Cia S.A.C.', 10, 12, NULL, NULL, NULL, 1);
INSERT INTO `eq_repuesto_stock_detalle` VALUES (3, '2019-01-21 00:05:00', 'Usado en:', 2, 1, 1, NULL, '', NULL);
INSERT INTO `eq_repuesto_stock_detalle` VALUES (4, '2019-01-21 00:05:00', 'Usado en:', 5, 1, 1, NULL, '', NULL);
INSERT INTO `eq_repuesto_stock_detalle` VALUES (5, '2019-05-21 00:00:00', 'Compra: Remonda Castro y Cia S.A.C.', 7, 1, NULL, NULL, NULL, 1);
INSERT INTO `eq_repuesto_stock_detalle` VALUES (6, '2019-01-21 00:05:00', 'Usado en:', 10, 1, 1, NULL, 'la chupa Chicho', NULL);
INSERT INTO `eq_repuesto_stock_detalle` VALUES (7, '2019-01-22 00:05:00', 'Usado en:', 2, 1034, 2, NULL, '', NULL);
INSERT INTO `eq_repuesto_stock_detalle` VALUES (8, '2019-01-22 00:05:00', 'Usado en:', 2, 1110, 3, NULL, '', NULL);
INSERT INTO `eq_repuesto_stock_detalle` VALUES (9, '2019-01-22 00:05:00', 'Usado en:', 2, 1094, 3, NULL, '12', NULL);
INSERT INTO `eq_repuesto_stock_detalle` VALUES (10, '2019-05-22 00:00:00', 'Compra: Remonda Castro y Cia S.A.C.', 10, 1094, NULL, NULL, NULL, 1);
INSERT INTO `eq_repuesto_stock_detalle` VALUES (11, '2019-01-22 00:05:00', 'Usado en:', 21, 1, 2, NULL, '', NULL);
INSERT INTO `eq_repuesto_stock_detalle` VALUES (12, '0201-01-22 00:05:00', 'Usado en:', 2, 1067, 2, NULL, '', NULL);
INSERT INTO `eq_repuesto_stock_detalle` VALUES (13, '2019-06-03 00:00:00', 'Compra: Remonda Castro y Cia S.A.C.', 25, 1027, NULL, NULL, NULL, 1);
INSERT INTO `eq_repuesto_stock_detalle` VALUES (14, '2019-06-03 00:00:00', 'Compra: Remonda Castro y Cia S.A.C.', 4, 465, NULL, NULL, NULL, 1);
INSERT INTO `eq_repuesto_stock_detalle` VALUES (15, '2019-06-03 00:00:00', 'Compra: Remonda Castro y Cia S.A.C.', 2, 1203, NULL, NULL, NULL, 1);
INSERT INTO `eq_repuesto_stock_detalle` VALUES (16, '2019-06-03 00:00:00', 'Compra: Remonda Castro y Cia S.A.C.', 1, 1205, NULL, NULL, NULL, 1);
INSERT INTO `eq_repuesto_stock_detalle` VALUES (17, '2019-06-03 00:00:00', 'Compra: Remonda Castro y Cia S.A.C.', 25, 854, NULL, NULL, NULL, 1);
INSERT INTO `eq_repuesto_stock_detalle` VALUES (18, '2019-06-03 00:00:00', 'Compra: Remonda Castro y Cia S.A.C.', 30, 67, NULL, NULL, NULL, 1);
INSERT INTO `eq_repuesto_stock_detalle` VALUES (19, '2019-06-03 00:00:00', 'Compra: Remonda Castro y Cia S.A.C.', 1, 499, NULL, NULL, NULL, 1);
INSERT INTO `eq_repuesto_stock_detalle` VALUES (20, '2019-06-03 00:00:00', 'Compra: Remonda Castro y Cia S.A.C.', 1, 1207, NULL, NULL, NULL, 1);
INSERT INTO `eq_repuesto_stock_detalle` VALUES (21, '2019-06-03 00:00:00', 'Compra: Remonda Castro y Cia S.A.C.', 1, 1206, NULL, NULL, NULL, 1);
INSERT INTO `eq_repuesto_stock_detalle` VALUES (22, '2019-06-03 00:00:00', 'Compra: Remonda Castro y Cia S.A.C.', 10, 54, NULL, NULL, NULL, 1);
INSERT INTO `eq_repuesto_stock_detalle` VALUES (23, '2019-06-06 00:00:00', 'Compra: Remonda Castro y Cia S.A.C.', 1, 1209, NULL, NULL, NULL, 1);
INSERT INTO `eq_repuesto_stock_detalle` VALUES (24, '2019-06-06 00:00:00', 'Compra: Remonda Castro y Cia S.A.C.', 1, 1210, NULL, NULL, NULL, 1);
INSERT INTO `eq_repuesto_stock_detalle` VALUES (25, '2019-06-10 00:00:00', 'Compra: AMIUN SA', 2, 1221, NULL, NULL, NULL, 1);
INSERT INTO `eq_repuesto_stock_detalle` VALUES (26, '2019-06-10 00:00:00', 'Compra: AMIUN SA', 2, 1222, NULL, NULL, NULL, 1);
INSERT INTO `eq_repuesto_stock_detalle` VALUES (27, '2019-06-10 00:00:00', 'Compra: AMIUN SA', 4, 1223, NULL, NULL, NULL, 1);
INSERT INTO `eq_repuesto_stock_detalle` VALUES (28, '2019-06-10 00:00:00', 'Compra: AMIUN SA', 4, 1224, NULL, NULL, NULL, 1);
INSERT INTO `eq_repuesto_stock_detalle` VALUES (29, '2019-06-10 00:00:00', 'Compra: AMIUN SA', 3, 1225, NULL, NULL, NULL, 1);
INSERT INTO `eq_repuesto_stock_detalle` VALUES (30, '2019-06-10 00:00:00', 'Compra: AMIUN SA', 2, 1226, NULL, NULL, NULL, 1);
INSERT INTO `eq_repuesto_stock_detalle` VALUES (31, '2019-06-11 00:00:00', 'Compra: Remonda Castro y Cia S.A.C.', 2, 1214, NULL, NULL, NULL, 1);
INSERT INTO `eq_repuesto_stock_detalle` VALUES (32, '2019-06-11 00:00:00', 'Compra: Remonda Castro y Cia S.A.C.', 2, 1215, NULL, NULL, NULL, 1);
INSERT INTO `eq_repuesto_stock_detalle` VALUES (33, '2019-06-11 00:00:00', 'Compra: Remonda Castro y Cia S.A.C.', 4, 1216, NULL, NULL, NULL, 1);
INSERT INTO `eq_repuesto_stock_detalle` VALUES (34, '2019-06-11 00:00:00', 'Compra: Remonda Castro y Cia S.A.C.', 3, 1217, NULL, NULL, NULL, 1);
INSERT INTO `eq_repuesto_stock_detalle` VALUES (35, '2019-06-11 00:00:00', 'Compra: Remonda Castro y Cia S.A.C.', 6, 1211, NULL, NULL, NULL, 1);
INSERT INTO `eq_repuesto_stock_detalle` VALUES (36, '2019-06-11 00:00:00', 'Compra: Remonda Castro y Cia S.A.C.', 4, 1219, NULL, NULL, NULL, 1);
INSERT INTO `eq_repuesto_stock_detalle` VALUES (37, '2019-06-11 00:00:00', 'Compra: Remonda Castro y Cia S.A.C.', 2, 1218, NULL, NULL, NULL, 1);
INSERT INTO `eq_repuesto_stock_detalle` VALUES (38, '2019-06-11 00:00:00', 'Compra: Remonda Castro y Cia S.A.C.', 1, 1213, NULL, NULL, NULL, 1);
INSERT INTO `eq_repuesto_stock_detalle` VALUES (39, '2019-06-11 00:00:00', 'Compra: Remonda Castro y Cia S.A.C.', 2, 1212, NULL, NULL, NULL, 1);
INSERT INTO `eq_repuesto_stock_detalle` VALUES (40, '2019-06-13 00:00:00', 'Compra: Remonda Castro y Cia S.A.C.', 2, 1218, NULL, NULL, NULL, 1);
INSERT INTO `eq_repuesto_stock_detalle` VALUES (41, '2019-06-07 00:00:00', 'Compra: Centro Neumaticos', 2, 1208, NULL, NULL, NULL, 1);
INSERT INTO `eq_repuesto_stock_detalle` VALUES (42, '2019-06-13 00:00:00', 'Compra: Remonda Castro y Cia S.A.C.', 1, 1220, NULL, NULL, NULL, 1);
INSERT INTO `eq_repuesto_stock_detalle` VALUES (43, '2019-06-13 00:00:00', 'Compra: Remonda Castro y Cia S.A.C.', 2, 1217, NULL, NULL, NULL, 1);
INSERT INTO `eq_repuesto_stock_detalle` VALUES (44, '2019-06-13 00:00:00', 'Compra: Remonda Castro y Cia S.A.C.', 0, 564, NULL, NULL, NULL, 1);
INSERT INTO `eq_repuesto_stock_detalle` VALUES (45, '2019-06-13 00:00:00', 'Compra: Remonda Castro y Cia S.A.C.', 0, 565, NULL, NULL, NULL, 1);
INSERT INTO `eq_repuesto_stock_detalle` VALUES (46, '2019-06-15 00:00:00', 'Compra: Remonda Castro y Cia S.A.C.', 1, 836, NULL, NULL, NULL, 1);
INSERT INTO `eq_repuesto_stock_detalle` VALUES (47, '2019-06-15 00:00:00', 'Compra: Remonda Castro y Cia S.A.C.', 1, 1227, NULL, NULL, NULL, 1);
INSERT INTO `eq_repuesto_stock_detalle` VALUES (48, '2019-06-15 00:00:00', 'Compra: Remonda Castro y Cia S.A.C.', 2, 638, NULL, NULL, NULL, 1);
INSERT INTO `eq_repuesto_stock_detalle` VALUES (49, '2019-06-15 00:00:00', 'Compra: Remonda Castro y Cia S.A.C.', 2, 1040, NULL, NULL, NULL, 1);
INSERT INTO `eq_repuesto_stock_detalle` VALUES (50, '2019-06-15 00:00:00', 'Compra: Remonda Castro y Cia S.A.C.', 30, 565, NULL, NULL, NULL, 1);
INSERT INTO `eq_repuesto_stock_detalle` VALUES (51, '2019-06-13 00:00:00', 'Compra: Remonda Castro y Cia S.A.C.', 40, 1231, NULL, NULL, NULL, 1);
INSERT INTO `eq_repuesto_stock_detalle` VALUES (52, '2019-06-13 00:00:00', 'Compra: Remonda Castro y Cia S.A.C.', 40, 1232, NULL, NULL, NULL, 1);
INSERT INTO `eq_repuesto_stock_detalle` VALUES (53, '2019-06-13 00:00:00', 'Compra: Remonda Castro y Cia S.A.C.', 39, 564, NULL, NULL, NULL, 1);
INSERT INTO `eq_repuesto_stock_detalle` VALUES (54, '2019-06-13 00:00:00', 'Compra: Remonda Castro y Cia S.A.C.', 8, 565, NULL, NULL, NULL, 1);
INSERT INTO `eq_repuesto_stock_detalle` VALUES (55, '2019-06-11 00:00:00', 'Compra: Remonda Castro y Cia S.A.C.', 200, 243, NULL, NULL, NULL, 1);
INSERT INTO `eq_repuesto_stock_detalle` VALUES (56, '2019-06-11 00:00:00', 'Compra: Remonda Castro y Cia S.A.C.', 300, 1106, NULL, NULL, NULL, 1);
INSERT INTO `eq_repuesto_stock_detalle` VALUES (57, '2019-06-13 00:00:00', 'Compra: Remonda Castro y Cia S.A.C.', 100, 243, NULL, NULL, NULL, 1);
INSERT INTO `eq_repuesto_stock_detalle` VALUES (58, '2019-06-05 00:00:00', 'Compra: Remonda Castro y Cia S.A.C.', 2, 1212, NULL, NULL, NULL, 1);
INSERT INTO `eq_repuesto_stock_detalle` VALUES (59, '2019-06-05 00:00:00', 'Compra: Remonda Castro y Cia S.A.C.', 2, 1203, NULL, NULL, NULL, 1);
INSERT INTO `eq_repuesto_stock_detalle` VALUES (60, '2019-06-05 00:00:00', 'Compra: Remonda Castro y Cia S.A.C.', 1, 1213, NULL, NULL, NULL, 1);
INSERT INTO `eq_repuesto_stock_detalle` VALUES (61, '2019-06-03 00:00:00', 'Compra: Remonda Castro y Cia S.A.C.', 50, 52, NULL, NULL, NULL, 1);
INSERT INTO `eq_repuesto_stock_detalle` VALUES (62, '2019-06-03 00:00:00', 'Compra: Remonda Castro y Cia S.A.C.', 30, 1048, NULL, NULL, NULL, 1);
INSERT INTO `eq_repuesto_stock_detalle` VALUES (63, '2019-06-19 00:00:00', 'Compra: Centro Neumaticos', 2, 1229, NULL, NULL, NULL, 1);
INSERT INTO `eq_repuesto_stock_detalle` VALUES (64, '2019-06-19 00:00:00', 'Compra: Centro Neumaticos', 4, 1230, NULL, NULL, NULL, 1);
INSERT INTO `eq_repuesto_stock_detalle` VALUES (65, '2019-06-11 00:00:00', 'Compra: Remonda Castro y Cia S.A.C.', 2, 51, NULL, NULL, NULL, 1);
INSERT INTO `eq_repuesto_stock_detalle` VALUES (66, '2019-06-22 00:00:00', 'Compra: AMIUN SA', 3, 1235, NULL, NULL, NULL, 1);
INSERT INTO `eq_repuesto_stock_detalle` VALUES (67, '2019-06-22 00:00:00', 'Compra: Remonda Castro y Cia S.A.C.', 1, 1233, NULL, NULL, NULL, 1);
INSERT INTO `eq_repuesto_stock_detalle` VALUES (68, '2019-06-22 00:00:00', 'Compra: Remonda Castro y Cia S.A.C.', 1, 1234, NULL, NULL, NULL, 1);
INSERT INTO `eq_repuesto_stock_detalle` VALUES (69, '2019-06-22 00:00:00', 'Compra: Remonda Castro y Cia S.A.C.', 1, 195, NULL, NULL, NULL, 1);
INSERT INTO `eq_repuesto_stock_detalle` VALUES (70, '2019-06-22 00:00:00', 'Compra: Remonda Castro y Cia S.A.C.', 1, 25, NULL, NULL, NULL, 1);
INSERT INTO `eq_repuesto_stock_detalle` VALUES (71, '2019-06-22 00:00:00', 'Compra: Remonda Castro y Cia S.A.C.', 1, 836, NULL, NULL, NULL, 1);
INSERT INTO `eq_repuesto_stock_detalle` VALUES (72, '2019-06-22 00:00:00', 'Compra: Remonda Castro y Cia S.A.C.', 10, 762, NULL, NULL, NULL, 1);
INSERT INTO `eq_repuesto_stock_detalle` VALUES (73, '2019-06-22 00:00:00', 'Compra: Remonda Castro y Cia S.A.C.', 0, 1217, NULL, NULL, NULL, 1);
INSERT INTO `eq_repuesto_stock_detalle` VALUES (74, '2019-05-26 00:00:00', 'Compra: Remonda Castro y Cia S.A.C.', 1, 1228, NULL, NULL, NULL, 1);
INSERT INTO `eq_repuesto_stock_detalle` VALUES (75, '2019-06-22 00:00:00', 'Compra: Remonda Castro y Cia S.A.C.', 50, 1098, NULL, NULL, NULL, 1);
INSERT INTO `eq_repuesto_stock_detalle` VALUES (76, '2019-06-22 00:00:00', 'Compra: Remonda Castro y Cia S.A.C.', 25, 1102, NULL, NULL, NULL, 1);
INSERT INTO `eq_repuesto_stock_detalle` VALUES (77, '2019-06-22 00:00:00', 'Compra: Remonda Castro y Cia S.A.C.', 2, 265, NULL, NULL, NULL, 1);
INSERT INTO `eq_repuesto_stock_detalle` VALUES (78, '2019-06-22 00:00:00', 'Compra: Remonda Castro y Cia S.A.C.', 15, 1031, NULL, NULL, NULL, 1);
INSERT INTO `eq_repuesto_stock_detalle` VALUES (79, '2019-06-22 00:00:00', 'Compra: Remonda Castro y Cia S.A.C.', 15, 339, NULL, NULL, NULL, 1);
INSERT INTO `eq_repuesto_stock_detalle` VALUES (80, '2019-06-22 00:00:00', 'Compra: Remonda Castro y Cia S.A.C.', 15, 340, NULL, NULL, NULL, 1);
INSERT INTO `eq_repuesto_stock_detalle` VALUES (81, '2019-06-26 00:00:00', 'Compra: Remonda Castro y Cia S.A.C.', 11, 1236, NULL, NULL, NULL, 1);
INSERT INTO `eq_repuesto_stock_detalle` VALUES (82, '2019-07-05 00:00:00', 'Compra: Remonda Castro y Cia S.A.C.', 2, 1238, NULL, NULL, NULL, 1);
INSERT INTO `eq_repuesto_stock_detalle` VALUES (83, '2019-07-05 00:00:00', 'Compra: Remonda Castro y Cia S.A.C.', 50, 52, NULL, NULL, NULL, 1);
INSERT INTO `eq_repuesto_stock_detalle` VALUES (84, '2019-07-05 00:00:00', 'Compra: Remonda Castro y Cia S.A.C.', 1, 1237, NULL, NULL, NULL, 1);
INSERT INTO `eq_repuesto_stock_detalle` VALUES (85, '2019-07-05 00:00:00', 'Compra: Remonda Castro y Cia S.A.C.', 1, 670, NULL, NULL, NULL, 1);
INSERT INTO `eq_repuesto_stock_detalle` VALUES (86, '2019-07-12 00:00:00', 'Compra: Remonda Castro y Cia S.A.C.', 2, 49, NULL, NULL, NULL, 1);
INSERT INTO `eq_repuesto_stock_detalle` VALUES (87, '2019-07-12 00:00:00', 'Compra: Remonda Castro y Cia S.A.C.', 2, 1243, NULL, NULL, NULL, 1);
INSERT INTO `eq_repuesto_stock_detalle` VALUES (88, '2019-07-12 00:00:00', 'Compra: Remonda Castro y Cia S.A.C.', 2, 1204, NULL, NULL, NULL, 1);
INSERT INTO `eq_repuesto_stock_detalle` VALUES (89, '2019-07-12 00:00:00', 'Compra: Remonda Castro y Cia S.A.C.', 4, 1203, NULL, NULL, NULL, 1);
INSERT INTO `eq_repuesto_stock_detalle` VALUES (90, '2019-07-12 00:00:00', 'Compra: Remonda Castro y Cia S.A.C.', 2, 565, NULL, NULL, NULL, 1);
INSERT INTO `eq_repuesto_stock_detalle` VALUES (91, '2019-07-12 00:00:00', 'Compra: Remonda Castro y Cia S.A.C.', 1, 564, NULL, NULL, NULL, 1);
INSERT INTO `eq_repuesto_stock_detalle` VALUES (92, '2019-07-19 00:00:00', 'Compra: Remonda Castro y Cia S.A.C.', 4, 1248, NULL, NULL, NULL, 1);
INSERT INTO `eq_repuesto_stock_detalle` VALUES (93, '2019-07-19 00:00:00', 'Compra: Remonda Castro y Cia S.A.C.', 8, 1250, NULL, NULL, NULL, 1);
INSERT INTO `eq_repuesto_stock_detalle` VALUES (94, '2019-07-19 00:00:00', 'Compra: Remonda Castro y Cia S.A.C.', 4, 321, NULL, NULL, NULL, 1);
INSERT INTO `eq_repuesto_stock_detalle` VALUES (95, '2019-07-19 00:00:00', 'Compra: Remonda Castro y Cia S.A.C.', 2, 1246, NULL, NULL, NULL, 1);
INSERT INTO `eq_repuesto_stock_detalle` VALUES (96, '2019-07-19 00:00:00', 'Compra: Remonda Castro y Cia S.A.C.', 2, 1247, NULL, NULL, NULL, 1);
INSERT INTO `eq_repuesto_stock_detalle` VALUES (97, '2019-07-19 00:00:00', 'Compra: Remonda Castro y Cia S.A.C.', 2, 1249, NULL, NULL, NULL, 1);
INSERT INTO `eq_repuesto_stock_detalle` VALUES (98, '2019-07-19 00:00:00', 'Compra: Remonda Castro y Cia S.A.C.', 2, 1244, NULL, NULL, NULL, 1);
INSERT INTO `eq_repuesto_stock_detalle` VALUES (99, '2019-07-19 00:00:00', 'Compra: Remonda Castro y Cia S.A.C.', 2, 1245, NULL, NULL, NULL, 1);
INSERT INTO `eq_repuesto_stock_detalle` VALUES (100, '2019-07-19 00:00:00', 'Compra: Remonda Castro y Cia S.A.C.', 2, 1033, NULL, NULL, NULL, 1);
INSERT INTO `eq_repuesto_stock_detalle` VALUES (101, '2019-07-17 00:00:00', 'Compra: Remonda Castro y Cia S.A.C.', 1, 1241, NULL, NULL, NULL, 1);
INSERT INTO `eq_repuesto_stock_detalle` VALUES (102, '2019-07-17 00:00:00', 'Compra: Remonda Castro y Cia S.A.C.', 1, 1240, NULL, NULL, NULL, 1);
INSERT INTO `eq_repuesto_stock_detalle` VALUES (103, '2019-07-17 00:00:00', 'Compra: Remonda Castro y Cia S.A.C.', 1, 1240, NULL, NULL, NULL, 1);
INSERT INTO `eq_repuesto_stock_detalle` VALUES (104, '2019-07-17 00:00:00', 'Compra: Remonda Castro y Cia S.A.C.', 1, 1239, NULL, NULL, NULL, 1);
INSERT INTO `eq_repuesto_stock_detalle` VALUES (105, '2019-07-17 00:00:00', 'Compra: Remonda Castro y Cia S.A.C.', 1, 1242, NULL, NULL, NULL, 1);
INSERT INTO `eq_repuesto_stock_detalle` VALUES (106, '2019-07-19 00:00:00', 'Compra: Remonda Castro y Cia S.A.C.', 1, 1074, NULL, NULL, NULL, 1);
INSERT INTO `eq_repuesto_stock_detalle` VALUES (107, '2019-07-19 00:00:00', 'Compra: Remonda Castro y Cia S.A.C.', 1, 1074, NULL, NULL, NULL, 1);
INSERT INTO `eq_repuesto_stock_detalle` VALUES (108, '2019-07-17 00:00:00', 'Compra: Remonda Castro y Cia S.A.C.', 2, 1116, NULL, NULL, NULL, 1);
INSERT INTO `eq_repuesto_stock_detalle` VALUES (109, '2019-07-25 00:00:00', 'Compra: Remonda Castro y Cia S.A.C.', 6, 497, NULL, NULL, NULL, 1);
INSERT INTO `eq_repuesto_stock_detalle` VALUES (110, '2019-07-25 00:00:00', 'Compra: Remonda Castro y Cia S.A.C.', 2, 1251, NULL, NULL, NULL, 1);
INSERT INTO `eq_repuesto_stock_detalle` VALUES (111, '2019-07-25 00:00:00', 'Compra: Remonda Castro y Cia S.A.C.', 1, 329, NULL, NULL, NULL, 1);
INSERT INTO `eq_repuesto_stock_detalle` VALUES (112, '2019-07-25 00:00:00', 'Compra: Remonda Castro y Cia S.A.C.', 4, 524, NULL, NULL, NULL, 1);
INSERT INTO `eq_repuesto_stock_detalle` VALUES (113, '2019-07-25 00:00:00', 'Compra: Remonda Castro y Cia S.A.C.', 3, 1252, NULL, NULL, NULL, 1);
INSERT INTO `eq_repuesto_stock_detalle` VALUES (114, '2019-07-25 00:00:00', 'Compra: Remonda Castro y Cia S.A.C.', 2, 1227, NULL, NULL, NULL, 1);
INSERT INTO `eq_repuesto_stock_detalle` VALUES (115, '2019-07-27 00:00:00', 'Compra: AMIUN SA', 1, 1235, NULL, NULL, NULL, 1);
INSERT INTO `eq_repuesto_stock_detalle` VALUES (116, '2019-07-27 00:00:00', 'Compra: AMIUN SA', 1, 1253, NULL, NULL, NULL, 1);
INSERT INTO `eq_repuesto_stock_detalle` VALUES (117, '2019-08-02 00:00:00', 'Compra: AMIUN SA', 0, 1224, NULL, NULL, NULL, 1);
INSERT INTO `eq_repuesto_stock_detalle` VALUES (118, '2019-08-03 00:00:00', 'Compra: AMIUN SA', 1, 1225, NULL, NULL, NULL, 1);
INSERT INTO `eq_repuesto_stock_detalle` VALUES (119, '2019-08-03 00:00:00', 'Compra: AMIUN SA', 4, 1255, NULL, NULL, NULL, 1);
INSERT INTO `eq_repuesto_stock_detalle` VALUES (120, '2019-08-03 00:00:00', 'Compra: AMIUN SA', 4, 1223, NULL, NULL, NULL, 1);
INSERT INTO `eq_repuesto_stock_detalle` VALUES (121, '2019-08-03 00:00:00', 'Compra: AMIUN SA', 5, 1226, NULL, NULL, NULL, 1);
INSERT INTO `eq_repuesto_stock_detalle` VALUES (122, '2019-08-03 00:00:00', 'Compra: AMIUN SA', 5, 1224, NULL, NULL, NULL, 1);
INSERT INTO `eq_repuesto_stock_detalle` VALUES (123, '2019-08-03 00:00:00', 'Compra: AMIUN SA', 2, 1254, NULL, NULL, NULL, 1);
INSERT INTO `eq_repuesto_stock_detalle` VALUES (124, '2019-08-09 00:00:00', 'Compra: Remonda Castro y Cia S.A.C.', 1, 1258, NULL, NULL, NULL, 1);
INSERT INTO `eq_repuesto_stock_detalle` VALUES (125, '2019-08-09 00:00:00', 'Compra: Remonda Castro y Cia S.A.C.', 1, 292, NULL, NULL, NULL, 1);
INSERT INTO `eq_repuesto_stock_detalle` VALUES (126, '2019-08-09 00:00:00', 'Compra: Remonda Castro y Cia S.A.C.', 20, 700, NULL, NULL, NULL, 1);
INSERT INTO `eq_repuesto_stock_detalle` VALUES (127, '2019-08-09 00:00:00', 'Compra: Remonda Castro y Cia S.A.C.', 2, 850, NULL, NULL, NULL, 1);
INSERT INTO `eq_repuesto_stock_detalle` VALUES (128, '2019-08-09 00:00:00', 'Compra: Remonda Castro y Cia S.A.C.', 2, 604, NULL, NULL, NULL, 1);
INSERT INTO `eq_repuesto_stock_detalle` VALUES (129, '2019-08-15 00:00:00', 'Compra: Remonda Castro y Cia S.A.C.', 1, 372, NULL, NULL, NULL, 1);
INSERT INTO `eq_repuesto_stock_detalle` VALUES (130, '2019-08-15 00:00:00', 'Compra: Remonda Castro y Cia S.A.C.', 1, 1145, NULL, NULL, NULL, 1);
INSERT INTO `eq_repuesto_stock_detalle` VALUES (131, '2019-08-15 00:00:00', 'Compra: Remonda Castro y Cia S.A.C.', 6, 1273, NULL, NULL, NULL, 1);
INSERT INTO `eq_repuesto_stock_detalle` VALUES (132, '2019-08-15 00:00:00', 'Compra: Remonda Castro y Cia S.A.C.', 1, 1274, NULL, NULL, NULL, 1);
INSERT INTO `eq_repuesto_stock_detalle` VALUES (133, '2019-08-15 00:00:00', 'Compra: Remonda Castro y Cia S.A.C.', 3, 1269, NULL, NULL, NULL, 1);
INSERT INTO `eq_repuesto_stock_detalle` VALUES (134, '2019-08-15 00:00:00', 'Compra: Remonda Castro y Cia S.A.C.', 1, 1272, NULL, NULL, NULL, 1);
INSERT INTO `eq_repuesto_stock_detalle` VALUES (135, '2019-08-12 00:00:00', 'Compra: Remonda Castro y Cia S.A.C.', 25, 52, NULL, NULL, NULL, 1);
INSERT INTO `eq_repuesto_stock_detalle` VALUES (136, '2019-08-12 00:00:00', 'Compra: Remonda Castro y Cia S.A.C.', 10, 54, NULL, NULL, NULL, 1);
INSERT INTO `eq_repuesto_stock_detalle` VALUES (137, '2019-08-12 00:00:00', 'Compra: Remonda Castro y Cia S.A.C.', 10, 67, NULL, NULL, NULL, 1);
INSERT INTO `eq_repuesto_stock_detalle` VALUES (138, '2019-08-12 00:00:00', 'Compra: Remonda Castro y Cia S.A.C.', 3, 1270, NULL, NULL, NULL, 1);
INSERT INTO `eq_repuesto_stock_detalle` VALUES (139, '2019-08-12 00:00:00', 'Compra: Remonda Castro y Cia S.A.C.', 5, 1268, NULL, NULL, NULL, 1);
INSERT INTO `eq_repuesto_stock_detalle` VALUES (140, '2019-08-12 00:00:00', 'Compra: Remonda Castro y Cia S.A.C.', 3, 535, NULL, NULL, NULL, 1);
INSERT INTO `eq_repuesto_stock_detalle` VALUES (141, '2019-08-12 00:00:00', 'Compra: Remonda Castro y Cia S.A.C.', 1, 807, NULL, NULL, NULL, 1);
INSERT INTO `eq_repuesto_stock_detalle` VALUES (142, '2019-08-12 00:00:00', 'Compra: Remonda Castro y Cia S.A.C.', 11, 169, NULL, NULL, NULL, 1);
INSERT INTO `eq_repuesto_stock_detalle` VALUES (143, '2019-08-12 00:00:00', 'Compra: Remonda Castro y Cia S.A.C.', 2, 1262, NULL, NULL, NULL, 1);
INSERT INTO `eq_repuesto_stock_detalle` VALUES (144, '2019-08-12 00:00:00', 'Compra: Remonda Castro y Cia S.A.C.', 1, 1112, NULL, NULL, NULL, 1);
INSERT INTO `eq_repuesto_stock_detalle` VALUES (145, '2019-08-12 00:00:00', 'Compra: Remonda Castro y Cia S.A.C.', 1, 617, NULL, NULL, NULL, 1);
INSERT INTO `eq_repuesto_stock_detalle` VALUES (146, '2019-08-12 00:00:00', 'Compra: Remonda Castro y Cia S.A.C.', 1, 793, NULL, NULL, NULL, 1);
INSERT INTO `eq_repuesto_stock_detalle` VALUES (147, '2019-08-12 00:00:00', 'Compra: Remonda Castro y Cia S.A.C.', 1, 1263, NULL, NULL, NULL, 1);
INSERT INTO `eq_repuesto_stock_detalle` VALUES (148, '2019-08-12 00:00:00', 'Compra: Remonda Castro y Cia S.A.C.', 1, 1259, NULL, NULL, NULL, 1);
INSERT INTO `eq_repuesto_stock_detalle` VALUES (149, '2019-08-12 00:00:00', 'Compra: Remonda Castro y Cia S.A.C.', 1, 672, NULL, NULL, NULL, 1);
INSERT INTO `eq_repuesto_stock_detalle` VALUES (150, '2019-08-12 00:00:00', 'Compra: Remonda Castro y Cia S.A.C.', 2, 504, NULL, NULL, NULL, 1);
INSERT INTO `eq_repuesto_stock_detalle` VALUES (151, '2019-08-12 00:00:00', 'Compra: Remonda Castro y Cia S.A.C.', 1, 822, NULL, NULL, NULL, 1);
INSERT INTO `eq_repuesto_stock_detalle` VALUES (152, '2019-08-12 00:00:00', 'Compra: Remonda Castro y Cia S.A.C.', 1, 794, NULL, NULL, NULL, 1);
INSERT INTO `eq_repuesto_stock_detalle` VALUES (153, '2019-08-12 00:00:00', 'Compra: Remonda Castro y Cia S.A.C.', 1, 1227, NULL, NULL, NULL, 1);
INSERT INTO `eq_repuesto_stock_detalle` VALUES (154, '2019-08-12 00:00:00', 'Compra: Remonda Castro y Cia S.A.C.', 1, 787, NULL, NULL, NULL, 1);
INSERT INTO `eq_repuesto_stock_detalle` VALUES (155, '2019-08-12 00:00:00', 'Compra: Remonda Castro y Cia S.A.C.', 2, 1260, NULL, NULL, NULL, 1);
INSERT INTO `eq_repuesto_stock_detalle` VALUES (156, '2019-08-12 00:00:00', 'Compra: Remonda Castro y Cia S.A.C.', 1, 131, NULL, NULL, NULL, 1);
INSERT INTO `eq_repuesto_stock_detalle` VALUES (157, '2019-08-13 00:00:00', 'Compra: Servicios Viales Santa Fe S.A.', 2, 1256, NULL, NULL, NULL, 1);
INSERT INTO `eq_repuesto_stock_detalle` VALUES (158, '2019-08-13 00:00:00', 'Compra: Servicios Viales Santa Fe S.A.', 2, 1257, NULL, NULL, NULL, 1);
INSERT INTO `eq_repuesto_stock_detalle` VALUES (159, '2019-08-15 00:00:00', 'Compra: Remonda Castro y Cia S.A.C.', 1, 1275, NULL, NULL, NULL, 1);
INSERT INTO `eq_repuesto_stock_detalle` VALUES (160, '2019-08-15 00:00:00', 'Compra: Remonda Castro y Cia S.A.C.', 1, 1276, NULL, NULL, NULL, 1);
INSERT INTO `eq_repuesto_stock_detalle` VALUES (161, '2019-08-15 00:00:00', 'Compra: Remonda Castro y Cia S.A.C.', 1, 1277, NULL, NULL, NULL, 1);
INSERT INTO `eq_repuesto_stock_detalle` VALUES (162, '2019-08-24 00:00:00', 'Compra: Remonda Castro y Cia S.A.C.', 1, 1267, NULL, NULL, NULL, 1);
INSERT INTO `eq_repuesto_stock_detalle` VALUES (163, '2019-08-24 00:00:00', 'Compra: Remonda Castro y Cia S.A.C.', 1, 1266, NULL, NULL, NULL, 1);
INSERT INTO `eq_repuesto_stock_detalle` VALUES (164, '2019-08-24 00:00:00', 'Compra: Remonda Castro y Cia S.A.C.', 6, 467, NULL, NULL, NULL, 1);
INSERT INTO `eq_repuesto_stock_detalle` VALUES (165, '2019-08-24 00:00:00', 'Compra: Remonda Castro y Cia S.A.C.', 1, 926, NULL, NULL, NULL, 1);
INSERT INTO `eq_repuesto_stock_detalle` VALUES (166, '2019-08-21 00:00:00', 'Compra: BorUr S.R.L.', 30, 1284, NULL, NULL, NULL, 1);
INSERT INTO `eq_repuesto_stock_detalle` VALUES (167, '2019-08-21 00:00:00', 'Compra: BorUr S.R.L.', 40, 1285, NULL, NULL, NULL, 1);
INSERT INTO `eq_repuesto_stock_detalle` VALUES (168, '2019-08-16 00:00:00', 'Compra: Remonda Castro y Cia S.A.C.', 1, 1265, NULL, NULL, NULL, 1);
INSERT INTO `eq_repuesto_stock_detalle` VALUES (169, '2019-08-16 00:00:00', 'Compra: Remonda Castro y Cia S.A.C.', 3, 1279, NULL, NULL, NULL, 1);
INSERT INTO `eq_repuesto_stock_detalle` VALUES (170, '2019-08-16 00:00:00', 'Compra: Remonda Castro y Cia S.A.C.', 6, 1153, NULL, NULL, NULL, 1);
INSERT INTO `eq_repuesto_stock_detalle` VALUES (171, '2019-08-16 00:00:00', 'Compra: Remonda Castro y Cia S.A.C.', 6, 524, NULL, NULL, NULL, 1);
INSERT INTO `eq_repuesto_stock_detalle` VALUES (172, '2019-08-16 00:00:00', 'Compra: Remonda Castro y Cia S.A.C.', 6, 524, NULL, NULL, NULL, 1);
INSERT INTO `eq_repuesto_stock_detalle` VALUES (173, '2019-08-16 00:00:00', 'Compra: Remonda Castro y Cia S.A.C.', 2, 527, NULL, NULL, NULL, 1);
INSERT INTO `eq_repuesto_stock_detalle` VALUES (174, '2019-08-16 00:00:00', 'Compra: Remonda Castro y Cia S.A.C.', 2, 513, NULL, NULL, NULL, 1);
INSERT INTO `eq_repuesto_stock_detalle` VALUES (175, '2019-08-16 00:00:00', 'Compra: Remonda Castro y Cia S.A.C.', 2, 514, NULL, NULL, NULL, 1);
INSERT INTO `eq_repuesto_stock_detalle` VALUES (176, '2019-08-16 00:00:00', 'Compra: Remonda Castro y Cia S.A.C.', 4, 507, NULL, NULL, NULL, 1);
INSERT INTO `eq_repuesto_stock_detalle` VALUES (177, '2019-08-27 00:00:00', 'Compra: Remonda Castro y Cia S.A.C.', 1, 807, NULL, NULL, NULL, 1);
INSERT INTO `eq_repuesto_stock_detalle` VALUES (178, '2019-08-28 00:00:00', 'Compra: Remonda Castro y Cia S.A.C.', 2, 1189, NULL, NULL, NULL, 1);
INSERT INTO `eq_repuesto_stock_detalle` VALUES (179, '2019-09-30 00:00:00', 'Compra: Remonda Castro y Cia S.A.C.', 2, 1283, NULL, NULL, NULL, 1);
INSERT INTO `eq_repuesto_stock_detalle` VALUES (180, '2019-09-30 00:00:00', 'Compra: Remonda Castro y Cia S.A.C.', 10, 262, NULL, NULL, NULL, 1);
INSERT INTO `eq_repuesto_stock_detalle` VALUES (181, '2019-09-30 00:00:00', 'Compra: Remonda Castro y Cia S.A.C.', 2, 477, NULL, NULL, NULL, 1);
INSERT INTO `eq_repuesto_stock_detalle` VALUES (182, '2019-09-30 00:00:00', 'Compra: Remonda Castro y Cia S.A.C.', 2, 604, NULL, NULL, NULL, 1);
INSERT INTO `eq_repuesto_stock_detalle` VALUES (183, '2019-09-30 00:00:00', 'Compra: Remonda Castro y Cia S.A.C.', 2, 1281, NULL, NULL, NULL, 1);
INSERT INTO `eq_repuesto_stock_detalle` VALUES (184, '2019-09-30 00:00:00', 'Compra: Remonda Castro y Cia S.A.C.', 2, 1282, NULL, NULL, NULL, 1);
INSERT INTO `eq_repuesto_stock_detalle` VALUES (185, '2019-09-30 00:00:00', 'Compra: Remonda Castro y Cia S.A.C.', 3, 502, NULL, NULL, NULL, 1);
INSERT INTO `eq_repuesto_stock_detalle` VALUES (186, '2019-09-30 00:00:00', 'Compra: Remonda Castro y Cia S.A.C.', 3, 503, NULL, NULL, NULL, 1);
INSERT INTO `eq_repuesto_stock_detalle` VALUES (187, '2019-09-30 00:00:00', 'Compra: Remonda Castro y Cia S.A.C.', 5, 51, NULL, NULL, NULL, 1);
INSERT INTO `eq_repuesto_stock_detalle` VALUES (188, '2019-08-30 00:00:00', 'Compra: AMIUN SA', 1, 1290, NULL, NULL, NULL, 1);
INSERT INTO `eq_repuesto_stock_detalle` VALUES (189, '2019-09-02 00:00:00', 'Compra: AMIUN SA', 1, 1291, NULL, NULL, NULL, 1);
INSERT INTO `eq_repuesto_stock_detalle` VALUES (190, '2019-09-06 00:00:00', 'Compra: AMIUN SA', 3, 1223, NULL, NULL, NULL, 1);
INSERT INTO `eq_repuesto_stock_detalle` VALUES (191, '2019-09-06 00:00:00', 'Compra: AMIUN SA', 6, 1292, NULL, NULL, NULL, 1);
INSERT INTO `eq_repuesto_stock_detalle` VALUES (192, '2019-09-06 00:00:00', 'Compra: AMIUN SA', 4, 1255, NULL, NULL, NULL, 1);
INSERT INTO `eq_repuesto_stock_detalle` VALUES (193, '2019-09-06 00:00:00', 'Compra: Remonda Castro y Cia S.A.C.', 25, 52, NULL, NULL, NULL, 1);
INSERT INTO `eq_repuesto_stock_detalle` VALUES (194, '2019-09-06 00:00:00', 'Compra: Remonda Castro y Cia S.A.C.', 10, 1289, NULL, NULL, NULL, 1);
INSERT INTO `eq_repuesto_stock_detalle` VALUES (195, '2019-09-06 00:00:00', 'Compra: Remonda Castro y Cia S.A.C.', 4, 527, NULL, NULL, NULL, 1);
INSERT INTO `eq_repuesto_stock_detalle` VALUES (196, '2019-09-06 00:00:00', 'Compra: Remonda Castro y Cia S.A.C.', 6, 497, NULL, NULL, NULL, 1);
INSERT INTO `eq_repuesto_stock_detalle` VALUES (197, '2019-09-06 00:00:00', 'Compra: Remonda Castro y Cia S.A.C.', 1, 1264, NULL, NULL, NULL, 1);
INSERT INTO `eq_repuesto_stock_detalle` VALUES (198, '2019-09-14 00:00:00', 'Compra: Remonda Castro y Cia S.A.C.', 2, 592, NULL, NULL, NULL, 1);
INSERT INTO `eq_repuesto_stock_detalle` VALUES (199, '2019-09-14 00:00:00', 'Compra: Remonda Castro y Cia S.A.C.', 1, 960, NULL, NULL, NULL, 1);
INSERT INTO `eq_repuesto_stock_detalle` VALUES (200, '2019-09-14 00:00:00', 'Compra: Remonda Castro y Cia S.A.C.', 1, 298, NULL, NULL, NULL, 1);
INSERT INTO `eq_repuesto_stock_detalle` VALUES (201, '2019-09-14 00:00:00', 'Compra: Remonda Castro y Cia S.A.C.', 1, 297, NULL, NULL, NULL, 1);
INSERT INTO `eq_repuesto_stock_detalle` VALUES (202, '2019-09-14 00:00:00', 'Compra: Remonda Castro y Cia S.A.C.', 1, 1295, NULL, NULL, NULL, 1);
INSERT INTO `eq_repuesto_stock_detalle` VALUES (203, '2019-09-14 00:00:00', 'Compra: Remonda Castro y Cia S.A.C.', 2, 501, NULL, NULL, NULL, 1);
INSERT INTO `eq_repuesto_stock_detalle` VALUES (204, '2019-09-11 00:00:00', 'Compra: Remonda Castro y Cia S.A.C.', 2, 552, NULL, NULL, NULL, 1);
INSERT INTO `eq_repuesto_stock_detalle` VALUES (205, '2019-09-11 00:00:00', 'Compra: Remonda Castro y Cia S.A.C.', 1, 1271, NULL, NULL, NULL, 1);
INSERT INTO `eq_repuesto_stock_detalle` VALUES (206, '2019-09-11 00:00:00', 'Compra: Servicios Viales Santa Fe S.A.', 4, 1278, NULL, NULL, NULL, 1);
INSERT INTO `eq_repuesto_stock_detalle` VALUES (207, '2019-09-21 00:00:00', 'Compra: Remonda Castro y Cia S.A.C.', 1, 79, NULL, NULL, NULL, 1);
INSERT INTO `eq_repuesto_stock_detalle` VALUES (208, '2019-09-21 00:00:00', 'Compra: BorUr S.R.L.', 2, 1298, NULL, NULL, NULL, 1);
INSERT INTO `eq_repuesto_stock_detalle` VALUES (209, '2019-09-14 00:00:00', 'Compra: Remonda Castro y Cia S.A.C.', 1, 1294, NULL, NULL, NULL, 1);
INSERT INTO `eq_repuesto_stock_detalle` VALUES (210, '2019-09-24 00:00:00', 'Compra: Remonda Castro y Cia S.A.C.', 1, 1299, NULL, NULL, NULL, 1);
INSERT INTO `eq_repuesto_stock_detalle` VALUES (211, '2019-09-24 00:00:00', 'Compra: Remonda Castro y Cia S.A.C.', 1, 1301, NULL, NULL, NULL, 1);
INSERT INTO `eq_repuesto_stock_detalle` VALUES (212, '2019-09-24 00:00:00', 'Compra: Remonda Castro y Cia S.A.C.', 12, 1300, NULL, NULL, NULL, 1);
INSERT INTO `eq_repuesto_stock_detalle` VALUES (213, '2019-09-25 00:00:00', 'Compra: Remonda Castro y Cia S.A.C.', 6, 487, NULL, NULL, NULL, 1);
INSERT INTO `eq_repuesto_stock_detalle` VALUES (214, '2019-09-25 00:00:00', 'Compra: Remonda Castro y Cia S.A.C.', 3, 534, NULL, NULL, NULL, 1);
INSERT INTO `eq_repuesto_stock_detalle` VALUES (215, '2019-09-25 00:00:00', 'Compra: Remonda Castro y Cia S.A.C.', 3, 1172, NULL, NULL, NULL, 1);
INSERT INTO `eq_repuesto_stock_detalle` VALUES (216, '2019-09-25 00:00:00', 'Compra: Remonda Castro y Cia S.A.C.', 10, 54, NULL, NULL, NULL, 1);
INSERT INTO `eq_repuesto_stock_detalle` VALUES (217, '2019-09-25 00:00:00', 'Compra: Remonda Castro y Cia S.A.C.', 1, 79, NULL, NULL, NULL, 1);
INSERT INTO `eq_repuesto_stock_detalle` VALUES (218, '2019-10-04 00:00:00', 'Compra: Remonda Castro y Cia S.A.C.', 200, 901, NULL, NULL, NULL, 1);
INSERT INTO `eq_repuesto_stock_detalle` VALUES (219, '2019-10-04 00:00:00', 'Compra: Remonda Castro y Cia S.A.C.', 1, 1304, NULL, NULL, NULL, 1);
INSERT INTO `eq_repuesto_stock_detalle` VALUES (220, '2019-10-09 00:00:00', 'Compra: AMIUN SA', 1, 1253, NULL, NULL, NULL, 1);
INSERT INTO `eq_repuesto_stock_detalle` VALUES (221, '2019-10-09 00:00:00', 'Compra: AMIUN SA', 2, 1222, NULL, NULL, NULL, 1);
INSERT INTO `eq_repuesto_stock_detalle` VALUES (222, '2019-10-09 00:00:00', 'Compra: AMIUN SA', 2, 1305, NULL, NULL, NULL, 1);
INSERT INTO `eq_repuesto_stock_detalle` VALUES (223, '2019-10-09 00:00:00', 'Compra: AMIUN SA', 1, 1312, NULL, NULL, NULL, 1);
INSERT INTO `eq_repuesto_stock_detalle` VALUES (224, '2019-10-09 00:00:00', 'Compra: AMIUN SA', 1, 1313, NULL, NULL, NULL, 1);
INSERT INTO `eq_repuesto_stock_detalle` VALUES (225, '2019-10-09 00:00:00', 'Compra: AMIUN SA', 1, 1314, NULL, NULL, NULL, 1);
INSERT INTO `eq_repuesto_stock_detalle` VALUES (226, '2019-10-09 00:00:00', 'Compra: AMIUN SA', 1, 1315, NULL, NULL, NULL, 1);
INSERT INTO `eq_repuesto_stock_detalle` VALUES (227, '2019-10-11 00:00:00', 'Compra: Remonda Castro y Cia S.A.C.', 25, 52, NULL, NULL, NULL, 1);
INSERT INTO `eq_repuesto_stock_detalle` VALUES (228, '2019-10-11 00:00:00', 'Compra: Remonda Castro y Cia S.A.C.', 2, 97, NULL, NULL, NULL, 1);
INSERT INTO `eq_repuesto_stock_detalle` VALUES (229, '2019-10-11 00:00:00', 'Compra: Remonda Castro y Cia S.A.C.', 4, 858, NULL, NULL, NULL, 1);
INSERT INTO `eq_repuesto_stock_detalle` VALUES (230, '2019-10-11 00:00:00', 'Compra: Remonda Castro y Cia S.A.C.', 6, 1308, NULL, NULL, NULL, 1);
INSERT INTO `eq_repuesto_stock_detalle` VALUES (231, '2019-10-11 00:00:00', 'Compra: Remonda Castro y Cia S.A.C.', 8, 853, NULL, NULL, NULL, 1);
INSERT INTO `eq_repuesto_stock_detalle` VALUES (232, '2019-10-11 00:00:00', 'Compra: Remonda Castro y Cia S.A.C.', 2, 918, NULL, NULL, NULL, 1);
INSERT INTO `eq_repuesto_stock_detalle` VALUES (233, '2019-10-11 00:00:00', 'Compra: Remonda Castro y Cia S.A.C.', 4, 1310, NULL, NULL, NULL, 1);
INSERT INTO `eq_repuesto_stock_detalle` VALUES (234, '2019-10-11 00:00:00', 'Compra: Remonda Castro y Cia S.A.C.', 8, 1311, NULL, NULL, NULL, 1);
INSERT INTO `eq_repuesto_stock_detalle` VALUES (235, '2019-10-11 00:00:00', 'Compra: Remonda Castro y Cia S.A.C.', 8, 1306, NULL, NULL, NULL, 1);
INSERT INTO `eq_repuesto_stock_detalle` VALUES (236, '2019-10-11 00:00:00', 'Compra: Remonda Castro y Cia S.A.C.', 8, 170, NULL, NULL, NULL, 1);
INSERT INTO `eq_repuesto_stock_detalle` VALUES (237, '2019-10-11 00:00:00', 'Compra: Remonda Castro y Cia S.A.C.', 8, 1307, NULL, NULL, NULL, 1);
INSERT INTO `eq_repuesto_stock_detalle` VALUES (238, '2019-10-15 00:00:00', 'Compra: BorUr S.R.L.', 30, 1284, NULL, NULL, NULL, 1);
INSERT INTO `eq_repuesto_stock_detalle` VALUES (239, '2019-10-11 00:00:00', 'Compra: Remonda Castro y Cia S.A.C.', 2, 1309, NULL, NULL, NULL, 1);
INSERT INTO `eq_repuesto_stock_detalle` VALUES (240, '2019-10-11 00:00:00', 'Compra: Remonda Castro y Cia S.A.C.', 2, 648, NULL, NULL, NULL, 1);
INSERT INTO `eq_repuesto_stock_detalle` VALUES (241, '2019-10-11 00:00:00', 'Compra: Remonda Castro y Cia S.A.C.', 2, 649, NULL, NULL, NULL, 1);
INSERT INTO `eq_repuesto_stock_detalle` VALUES (242, '2019-10-11 00:00:00', 'Compra: Remonda Castro y Cia S.A.C.', 4, 342, NULL, NULL, NULL, 1);
INSERT INTO `eq_repuesto_stock_detalle` VALUES (243, '2019-09-13 00:00:00', 'Compra: Remonda Castro y Cia S.A.C.', 1, 646, NULL, NULL, NULL, 1);
INSERT INTO `eq_repuesto_stock_detalle` VALUES (244, '2019-10-16 00:00:00', 'Compra: AMIUN SA', 6, 1226, NULL, NULL, NULL, 1);
INSERT INTO `eq_repuesto_stock_detalle` VALUES (245, '2019-10-16 00:00:00', 'Compra: AMIUN SA', 5, 1255, NULL, NULL, NULL, 1);
INSERT INTO `eq_repuesto_stock_detalle` VALUES (246, '2019-10-16 00:00:00', 'Compra: AMIUN SA', 4, 1224, NULL, NULL, NULL, 1);
INSERT INTO `eq_repuesto_stock_detalle` VALUES (247, '2019-10-16 00:00:00', 'Compra: Remonda Castro y Cia S.A.C.', 1, 1303, NULL, NULL, NULL, 1);
INSERT INTO `eq_repuesto_stock_detalle` VALUES (248, '2019-10-16 00:00:00', 'Compra: Remonda Castro y Cia S.A.C.', 10, 774, NULL, NULL, NULL, 1);
INSERT INTO `eq_repuesto_stock_detalle` VALUES (249, '2019-10-16 00:00:00', 'Compra: Remonda Castro y Cia S.A.C.', 10, 550, NULL, NULL, NULL, 1);
INSERT INTO `eq_repuesto_stock_detalle` VALUES (250, '2019-10-16 00:00:00', 'Compra: Remonda Castro y Cia S.A.C.', 3, 536, NULL, NULL, NULL, 1);
INSERT INTO `eq_repuesto_stock_detalle` VALUES (251, '2019-10-24 00:00:00', 'Compra: Remonda Castro y Cia S.A.C.', 2, 1302, NULL, NULL, NULL, 1);
INSERT INTO `eq_repuesto_stock_detalle` VALUES (252, '2019-10-24 00:00:00', 'Compra: Remonda Castro y Cia S.A.C.', 2, 165, NULL, NULL, NULL, 1);
INSERT INTO `eq_repuesto_stock_detalle` VALUES (253, '2019-10-24 00:00:00', 'Compra: Remonda Castro y Cia S.A.C.', 4, 777, NULL, NULL, NULL, 1);
INSERT INTO `eq_repuesto_stock_detalle` VALUES (254, '2019-10-26 00:00:00', 'Compra: Remonda Castro y Cia S.A.C.', 16, 1317, NULL, NULL, NULL, 1);
INSERT INTO `eq_repuesto_stock_detalle` VALUES (255, '2019-10-26 00:00:00', 'Compra: Remonda Castro y Cia S.A.C.', 2, 1316, NULL, NULL, NULL, 1);
INSERT INTO `eq_repuesto_stock_detalle` VALUES (256, '2019-10-31 00:00:00', 'Compra: Remonda Castro y Cia S.A.C.', 3, 608, NULL, NULL, NULL, 1);
INSERT INTO `eq_repuesto_stock_detalle` VALUES (257, '2019-10-31 00:00:00', 'Compra: Remonda Castro y Cia S.A.C.', 1, 257, NULL, NULL, NULL, 1);
INSERT INTO `eq_repuesto_stock_detalle` VALUES (258, '2019-10-31 00:00:00', 'Compra: Remonda Castro y Cia S.A.C.', 50, 52, NULL, NULL, NULL, 1);
INSERT INTO `eq_repuesto_stock_detalle` VALUES (259, '2019-10-31 00:00:00', 'Compra: Remonda Castro y Cia S.A.C.', 6, 1320, NULL, NULL, NULL, 1);
INSERT INTO `eq_repuesto_stock_detalle` VALUES (260, '2019-10-31 00:00:00', 'Compra: Remonda Castro y Cia S.A.C.', 1, 1318, NULL, NULL, NULL, 1);
INSERT INTO `eq_repuesto_stock_detalle` VALUES (261, '2019-10-31 00:00:00', 'Compra: Remonda Castro y Cia S.A.C.', 20, 356, NULL, NULL, NULL, 1);
INSERT INTO `eq_repuesto_stock_detalle` VALUES (262, '2019-10-31 00:00:00', 'Compra: Remonda Castro y Cia S.A.C.', 1, 1319, NULL, NULL, NULL, 1);
INSERT INTO `eq_repuesto_stock_detalle` VALUES (263, '2019-11-02 00:00:00', 'Compra: Remonda Castro y Cia S.A.C.', 3, 503, NULL, NULL, NULL, 1);
INSERT INTO `eq_repuesto_stock_detalle` VALUES (264, '2019-11-05 00:00:00', 'Compra: Remonda Castro y Cia S.A.C.', 5, 485, NULL, NULL, NULL, 1);
INSERT INTO `eq_repuesto_stock_detalle` VALUES (265, '2019-11-05 00:00:00', 'Compra: Remonda Castro y Cia S.A.C.', 5, 497, NULL, NULL, NULL, 1);
INSERT INTO `eq_repuesto_stock_detalle` VALUES (266, '2019-11-05 00:00:00', 'Compra: Remonda Castro y Cia S.A.C.', 1, 1282, NULL, NULL, NULL, 1);
INSERT INTO `eq_repuesto_stock_detalle` VALUES (267, '2019-11-05 00:00:00', 'Compra: Remonda Castro y Cia S.A.C.', 3, 608, NULL, NULL, NULL, 1);
INSERT INTO `eq_repuesto_stock_detalle` VALUES (268, '2019-11-05 00:00:00', 'Compra: Remonda Castro y Cia S.A.C.', 3, 1322, NULL, NULL, NULL, 1);
INSERT INTO `eq_repuesto_stock_detalle` VALUES (269, '2019-11-05 00:00:00', 'Compra: Remonda Castro y Cia S.A.C.', 3, 720, NULL, NULL, NULL, 1);
INSERT INTO `eq_repuesto_stock_detalle` VALUES (270, '2019-11-05 00:00:00', 'Compra: Remonda Castro y Cia S.A.C.', 3, 1321, NULL, NULL, NULL, 1);
INSERT INTO `eq_repuesto_stock_detalle` VALUES (271, '2019-11-05 00:00:00', 'Compra: Remonda Castro y Cia S.A.C.', 3, 1323, NULL, NULL, NULL, 1);
INSERT INTO `eq_repuesto_stock_detalle` VALUES (272, '2019-11-05 00:00:00', 'Compra: Remonda Castro y Cia S.A.C.', 10, 54, NULL, NULL, NULL, 1);
INSERT INTO `eq_repuesto_stock_detalle` VALUES (273, '2019-11-05 00:00:00', 'Compra: Remonda Castro y Cia S.A.C.', 3, 1283, NULL, NULL, NULL, 1);
INSERT INTO `eq_repuesto_stock_detalle` VALUES (274, '2019-11-05 00:00:00', 'Compra: Remonda Castro y Cia S.A.C.', 3, 850, NULL, NULL, NULL, 1);
INSERT INTO `eq_repuesto_stock_detalle` VALUES (275, '2019-11-08 00:00:00', 'Compra: Remonda Castro y Cia S.A.C.', 1, 1326, NULL, NULL, NULL, 1);
INSERT INTO `eq_repuesto_stock_detalle` VALUES (276, '2019-11-08 00:00:00', 'Compra: Remonda Castro y Cia S.A.C.', 1, 1329, NULL, NULL, NULL, 1);
INSERT INTO `eq_repuesto_stock_detalle` VALUES (277, '2019-11-08 00:00:00', 'Compra: Remonda Castro y Cia S.A.C.', 1, 907, NULL, NULL, NULL, 1);
INSERT INTO `eq_repuesto_stock_detalle` VALUES (278, '2019-11-08 00:00:00', 'Compra: Remonda Castro y Cia S.A.C.', 1, 1327, NULL, NULL, NULL, 1);
INSERT INTO `eq_repuesto_stock_detalle` VALUES (279, '2019-11-08 00:00:00', 'Compra: Remonda Castro y Cia S.A.C.', 2, 1328, NULL, NULL, NULL, 1);
INSERT INTO `eq_repuesto_stock_detalle` VALUES (280, '2019-11-08 00:00:00', 'Compra: Remonda Castro y Cia S.A.C.', 4, 1066, NULL, NULL, NULL, 1);
INSERT INTO `eq_repuesto_stock_detalle` VALUES (281, '2019-11-08 00:00:00', 'Compra: Remonda Castro y Cia S.A.C.', 1, 626, NULL, NULL, NULL, 1);
INSERT INTO `eq_repuesto_stock_detalle` VALUES (282, '2019-11-08 00:00:00', 'Compra: Remonda Castro y Cia S.A.C.', 1, 1332, NULL, NULL, NULL, 1);
INSERT INTO `eq_repuesto_stock_detalle` VALUES (283, '2019-11-12 00:00:00', 'Compra: Remonda Castro y Cia S.A.C.', 3, 503, NULL, NULL, NULL, 1);
INSERT INTO `eq_repuesto_stock_detalle` VALUES (284, '2019-11-12 00:00:00', 'Compra: Remonda Castro y Cia S.A.C.', 3, 502, NULL, NULL, NULL, 1);
INSERT INTO `eq_repuesto_stock_detalle` VALUES (285, '2019-11-12 00:00:00', 'Compra: Remonda Castro y Cia S.A.C.', 1, 1325, NULL, NULL, NULL, 1);
INSERT INTO `eq_repuesto_stock_detalle` VALUES (286, '2019-11-12 00:00:00', 'Compra: Remonda Castro y Cia S.A.C.', 1, 1324, NULL, NULL, NULL, 1);
INSERT INTO `eq_repuesto_stock_detalle` VALUES (287, '2019-11-12 00:00:00', 'Compra: Remonda Castro y Cia S.A.C.', 2, 1261, NULL, NULL, NULL, 1);
INSERT INTO `eq_repuesto_stock_detalle` VALUES (288, '2019-11-12 00:00:00', 'Compra: BorUr S.R.L.', 2, 1298, NULL, NULL, NULL, 1);
INSERT INTO `eq_repuesto_stock_detalle` VALUES (289, '2019-11-12 00:00:00', 'Compra: Remonda Castro y Cia S.A.C.', 1, 1331, NULL, NULL, NULL, 1);
INSERT INTO `eq_repuesto_stock_detalle` VALUES (290, '2019-11-22 00:00:00', 'Compra: Remonda Castro y Cia S.A.C.', 1, 516, NULL, NULL, NULL, 1);
INSERT INTO `eq_repuesto_stock_detalle` VALUES (291, '2019-11-22 00:00:00', 'Compra: Remonda Castro y Cia S.A.C.', 2, 920, NULL, NULL, NULL, 1);
INSERT INTO `eq_repuesto_stock_detalle` VALUES (292, '2019-11-22 00:00:00', 'Compra: Remonda Castro y Cia S.A.C.', 4, 658, NULL, NULL, NULL, 1);
INSERT INTO `eq_repuesto_stock_detalle` VALUES (293, '2019-11-22 00:00:00', 'Compra: Remonda Castro y Cia S.A.C.', 1, 55, NULL, NULL, NULL, 1);
INSERT INTO `eq_repuesto_stock_detalle` VALUES (294, '2019-11-29 00:00:00', 'Compra: Remonda Castro y Cia S.A.C.', 2, 1328, NULL, NULL, NULL, 1);
INSERT INTO `eq_repuesto_stock_detalle` VALUES (295, '2019-11-29 00:00:00', 'Compra: Remonda Castro y Cia S.A.C.', 50, 52, NULL, NULL, NULL, 1);
INSERT INTO `eq_repuesto_stock_detalle` VALUES (296, '2019-11-29 00:00:00', 'Compra: Remonda Castro y Cia S.A.C.', 6, 1236, NULL, NULL, NULL, 1);
INSERT INTO `eq_repuesto_stock_detalle` VALUES (297, '2019-11-29 00:00:00', 'Compra: Remonda Castro y Cia S.A.C.', 15, 762, NULL, NULL, NULL, 1);
INSERT INTO `eq_repuesto_stock_detalle` VALUES (298, '2019-11-29 00:00:00', 'Compra: Remonda Castro y Cia S.A.C.', 4, 1353, NULL, NULL, NULL, 1);
INSERT INTO `eq_repuesto_stock_detalle` VALUES (299, '2019-11-29 00:00:00', 'Compra: Remonda Castro y Cia S.A.C.', 4, 1351, NULL, NULL, NULL, 1);
INSERT INTO `eq_repuesto_stock_detalle` VALUES (300, '2019-11-29 00:00:00', 'Compra: Remonda Castro y Cia S.A.C.', 2, 1354, NULL, NULL, NULL, 1);
INSERT INTO `eq_repuesto_stock_detalle` VALUES (301, '2019-11-29 00:00:00', 'Compra: Remonda Castro y Cia S.A.C.', 2, 1355, NULL, NULL, NULL, 1);
INSERT INTO `eq_repuesto_stock_detalle` VALUES (302, '2019-11-29 00:00:00', 'Compra: Remonda Castro y Cia S.A.C.', 2, 1334, NULL, NULL, NULL, 1);
INSERT INTO `eq_repuesto_stock_detalle` VALUES (303, '2019-11-29 00:00:00', 'Compra: Remonda Castro y Cia S.A.C.', 2, 1352, NULL, NULL, NULL, 1);
INSERT INTO `eq_repuesto_stock_detalle` VALUES (304, '2019-11-29 00:00:00', 'Compra: Remonda Castro y Cia S.A.C.', 1, 1340, NULL, NULL, NULL, 1);
INSERT INTO `eq_repuesto_stock_detalle` VALUES (305, '2019-11-29 00:00:00', 'Compra: Remonda Castro y Cia S.A.C.', 1, 1344, NULL, NULL, NULL, 1);
INSERT INTO `eq_repuesto_stock_detalle` VALUES (306, '2019-11-29 00:00:00', 'Compra: Remonda Castro y Cia S.A.C.', 2, 1342, NULL, NULL, NULL, 1);
INSERT INTO `eq_repuesto_stock_detalle` VALUES (307, '2019-11-29 00:00:00', 'Compra: Remonda Castro y Cia S.A.C.', 2, 1347, NULL, NULL, NULL, 1);
INSERT INTO `eq_repuesto_stock_detalle` VALUES (308, '2019-11-29 00:00:00', 'Compra: Remonda Castro y Cia S.A.C.', 1, 1341, NULL, NULL, NULL, 1);
INSERT INTO `eq_repuesto_stock_detalle` VALUES (309, '2019-11-29 00:00:00', 'Compra: Remonda Castro y Cia S.A.C.', 4, 1346, NULL, NULL, NULL, 1);
INSERT INTO `eq_repuesto_stock_detalle` VALUES (310, '2019-11-29 00:00:00', 'Compra: Remonda Castro y Cia S.A.C.', 4, 1033, NULL, NULL, NULL, 1);
INSERT INTO `eq_repuesto_stock_detalle` VALUES (311, '2019-11-29 00:00:00', 'Compra: Remonda Castro y Cia S.A.C.', 4, 1116, NULL, NULL, NULL, 1);
INSERT INTO `eq_repuesto_stock_detalle` VALUES (312, '2019-11-29 00:00:00', 'Compra: Remonda Castro y Cia S.A.C.', 4, 1349, NULL, NULL, NULL, 1);
INSERT INTO `eq_repuesto_stock_detalle` VALUES (313, '2019-11-29 00:00:00', 'Compra: Remonda Castro y Cia S.A.C.', 4, 1350, NULL, NULL, NULL, 1);
INSERT INTO `eq_repuesto_stock_detalle` VALUES (314, '2019-11-29 00:00:00', 'Compra: Remonda Castro y Cia S.A.C.', 2, 1337, NULL, NULL, NULL, 1);
INSERT INTO `eq_repuesto_stock_detalle` VALUES (315, '2019-11-29 00:00:00', 'Compra: Remonda Castro y Cia S.A.C.', 2, 1336, NULL, NULL, NULL, 1);
INSERT INTO `eq_repuesto_stock_detalle` VALUES (316, '2019-11-29 00:00:00', 'Compra: Remonda Castro y Cia S.A.C.', 2, 1335, NULL, NULL, NULL, 1);
INSERT INTO `eq_repuesto_stock_detalle` VALUES (317, '2019-11-29 00:00:00', 'Compra: Remonda Castro y Cia S.A.C.', 4, 1348, NULL, NULL, NULL, 1);
INSERT INTO `eq_repuesto_stock_detalle` VALUES (318, '2019-11-29 00:00:00', 'Compra: Remonda Castro y Cia S.A.C.', 5, 1333, NULL, NULL, NULL, 1);
INSERT INTO `eq_repuesto_stock_detalle` VALUES (319, '2019-11-29 00:00:00', 'Compra: Remonda Castro y Cia S.A.C.', 2, 1339, NULL, NULL, NULL, 1);
INSERT INTO `eq_repuesto_stock_detalle` VALUES (320, '2019-11-29 00:00:00', 'Compra: Remonda Castro y Cia S.A.C.', 2, 1338, NULL, NULL, NULL, 1);
INSERT INTO `eq_repuesto_stock_detalle` VALUES (321, '2019-11-29 00:00:00', 'Compra: Remonda Castro y Cia S.A.C.', 2, 1356, NULL, NULL, NULL, 1);
INSERT INTO `eq_repuesto_stock_detalle` VALUES (322, '2019-11-29 00:00:00', 'Compra: Remonda Castro y Cia S.A.C.', 1, 1345, NULL, NULL, NULL, 1);
INSERT INTO `eq_repuesto_stock_detalle` VALUES (323, '2019-12-03 00:00:00', 'Compra: Remonda Castro y Cia S.A.C.', 20, 67, NULL, NULL, NULL, 1);
INSERT INTO `eq_repuesto_stock_detalle` VALUES (324, '2019-12-03 00:00:00', 'Compra: Remonda Castro y Cia S.A.C.', 2, 1343, NULL, NULL, NULL, 1);
INSERT INTO `eq_repuesto_stock_detalle` VALUES (325, '2019-12-03 00:00:00', 'Compra: Remonda Castro y Cia S.A.C.', 7, 1333, NULL, NULL, NULL, 1);
INSERT INTO `eq_repuesto_stock_detalle` VALUES (326, '2019-12-03 00:00:00', 'Compra: Remonda Castro y Cia S.A.C.', 1, 1340, NULL, NULL, NULL, 1);
INSERT INTO `eq_repuesto_stock_detalle` VALUES (327, '2019-12-03 00:00:00', 'Compra: Remonda Castro y Cia S.A.C.', 6, 1236, NULL, NULL, NULL, 1);
INSERT INTO `eq_repuesto_stock_detalle` VALUES (328, '2019-12-03 00:00:00', 'Compra: Remonda Castro y Cia S.A.C.', 2, 1343, NULL, NULL, NULL, 1);
INSERT INTO `eq_repuesto_stock_detalle` VALUES (329, '2019-12-09 00:00:00', 'Compra: Remonda Castro y Cia S.A.C.', 4, 540, NULL, NULL, NULL, 1);
INSERT INTO `eq_repuesto_stock_detalle` VALUES (330, '2019-12-09 00:00:00', 'Compra: Remonda Castro y Cia S.A.C.', 4, 533, NULL, NULL, NULL, 1);
INSERT INTO `eq_repuesto_stock_detalle` VALUES (331, '2019-12-11 00:00:00', 'Compra: Remonda Castro y Cia S.A.C.', 7, 531, NULL, NULL, NULL, 1);
INSERT INTO `eq_repuesto_stock_detalle` VALUES (332, '2019-12-09 00:00:00', 'Compra: BorUr S.R.L.', 30, 1284, NULL, NULL, NULL, 1);
INSERT INTO `eq_repuesto_stock_detalle` VALUES (333, '2020-02-03 00:00:00', 'Compra: Remonda Castro y Cia S.A.C.', 2, 1320, NULL, NULL, NULL, 1);
INSERT INTO `eq_repuesto_stock_detalle` VALUES (334, '2020-02-03 00:00:00', 'Compra: Remonda Castro y Cia S.A.C.', 2, 1330, NULL, NULL, NULL, 1);
INSERT INTO `eq_repuesto_stock_detalle` VALUES (335, '2020-02-03 00:00:00', 'Compra: Remonda Castro y Cia S.A.C.', 2, 1330, NULL, NULL, NULL, 1);
INSERT INTO `eq_repuesto_stock_detalle` VALUES (336, '2020-02-03 00:00:00', 'Compra: Remonda Castro y Cia S.A.C.', 2, 512, NULL, NULL, NULL, 1);

-- ----------------------------
-- Table structure for eq_tipo
-- ----------------------------
DROP TABLE IF EXISTS `eq_tipo`;
CREATE TABLE `eq_tipo`  (
  `id_tipo` bigint(20) NOT NULL AUTO_INCREMENT,
  `nombre` char(20) CHARACTER SET utf8 COLLATE utf8_general_ci NULL DEFAULT '-',
  `id_categoria` bigint(20) NULL DEFAULT NULL,
  PRIMARY KEY (`id_tipo`) USING BTREE,
  INDEX `FK_tipo_categoria`(`id_categoria`) USING BTREE,
  CONSTRAINT `FK_tipo_categoria` FOREIGN KEY (`id_categoria`) REFERENCES `eq_categoria` (`id_categoria`) ON DELETE CASCADE ON UPDATE CASCADE
) ENGINE = InnoDB AUTO_INCREMENT = 101 CHARACTER SET = utf8 COLLATE = utf8_general_ci ROW_FORMAT = Compact;

-- ----------------------------
-- Records of eq_tipo
-- ----------------------------
INSERT INTO `eq_tipo` VALUES (1, 'Acoplado', NULL);
INSERT INTO `eq_tipo` VALUES (2, 'Acoplado Carreton', NULL);
INSERT INTO `eq_tipo` VALUES (3, 'Acoplado Cerealero', NULL);
INSERT INTO `eq_tipo` VALUES (4, 'Acoplado Semillero', NULL);
INSERT INTO `eq_tipo` VALUES (5, 'Camion', NULL);
INSERT INTO `eq_tipo` VALUES (6, 'Camioneta', NULL);
INSERT INTO `eq_tipo` VALUES (7, 'Cargadora Cereal', NULL);
INSERT INTO `eq_tipo` VALUES (8, 'Carreton', NULL);
INSERT INTO `eq_tipo` VALUES (9, 'Casilla Rodante', NULL);
INSERT INTO `eq_tipo` VALUES (10, 'Chimango', NULL);
INSERT INTO `eq_tipo` VALUES (11, 'Cincel', NULL);
INSERT INTO `eq_tipo` VALUES (12, 'Cinta Cerealera', NULL);
INSERT INTO `eq_tipo` VALUES (13, 'Compactadora', NULL);
INSERT INTO `eq_tipo` VALUES (14, 'Compresor Rodante', NULL);
INSERT INTO `eq_tipo` VALUES (15, 'Cosechadora', NULL);
INSERT INTO `eq_tipo` VALUES (16, 'Cultivador', NULL);
INSERT INTO `eq_tipo` VALUES (17, 'Desencontrada', NULL);
INSERT INTO `eq_tipo` VALUES (18, 'Desmalezadora', NULL);
INSERT INTO `eq_tipo` VALUES (19, 'Embolsadora', NULL);
INSERT INTO `eq_tipo` VALUES (20, 'Excavadora', NULL);
INSERT INTO `eq_tipo` VALUES (21, 'Exentrico', NULL);
INSERT INTO `eq_tipo` VALUES (22, 'Fertilizadora', NULL);
INSERT INTO `eq_tipo` VALUES (23, 'Moto', NULL);
INSERT INTO `eq_tipo` VALUES (24, 'Motoniveladora', NULL);
INSERT INTO `eq_tipo` VALUES (25, 'Niveladora', NULL);
INSERT INTO `eq_tipo` VALUES (26, 'Pala Hidraulica', NULL);
INSERT INTO `eq_tipo` VALUES (27, 'Pulverizador', NULL);
INSERT INTO `eq_tipo` VALUES (28, 'Rastra', NULL);
INSERT INTO `eq_tipo` VALUES (29, 'Rotativa', NULL);
INSERT INTO `eq_tipo` VALUES (30, 'Sacatroncos', NULL);
INSERT INTO `eq_tipo` VALUES (31, 'Sembradora', NULL);
INSERT INTO `eq_tipo` VALUES (32, 'Semirremolque', NULL);
INSERT INTO `eq_tipo` VALUES (33, 'Tanque Agua', NULL);
INSERT INTO `eq_tipo` VALUES (34, 'Tanque Cisterna', NULL);
INSERT INTO `eq_tipo` VALUES (35, 'Tolva Autodescargabl', NULL);
INSERT INTO `eq_tipo` VALUES (36, 'Topadora', NULL);
INSERT INTO `eq_tipo` VALUES (37, 'Tractor', NULL);
INSERT INTO `eq_tipo` VALUES (38, 'Tractor Jardin', NULL);
INSERT INTO `eq_tipo` VALUES (100, 'Desconocido', 5);

-- ----------------------------
-- Table structure for eq_transporte
-- ----------------------------
DROP TABLE IF EXISTS `eq_transporte`;
CREATE TABLE `eq_transporte`  (
  `id_transporte` bigint(11) NOT NULL AUTO_INCREMENT,
  `id_camion` bigint(11) NULL DEFAULT NULL,
  `id_acopaldo` bigint(11) NULL DEFAULT NULL,
  `id_chofer` bigint(11) NULL DEFAULT NULL,
  `nombre` varchar(100) CHARACTER SET utf8 COLLATE utf8_spanish_ci NULL DEFAULT '',
  `info` varchar(100) CHARACTER SET utf8 COLLATE utf8_spanish_ci NULL DEFAULT '',
  `estado` tinyint(1) NULL DEFAULT 1,
  PRIMARY KEY (`id_transporte`) USING BTREE,
  UNIQUE INDEX `fk_acoplado`(`id_acopaldo`) USING BTREE,
  UNIQUE INDEX `fk_cohofer`(`id_chofer`) USING BTREE,
  UNIQUE INDEX `ff_camoin`(`id_camion`) USING BTREE,
  CONSTRAINT `ff_camoin` FOREIGN KEY (`id_camion`) REFERENCES `eq_equipo` (`id_equipo`) ON DELETE CASCADE ON UPDATE CASCADE,
  CONSTRAINT `fk_acoplado` FOREIGN KEY (`id_acopaldo`) REFERENCES `eq_equipo` (`id_equipo`) ON DELETE CASCADE ON UPDATE CASCADE
) ENGINE = InnoDB AUTO_INCREMENT = 10 CHARACTER SET = utf8 COLLATE = utf8_spanish_ci ROW_FORMAT = Compact;

-- ----------------------------
-- Records of eq_transporte
-- ----------------------------
INSERT INTO `eq_transporte` VALUES (1, 59, 146, 17, '06', '', 1);
INSERT INTO `eq_transporte` VALUES (2, 73, 135, 25, '10', NULL, NULL);
INSERT INTO `eq_transporte` VALUES (3, 116, 113, 19, '01', NULL, NULL);
INSERT INTO `eq_transporte` VALUES (4, 61, 68, 28, '07', NULL, NULL);
INSERT INTO `eq_transporte` VALUES (5, 62, 134, 26, '08', NULL, NULL);
INSERT INTO `eq_transporte` VALUES (6, 72, 94, 21, '09', NULL, NULL);
INSERT INTO `eq_transporte` VALUES (7, 60, 95, 27, '05', NULL, NULL);
INSERT INTO `eq_transporte` VALUES (8, 51, 93, 24, '04', NULL, NULL);
INSERT INTO `eq_transporte` VALUES (9, 148, 136, 23, '02', NULL, NULL);

-- ----------------------------
-- Table structure for item
-- ----------------------------
DROP TABLE IF EXISTS `item`;
CREATE TABLE `item`  (
  `uuid` char(36) CHARACTER SET utf8 COLLATE utf8_spanish_ci NOT NULL,
  `nombre` varchar(255) CHARACTER SET utf8 COLLATE utf8_spanish_ci NULL DEFAULT NULL,
  `info` varchar(255) CHARACTER SET utf8 COLLATE utf8_spanish_ci NULL DEFAULT NULL,
  `codigo` char(6) CHARACTER SET utf8 COLLATE utf8_spanish_ci NULL DEFAULT NULL,
  `unidad` char(36) CHARACTER SET utf8 COLLATE utf8_spanish_ci NULL DEFAULT NULL,
  `marca` char(36) CHARACTER SET utf8 COLLATE utf8_spanish_ci NULL DEFAULT NULL,
  `created` timestamp(0) NULL DEFAULT NULL,
  `updated` timestamp(0) NULL DEFAULT NULL,
  PRIMARY KEY (`uuid`) USING BTREE
) ENGINE = InnoDB CHARACTER SET = utf8 COLLATE = utf8_spanish_ci ROW_FORMAT = Compact;

-- ----------------------------
-- Records of item
-- ----------------------------
INSERT INTO `item` VALUES ('08a4bd63-7977-4409-950f-5997fb41662b', 'name 3', 'info 3', NULL, NULL, NULL, '2020-05-05 17:35:09', '2020-05-05 17:35:09');
INSERT INTO `item` VALUES ('4c705a68-1ada-4ee8-8dff-225101559f84', 'name 5', 'info 5', NULL, NULL, NULL, '2020-05-05 17:35:10', '2020-05-05 17:35:10');
INSERT INTO `item` VALUES ('dcb2f221-d406-4c58-a24b-6d56a52ab717', 'name 2', 'info 2', NULL, NULL, NULL, '2020-05-05 17:35:09', '2020-05-05 17:35:09');
INSERT INTO `item` VALUES ('ea68d538-c5b0-4df2-a686-b754c279b3f0', 'name 4', 'info 4', NULL, NULL, NULL, '2020-05-05 17:35:09', '2020-05-05 17:35:09');
INSERT INTO `item` VALUES ('ef08f323-2e8b-4f2f-a79f-4e5bcde0fdc3', 'name 1', 'info 1', NULL, NULL, NULL, '2020-05-05 17:35:08', '2020-05-05 17:35:08');

-- ----------------------------
-- Table structure for ped_pedido
-- ----------------------------
DROP TABLE IF EXISTS `ped_pedido`;
CREATE TABLE `ped_pedido`  (
  `id_pedido` bigint(20) NOT NULL AUTO_INCREMENT,
  `id_repuesto` bigint(20) NULL DEFAULT NULL,
  `cantidad` double(11, 0) NULL DEFAULT NULL,
  `estado` int(11) NULL DEFAULT NULL,
  `fecha_fin` datetime(0) NULL DEFAULT NULL,
  `fecha_inicio` datetime(0) NULL DEFAULT NULL,
  `info` varchar(255) CHARACTER SET latin1 COLLATE latin1_swedish_ci NULL DEFAULT NULL,
  `id_empresa` bigint(20) NULL DEFAULT NULL,
  PRIMARY KEY (`id_pedido`) USING BTREE,
  INDEX `FK_pedido_empresa`(`id_empresa`) USING BTREE,
  INDEX `FK_pedido_repuesto`(`id_repuesto`) USING BTREE,
  CONSTRAINT `FK_pedido_empresa` FOREIGN KEY (`id_empresa`) REFERENCES `empresa` (`id_empresa`) ON DELETE CASCADE ON UPDATE CASCADE,
  CONSTRAINT `FK_pedido_repuesto` FOREIGN KEY (`id_repuesto`) REFERENCES `ped_repuesto` (`id_repuesto`) ON DELETE CASCADE ON UPDATE CASCADE
) ENGINE = InnoDB AUTO_INCREMENT = 440 CHARACTER SET = latin1 COLLATE = latin1_swedish_ci ROW_FORMAT = Compact;

-- ----------------------------
-- Records of ped_pedido
-- ----------------------------
INSERT INTO `ped_pedido` VALUES (100, 1031, 15, 2, '2019-06-22 00:00:00', '2019-05-23 00:00:00', 'Horacio', 850);
INSERT INTO `ped_pedido` VALUES (101, 1102, 25, 2, '2019-06-22 00:00:00', '2019-05-23 00:00:00', 'Horacio', 850);
INSERT INTO `ped_pedido` VALUES (102, 1098, 50, 2, '2019-06-22 00:00:00', '2019-05-23 00:00:00', 'Horacio', 850);
INSERT INTO `ped_pedido` VALUES (103, 339, 15, 2, '2019-06-22 00:00:00', '2019-05-23 00:00:00', 'Horacio', 850);
INSERT INTO `ped_pedido` VALUES (104, 340, 15, 2, '2019-06-22 00:00:00', '2019-05-23 00:00:00', 'Horacio', 850);
INSERT INTO `ped_pedido` VALUES (105, 265, 2, 2, '2019-06-22 00:00:00', '2019-05-23 00:00:00', 'Horacio', 850);
INSERT INTO `ped_pedido` VALUES (106, 1027, 25, 2, '2019-06-03 00:00:00', '2019-05-31 00:00:00', '', 850);
INSERT INTO `ped_pedido` VALUES (107, 854, 25, 2, '2019-06-03 00:00:00', '2019-05-31 00:00:00', '', 850);
INSERT INTO `ped_pedido` VALUES (108, 1203, 2, 2, '2019-06-03 00:00:00', '2019-05-31 00:00:00', '', 850);
INSERT INTO `ped_pedido` VALUES (109, 465, 4, 2, '2019-06-03 00:00:00', '2019-05-31 00:00:00', '', 850);
INSERT INTO `ped_pedido` VALUES (110, 1204, 2, 2, '2019-07-12 00:00:00', '2019-05-31 00:00:00', '', 850);
INSERT INTO `ped_pedido` VALUES (111, 1205, 1, 2, '2019-06-03 00:00:00', '2019-05-31 00:00:00', '', 850);
INSERT INTO `ped_pedido` VALUES (112, 1206, 1, 2, '2019-06-03 00:00:00', '2019-05-31 00:00:00', '', 850);
INSERT INTO `ped_pedido` VALUES (113, 1207, 1, 2, '2019-06-03 00:00:00', '2019-05-31 00:00:00', '', 850);
INSERT INTO `ped_pedido` VALUES (114, 499, 1, 2, '2019-06-03 00:00:00', '2019-05-31 00:00:00', '', 850);
INSERT INTO `ped_pedido` VALUES (115, 52, 50, 2, '2019-06-03 00:00:00', '2019-05-31 00:00:00', '', 850);
INSERT INTO `ped_pedido` VALUES (116, 1048, 30, 2, '2019-06-03 00:00:00', '2019-05-31 00:00:00', '', 850);
INSERT INTO `ped_pedido` VALUES (117, 1208, 2, 2, '2019-06-07 00:00:00', '2019-05-31 00:00:00', '', 286);
INSERT INTO `ped_pedido` VALUES (118, 67, 30, 2, '2019-06-03 00:00:00', '2019-05-31 00:00:00', '', 850);
INSERT INTO `ped_pedido` VALUES (119, 54, 10, 2, '2019-06-03 00:00:00', '2019-05-31 00:00:00', '', 850);
INSERT INTO `ped_pedido` VALUES (120, 1209, 1, 2, '2019-06-06 00:00:00', '2019-06-03 00:00:00', '', 850);
INSERT INTO `ped_pedido` VALUES (121, 1210, 1, 2, '2019-06-06 00:00:00', '2019-06-03 00:00:00', '', 850);
INSERT INTO `ped_pedido` VALUES (122, 1211, 6, 2, '2019-06-11 00:00:00', '2019-06-03 00:00:00', '', 850);
INSERT INTO `ped_pedido` VALUES (123, 1203, 2, 2, '2019-06-05 00:00:00', '2019-06-04 00:00:00', '', 850);
INSERT INTO `ped_pedido` VALUES (124, 1213, 1, 2, '2019-06-05 00:00:00', '2019-06-04 00:00:00', 'llego 3 el 11/06', 850);
INSERT INTO `ped_pedido` VALUES (125, 1212, 2, 2, '2019-06-05 00:00:00', '2019-06-04 00:00:00', 'llego 2 el 11/06', 850);
INSERT INTO `ped_pedido` VALUES (126, 51, 2, 2, '2019-06-11 00:00:00', '2019-06-06 00:00:00', '', 850);
INSERT INTO `ped_pedido` VALUES (127, 1214, 2, 2, '2019-06-11 00:00:00', '2019-06-06 00:00:00', '', 850);
INSERT INTO `ped_pedido` VALUES (128, 1215, 2, 2, '2019-06-11 00:00:00', '2019-06-06 00:00:00', '', 850);
INSERT INTO `ped_pedido` VALUES (129, 1216, 4, 2, '2019-06-11 00:00:00', '2019-06-06 00:00:00', '', 850);
INSERT INTO `ped_pedido` VALUES (130, 1217, 0, 2, '2019-06-22 00:00:00', '2019-06-06 00:00:00', 'llego 1 el 11/06, llego 1 el 13/06', 850);
INSERT INTO `ped_pedido` VALUES (131, 1218, 2, 3, '2019-06-13 00:00:00', '2019-06-06 00:00:00', 'No son', 850);
INSERT INTO `ped_pedido` VALUES (132, 1219, 4, 2, '2019-06-11 00:00:00', '2019-06-06 00:00:00', '', 850);
INSERT INTO `ped_pedido` VALUES (133, 1220, 1, 2, '2019-06-13 00:00:00', '2019-06-06 00:00:00', '', 850);
INSERT INTO `ped_pedido` VALUES (134, 243, 200, 2, '2019-06-11 00:00:00', '2019-06-07 00:00:00', '', 850);
INSERT INTO `ped_pedido` VALUES (135, 1106, 300, 2, '2019-06-11 00:00:00', '2019-06-07 00:00:00', '', 850);
INSERT INTO `ped_pedido` VALUES (136, 1221, 2, 2, '2019-06-10 00:00:00', '2019-06-07 00:00:00', '', 157);
INSERT INTO `ped_pedido` VALUES (137, 1222, 2, 2, '2019-06-10 00:00:00', '2019-06-07 00:00:00', '', 157);
INSERT INTO `ped_pedido` VALUES (138, 1223, 4, 2, '2019-06-10 00:00:00', '2019-06-07 00:00:00', '', 157);
INSERT INTO `ped_pedido` VALUES (139, 1224, 4, 2, '2019-06-10 00:00:00', '2019-06-07 00:00:00', '', 157);
INSERT INTO `ped_pedido` VALUES (140, 1225, 3, 2, '2019-06-10 00:00:00', '2019-06-07 00:00:00', '', 157);
INSERT INTO `ped_pedido` VALUES (141, 1226, 2, 2, '2019-06-10 00:00:00', '2019-06-07 00:00:00', '', 157);
INSERT INTO `ped_pedido` VALUES (142, 1227, 1, 2, '2019-06-15 00:00:00', '2019-06-13 00:00:00', '', 850);
INSERT INTO `ped_pedido` VALUES (143, 638, 2, 2, '2019-06-15 00:00:00', '2019-06-13 00:00:00', '', 850);
INSERT INTO `ped_pedido` VALUES (144, 564, 0, 3, '2019-06-13 00:00:00', '2019-06-13 00:00:00', 'Alternativas', 850);
INSERT INTO `ped_pedido` VALUES (145, 565, 0, 3, '2019-06-13 00:00:00', '2019-06-13 00:00:00', 'Alternativas', 850);
INSERT INTO `ped_pedido` VALUES (146, 564, 39, 2, '2019-06-13 00:00:00', '2019-06-13 00:00:00', '', 850);
INSERT INTO `ped_pedido` VALUES (147, 565, 30, 2, '2019-06-15 00:00:00', '2019-06-13 00:00:00', '', 850);
INSERT INTO `ped_pedido` VALUES (148, 1040, 2, 2, '2019-06-15 00:00:00', '2019-06-13 00:00:00', '', 850);
INSERT INTO `ped_pedido` VALUES (149, 836, 1, 2, '2019-06-15 00:00:00', '2019-06-13 00:00:00', '', 850);
INSERT INTO `ped_pedido` VALUES (150, 1228, 1, 2, '2019-05-26 00:00:00', '2019-06-13 00:00:00', '', 850);
INSERT INTO `ped_pedido` VALUES (151, 1229, 2, 2, '2019-06-19 00:00:00', '2019-06-13 00:00:00', '', 286);
INSERT INTO `ped_pedido` VALUES (152, 1230, 4, 2, '2019-06-19 00:00:00', '2019-06-13 00:00:00', '', 286);
INSERT INTO `ped_pedido` VALUES (153, 1231, 40, 2, '2019-06-13 00:00:00', '2019-06-13 00:00:00', '', 850);
INSERT INTO `ped_pedido` VALUES (154, 1232, 40, 2, '2019-06-13 00:00:00', '2019-06-13 00:00:00', '', 850);
INSERT INTO `ped_pedido` VALUES (155, 565, 8, 2, '2019-06-13 00:00:00', '2019-06-13 00:00:00', '15/06/2019 llegaron 30', 850);
INSERT INTO `ped_pedido` VALUES (156, 762, 10, 2, '2019-06-22 00:00:00', '2019-06-18 00:00:00', '', 850);
INSERT INTO `ped_pedido` VALUES (157, 836, 1, 2, '2019-06-22 00:00:00', '2019-06-18 00:00:00', '', 850);
INSERT INTO `ped_pedido` VALUES (158, 195, 1, 2, '2019-06-22 00:00:00', '2019-06-18 00:00:00', '', 850);
INSERT INTO `ped_pedido` VALUES (159, 25, 1, 2, '2019-06-22 00:00:00', '2019-06-18 00:00:00', '', 850);
INSERT INTO `ped_pedido` VALUES (160, 1233, 1, 2, '2019-06-22 00:00:00', '2019-06-18 00:00:00', '', 850);
INSERT INTO `ped_pedido` VALUES (161, 1234, 1, 2, '2019-06-22 00:00:00', '2019-06-18 00:00:00', '', 850);
INSERT INTO `ped_pedido` VALUES (162, 564, 1, 2, '2019-07-12 00:00:00', '2019-06-13 00:00:00', '13/06/2019 llegaron 39', 850);
INSERT INTO `ped_pedido` VALUES (163, 565, 2, 2, '2019-07-12 00:00:00', '2019-06-13 00:00:00', '13/06/2019 llegaron 8', 850);
INSERT INTO `ped_pedido` VALUES (164, 243, 100, 2, '2019-06-13 00:00:00', '2019-06-07 00:00:00', '11/06/2019 llegaron 200', 850);
INSERT INTO `ped_pedido` VALUES (165, 1203, 4, 2, '2019-07-12 00:00:00', '2019-06-04 00:00:00', '05/06/2019 llegaron 2', 850);
INSERT INTO `ped_pedido` VALUES (166, 1235, 3, 2, '2019-06-22 00:00:00', '2019-06-21 00:00:00', '', 157);
INSERT INTO `ped_pedido` VALUES (167, 49, 2, 2, '2019-07-12 00:00:00', '2019-06-21 00:00:00', '', 850);
INSERT INTO `ped_pedido` VALUES (168, 1235, 1, 2, '2019-07-27 00:00:00', '2019-06-21 00:00:00', '22/06/2019 llegaron 3', 157);
INSERT INTO `ped_pedido` VALUES (169, 1236, 11, 2, '2019-06-26 00:00:00', '2019-06-24 00:00:00', '', 850);
INSERT INTO `ped_pedido` VALUES (170, 52, 50, 2, '2019-07-05 00:00:00', '2019-07-02 00:00:00', '', 850);
INSERT INTO `ped_pedido` VALUES (171, 1237, 1, 2, '2019-07-05 00:00:00', '2019-07-02 00:00:00', '', 850);
INSERT INTO `ped_pedido` VALUES (172, 1238, 2, 2, '2019-07-05 00:00:00', '2019-07-04 00:00:00', '', 850);
INSERT INTO `ped_pedido` VALUES (173, 670, 1, 2, '2019-07-05 00:00:00', '2019-07-02 00:00:00', '', 850);
INSERT INTO `ped_pedido` VALUES (174, 1074, 1, 2, '2019-07-19 00:00:00', '2019-07-10 00:00:00', '', 850);
INSERT INTO `ped_pedido` VALUES (175, 1239, 1, 2, '2019-07-17 00:00:00', '2019-07-10 00:00:00', '', 850);
INSERT INTO `ped_pedido` VALUES (176, 1240, 1, 2, '2019-07-17 00:00:00', '2019-07-10 00:00:00', '', 850);
INSERT INTO `ped_pedido` VALUES (177, 1241, 1, 2, '2019-07-17 00:00:00', '2019-07-10 00:00:00', '', 850);
INSERT INTO `ped_pedido` VALUES (178, 1242, 1, 2, '2019-07-17 00:00:00', '2019-07-10 00:00:00', '', 850);
INSERT INTO `ped_pedido` VALUES (179, 1240, 1, 2, '2019-07-17 00:00:00', '2019-07-10 00:00:00', '', 850);
INSERT INTO `ped_pedido` VALUES (180, 1074, 1, 2, '2019-07-19 00:00:00', '2019-07-10 00:00:00', '', 850);
INSERT INTO `ped_pedido` VALUES (181, 1243, 2, 2, '2019-07-12 00:00:00', '2019-07-10 00:00:00', '', 850);
INSERT INTO `ped_pedido` VALUES (182, 321, 4, 2, '2019-07-19 00:00:00', '2019-07-15 00:00:00', '', 850);
INSERT INTO `ped_pedido` VALUES (183, 1033, 2, 2, '2019-07-19 00:00:00', '2019-07-15 00:00:00', '', 850);
INSERT INTO `ped_pedido` VALUES (184, 1116, 2, 2, '2019-07-17 00:00:00', '2019-07-15 00:00:00', '', 850);
INSERT INTO `ped_pedido` VALUES (185, 1244, 2, 2, '2019-07-19 00:00:00', '2019-07-15 00:00:00', '', 850);
INSERT INTO `ped_pedido` VALUES (186, 1245, 2, 2, '2019-07-19 00:00:00', '2019-07-15 00:00:00', '', 850);
INSERT INTO `ped_pedido` VALUES (187, 1246, 2, 2, '2019-07-19 00:00:00', '2019-07-15 00:00:00', '', 850);
INSERT INTO `ped_pedido` VALUES (188, 1247, 2, 2, '2019-07-19 00:00:00', '2019-07-15 00:00:00', '', 850);
INSERT INTO `ped_pedido` VALUES (189, 1248, 4, 2, '2019-07-19 00:00:00', '2019-07-15 00:00:00', '', 850);
INSERT INTO `ped_pedido` VALUES (190, 1249, 2, 2, '2019-07-19 00:00:00', '2019-07-15 00:00:00', '', 850);
INSERT INTO `ped_pedido` VALUES (191, 1250, 8, 2, '2019-07-19 00:00:00', '2019-07-15 00:00:00', '', 850);
INSERT INTO `ped_pedido` VALUES (192, 329, 1, 2, '2019-07-25 00:00:00', '2019-07-22 00:00:00', '', 850);
INSERT INTO `ped_pedido` VALUES (193, 1251, 2, 2, '2019-07-25 00:00:00', '2019-07-22 00:00:00', '', 850);
INSERT INTO `ped_pedido` VALUES (194, 1252, 3, 2, '2019-07-25 00:00:00', '2019-07-22 00:00:00', '', 850);
INSERT INTO `ped_pedido` VALUES (195, 497, 6, 2, '2019-07-25 00:00:00', '2019-07-22 00:00:00', '', 850);
INSERT INTO `ped_pedido` VALUES (196, 524, 4, 2, '2019-07-25 00:00:00', '2019-07-22 00:00:00', '', 850);
INSERT INTO `ped_pedido` VALUES (197, 1227, 2, 2, '2019-07-25 00:00:00', '2019-07-22 00:00:00', '', 850);
INSERT INTO `ped_pedido` VALUES (198, 1253, 1, 2, '2019-07-27 00:00:00', '2019-07-26 00:00:00', '', 157);
INSERT INTO `ped_pedido` VALUES (199, 672, 1, 2, '2019-08-12 00:00:00', '2019-08-02 00:00:00', '20 mts', 850);
INSERT INTO `ped_pedido` VALUES (200, 1224, 0, 2, '2019-08-02 00:00:00', '2019-08-02 00:00:00', '', 157);
INSERT INTO `ped_pedido` VALUES (201, 1225, 1, 2, '2019-08-03 00:00:00', '2019-08-02 00:00:00', '', 157);
INSERT INTO `ped_pedido` VALUES (202, 1223, 4, 2, '2019-08-03 00:00:00', '2019-08-02 00:00:00', '', 157);
INSERT INTO `ped_pedido` VALUES (203, 1226, 5, 2, '2019-08-03 00:00:00', '2019-08-02 00:00:00', '', 157);
INSERT INTO `ped_pedido` VALUES (204, 1224, 5, 2, '2019-08-03 00:00:00', '2019-08-02 00:00:00', '', 157);
INSERT INTO `ped_pedido` VALUES (205, 1255, 4, 2, '2019-08-03 00:00:00', '2019-08-02 00:00:00', '', 157);
INSERT INTO `ped_pedido` VALUES (206, 1254, 2, 2, '2019-08-03 00:00:00', '2019-08-02 00:00:00', '', 157);
INSERT INTO `ped_pedido` VALUES (207, 850, 2, 2, '2019-08-09 00:00:00', '2019-08-02 00:00:00', '', 850);
INSERT INTO `ped_pedido` VALUES (208, 604, 2, 2, '2019-08-09 00:00:00', '2019-08-02 00:00:00', '', 850);
INSERT INTO `ped_pedido` VALUES (209, 700, 20, 2, '2019-08-09 00:00:00', '2019-08-02 00:00:00', '', 850);
INSERT INTO `ped_pedido` VALUES (210, 1256, 2, 2, '2019-08-13 00:00:00', '2019-08-05 00:00:00', '', 948);
INSERT INTO `ped_pedido` VALUES (211, 1257, 2, 2, '2019-08-13 00:00:00', '2019-08-05 00:00:00', '', 948);
INSERT INTO `ped_pedido` VALUES (212, 1258, 1, 2, '2019-08-09 00:00:00', '2019-08-06 00:00:00', '', 850);
INSERT INTO `ped_pedido` VALUES (213, 1259, 1, 2, '2019-08-12 00:00:00', '2019-08-07 00:00:00', '', 850);
INSERT INTO `ped_pedido` VALUES (214, 793, 1, 2, '2019-08-12 00:00:00', '2019-08-07 00:00:00', '', 850);
INSERT INTO `ped_pedido` VALUES (215, 131, 1, 2, '2019-08-12 00:00:00', '2019-08-07 00:00:00', '', 850);
INSERT INTO `ped_pedido` VALUES (216, 794, 1, 2, '2019-08-12 00:00:00', '2019-08-07 00:00:00', '', 850);
INSERT INTO `ped_pedido` VALUES (217, 617, 1, 2, '2019-08-12 00:00:00', '2019-08-07 00:00:00', '', 850);
INSERT INTO `ped_pedido` VALUES (218, 787, 1, 2, '2019-08-12 00:00:00', '2019-08-07 00:00:00', '', 850);
INSERT INTO `ped_pedido` VALUES (219, 1227, 1, 2, '2019-08-12 00:00:00', '2019-08-07 00:00:00', '', 850);
INSERT INTO `ped_pedido` VALUES (220, 1112, 1, 2, '2019-08-12 00:00:00', '2019-08-07 00:00:00', '', 850);
INSERT INTO `ped_pedido` VALUES (221, 822, 1, 2, '2019-08-12 00:00:00', '2019-08-07 00:00:00', '', 850);
INSERT INTO `ped_pedido` VALUES (222, 1260, 2, 2, '2019-08-12 00:00:00', '2019-08-08 00:00:00', '', 850);
INSERT INTO `ped_pedido` VALUES (223, 1261, 2, 2, '2019-11-12 00:00:00', '2019-08-08 00:00:00', 'Lllego uno derecho y otro izquierdo', 850);
INSERT INTO `ped_pedido` VALUES (224, 1262, 2, 2, '2019-08-12 00:00:00', '2019-08-08 00:00:00', '', 850);
INSERT INTO `ped_pedido` VALUES (225, 1263, 1, 2, '2019-08-12 00:00:00', '2019-08-08 00:00:00', '', 850);
INSERT INTO `ped_pedido` VALUES (226, 504, 2, 2, '2019-08-12 00:00:00', '2019-08-08 00:00:00', '', 850);
INSERT INTO `ped_pedido` VALUES (227, 51, 25, 3, NULL, '2019-08-08 00:00:00', '', 850);
INSERT INTO `ped_pedido` VALUES (228, 54, 10, 2, '2019-08-12 00:00:00', '2019-08-08 00:00:00', '', 850);
INSERT INTO `ped_pedido` VALUES (229, 51, 5, 2, '2019-09-30 00:00:00', '2019-08-08 00:00:00', '', 850);
INSERT INTO `ped_pedido` VALUES (230, 67, 10, 2, '2019-08-12 00:00:00', '2019-08-08 00:00:00', '', 850);
INSERT INTO `ped_pedido` VALUES (231, 52, 25, 2, '2019-08-12 00:00:00', '2019-08-08 00:00:00', '', 850);
INSERT INTO `ped_pedido` VALUES (232, 1264, 1, 2, '2019-09-06 00:00:00', '2019-08-09 00:00:00', '', 850);
INSERT INTO `ped_pedido` VALUES (233, 292, 1, 2, '2019-08-09 00:00:00', '2019-08-09 00:00:00', '', 850);
INSERT INTO `ped_pedido` VALUES (234, 1265, 1, 2, '2019-08-16 00:00:00', '2019-08-09 00:00:00', '', 850);
INSERT INTO `ped_pedido` VALUES (235, 1266, 1, 2, '2019-08-24 00:00:00', '2019-08-09 00:00:00', '', 850);
INSERT INTO `ped_pedido` VALUES (236, 1267, 1, 2, '2019-08-24 00:00:00', '2019-08-09 00:00:00', '', 850);
INSERT INTO `ped_pedido` VALUES (237, 262, 10, 2, '2019-09-30 00:00:00', '2019-08-09 00:00:00', '', 850);
INSERT INTO `ped_pedido` VALUES (238, 1268, 5, 2, '2019-08-12 00:00:00', '2019-08-12 00:00:00', '', 850);
INSERT INTO `ped_pedido` VALUES (239, 1269, 3, 2, '2019-08-15 00:00:00', '2019-08-12 00:00:00', '', 850);
INSERT INTO `ped_pedido` VALUES (240, 1270, 3, 2, '2019-08-12 00:00:00', '2019-08-12 00:00:00', '', 850);
INSERT INTO `ped_pedido` VALUES (241, 535, 3, 2, '2019-08-12 00:00:00', '2019-08-12 00:00:00', '', 850);
INSERT INTO `ped_pedido` VALUES (242, 1271, 1, 2, '2019-09-11 00:00:00', '2019-08-12 00:00:00', '', 850);
INSERT INTO `ped_pedido` VALUES (243, 1272, 1, 2, '2019-08-15 00:00:00', '2019-08-12 00:00:00', '', 850);
INSERT INTO `ped_pedido` VALUES (244, 1273, 6, 2, '2019-08-15 00:00:00', '2019-08-12 00:00:00', '', 850);
INSERT INTO `ped_pedido` VALUES (245, 169, 11, 2, '2019-08-12 00:00:00', '2019-08-12 00:00:00', '', 850);
INSERT INTO `ped_pedido` VALUES (246, 1274, 1, 2, '2019-08-15 00:00:00', '2019-08-12 00:00:00', '', 850);
INSERT INTO `ped_pedido` VALUES (247, 807, 1, 2, '2019-08-12 00:00:00', '2019-08-12 00:00:00', ' ', 850);
INSERT INTO `ped_pedido` VALUES (248, 1145, 1, 2, '2019-08-15 00:00:00', '2019-08-12 00:00:00', '', 850);
INSERT INTO `ped_pedido` VALUES (249, 372, 1, 2, '2019-08-15 00:00:00', '2019-08-12 00:00:00', '', 850);
INSERT INTO `ped_pedido` VALUES (250, 1275, 1, 2, '2019-08-15 00:00:00', '2019-08-15 00:00:00', '', 850);
INSERT INTO `ped_pedido` VALUES (251, 1276, 1, 2, '2019-08-15 00:00:00', '2019-08-15 00:00:00', '', 850);
INSERT INTO `ped_pedido` VALUES (252, 1277, 1, 2, '2019-08-15 00:00:00', '2019-08-15 00:00:00', 'Llega por Garantia', 850);
INSERT INTO `ped_pedido` VALUES (253, 1278, 4, 2, '2019-09-11 00:00:00', '2019-08-16 00:00:00', '', 948);
INSERT INTO `ped_pedido` VALUES (254, 524, 6, 2, '2019-08-16 00:00:00', '2019-08-16 00:00:00', '', 850);
INSERT INTO `ped_pedido` VALUES (255, 1279, 3, 2, '2019-08-16 00:00:00', '2019-08-16 00:00:00', '', 850);
INSERT INTO `ped_pedido` VALUES (256, 513, 2, 2, '2019-08-16 00:00:00', '2019-08-16 00:00:00', '', 850);
INSERT INTO `ped_pedido` VALUES (257, 514, 2, 2, '2019-08-16 00:00:00', '2019-08-16 00:00:00', '', 850);
INSERT INTO `ped_pedido` VALUES (258, 524, 6, 2, '2019-08-16 00:00:00', '2019-08-16 00:00:00', '', 850);
INSERT INTO `ped_pedido` VALUES (259, 507, 4, 2, '2019-08-16 00:00:00', '2019-08-16 00:00:00', '', 850);
INSERT INTO `ped_pedido` VALUES (260, 1153, 6, 2, '2019-08-16 00:00:00', '2019-08-16 00:00:00', '', 850);
INSERT INTO `ped_pedido` VALUES (261, 1153, 6, 3, NULL, '2019-08-16 00:00:00', '', 850);
INSERT INTO `ped_pedido` VALUES (262, 527, 2, 2, '2019-08-16 00:00:00', '2019-08-16 00:00:00', '', 850);
INSERT INTO `ped_pedido` VALUES (263, 467, 6, 3, '2019-08-24 00:00:00', '2019-08-16 00:00:00', 'Llego por equivocacion', 850);
INSERT INTO `ped_pedido` VALUES (264, 477, 2, 2, '2019-09-30 00:00:00', '2019-08-21 00:00:00', '', 850);
INSERT INTO `ped_pedido` VALUES (265, 1280, 2, 3, NULL, '2019-08-21 00:00:00', '', 850);
INSERT INTO `ped_pedido` VALUES (266, 926, 1, 2, '2019-08-24 00:00:00', '2019-08-21 00:00:00', '', 850);
INSERT INTO `ped_pedido` VALUES (267, 502, 3, 2, '2019-09-30 00:00:00', '2019-08-22 00:00:00', '', 850);
INSERT INTO `ped_pedido` VALUES (268, 503, 3, 2, '2019-11-02 00:00:00', '2019-08-22 00:00:00', '', 850);
INSERT INTO `ped_pedido` VALUES (269, 604, 2, 2, '2019-09-30 00:00:00', '2019-08-22 00:00:00', '', 850);
INSERT INTO `ped_pedido` VALUES (270, 1281, 2, 2, '2019-09-30 00:00:00', '2019-08-22 00:00:00', '', 850);
INSERT INTO `ped_pedido` VALUES (271, 1282, 2, 2, '2019-09-30 00:00:00', '2019-08-22 00:00:00', '', 850);
INSERT INTO `ped_pedido` VALUES (272, 1283, 2, 2, '2019-09-30 00:00:00', '2019-08-22 00:00:00', '', 850);
INSERT INTO `ped_pedido` VALUES (273, 1284, 30, 2, '2019-08-21 00:00:00', '2019-08-16 00:00:00', '', 241);
INSERT INTO `ped_pedido` VALUES (274, 1285, 40, 2, '2019-08-21 00:00:00', '2019-08-16 00:00:00', '', 241);
INSERT INTO `ped_pedido` VALUES (275, 807, 1, 2, '2019-08-27 00:00:00', '2019-08-26 00:00:00', '', 850);
INSERT INTO `ped_pedido` VALUES (276, 1189, 2, 2, '2019-08-28 00:00:00', '2019-08-27 00:00:00', '', 850);
INSERT INTO `ped_pedido` VALUES (277, 1286, 6, 2, '2019-08-24 00:00:00', '2019-08-21 00:00:00', '', 850);
INSERT INTO `ped_pedido` VALUES (278, 592, 2, 2, '2019-09-14 00:00:00', '2019-08-28 00:00:00', '', 850);
INSERT INTO `ped_pedido` VALUES (279, 960, 1, 2, '2019-09-14 00:00:00', '2019-08-28 00:00:00', '', 850);
INSERT INTO `ped_pedido` VALUES (280, 501, 2, 2, '2019-09-14 00:00:00', '2019-08-28 00:00:00', '', 850);
INSERT INTO `ped_pedido` VALUES (281, 1287, 3, 3, NULL, '2019-08-29 00:00:00', '', 850);
INSERT INTO `ped_pedido` VALUES (282, 1289, 10, 2, '2019-09-06 00:00:00', '2019-08-29 00:00:00', '', 850);
INSERT INTO `ped_pedido` VALUES (283, 1290, 1, 2, '2019-08-30 00:00:00', '2019-08-29 00:00:00', '', 157);
INSERT INTO `ped_pedido` VALUES (284, 527, 4, 2, '2019-09-06 00:00:00', '2019-09-04 00:00:00', '', 850);
INSERT INTO `ped_pedido` VALUES (285, 497, 6, 2, '2019-09-06 00:00:00', '2019-09-04 00:00:00', '', 850);
INSERT INTO `ped_pedido` VALUES (286, 1291, 1, 2, '2019-09-02 00:00:00', '2019-08-29 00:00:00', '', 157);
INSERT INTO `ped_pedido` VALUES (287, 1223, 3, 2, '2019-09-06 00:00:00', '2019-09-05 00:00:00', '', 157);
INSERT INTO `ped_pedido` VALUES (288, 1292, 6, 2, '2019-09-06 00:00:00', '2019-09-05 00:00:00', '', 157);
INSERT INTO `ped_pedido` VALUES (289, 1255, 4, 2, '2019-09-06 00:00:00', '2019-09-05 00:00:00', '', 157);
INSERT INTO `ped_pedido` VALUES (290, 52, 25, 2, '2019-09-06 00:00:00', '2019-09-05 00:00:00', '', 850);
INSERT INTO `ped_pedido` VALUES (291, 552, 2, 2, '2019-09-11 00:00:00', '2019-09-09 00:00:00', '', 850);
INSERT INTO `ped_pedido` VALUES (292, 1293, 5, 3, NULL, '2019-09-09 00:00:00', '', 241);
INSERT INTO `ped_pedido` VALUES (293, 646, 1, 2, '2019-09-13 00:00:00', '2019-09-10 00:00:00', '', 850);
INSERT INTO `ped_pedido` VALUES (294, 1294, 1, 2, '2019-09-14 00:00:00', '2019-09-10 00:00:00', '', 850);
INSERT INTO `ped_pedido` VALUES (295, 297, 1, 2, '2019-09-14 00:00:00', '2019-09-11 00:00:00', '', 850);
INSERT INTO `ped_pedido` VALUES (296, 298, 1, 2, '2019-09-14 00:00:00', '2019-09-11 00:00:00', '', 850);
INSERT INTO `ped_pedido` VALUES (297, 1295, 1, 2, '2019-09-14 00:00:00', '2019-09-11 00:00:00', '', 850);
INSERT INTO `ped_pedido` VALUES (298, 1298, 2, 2, '2019-09-21 00:00:00', '2019-09-13 00:00:00', '', 241);
INSERT INTO `ped_pedido` VALUES (299, 1299, 1, 2, '2019-09-24 00:00:00', '2019-09-19 00:00:00', '', 850);
INSERT INTO `ped_pedido` VALUES (300, 1300, 12, 2, '2019-09-24 00:00:00', '2019-09-19 00:00:00', 'un varrilla era codigo R85027', 850);
INSERT INTO `ped_pedido` VALUES (301, 1301, 1, 3, '2019-09-24 00:00:00', '2019-09-19 00:00:00', 'Se pidio mal', 850);
INSERT INTO `ped_pedido` VALUES (302, 79, 1, 2, '2019-09-21 00:00:00', '2019-09-20 00:00:00', '', 850);
INSERT INTO `ped_pedido` VALUES (303, 54, 10, 2, '2019-09-25 00:00:00', '2019-09-23 00:00:00', '', 850);
INSERT INTO `ped_pedido` VALUES (304, 534, 3, 2, '2019-09-25 00:00:00', '2019-09-23 00:00:00', '', 850);
INSERT INTO `ped_pedido` VALUES (305, 1172, 3, 2, '2019-09-25 00:00:00', '2019-09-23 00:00:00', '', 850);
INSERT INTO `ped_pedido` VALUES (306, 487, 6, 2, '2019-09-25 00:00:00', '2019-09-23 00:00:00', '', 850);
INSERT INTO `ped_pedido` VALUES (307, 79, 1, 2, '2019-09-25 00:00:00', '2019-10-03 00:00:00', '', 850);
INSERT INTO `ped_pedido` VALUES (308, 1298, 2, 2, '2019-11-12 00:00:00', '2019-09-24 00:00:00', '', 241);
INSERT INTO `ped_pedido` VALUES (309, 1302, 2, 2, '2019-10-24 00:00:00', '2019-09-26 00:00:00', '', 850);
INSERT INTO `ped_pedido` VALUES (310, 165, 2, 2, '2019-10-24 00:00:00', '2019-09-26 00:00:00', '', 850);
INSERT INTO `ped_pedido` VALUES (311, 901, 200, 2, '2019-10-04 00:00:00', '2019-10-01 00:00:00', '', 850);
INSERT INTO `ped_pedido` VALUES (312, 872, 100, 3, '2019-10-15 00:00:00', '2019-10-03 00:00:00', 'Se encargaron alternativo de Godoy Poviña', 850);
INSERT INTO `ped_pedido` VALUES (313, 873, 100, 3, '2019-10-15 00:00:00', '2019-10-03 00:00:00', 'Se encargaron alternativo de Godoy Poviña', 850);
INSERT INTO `ped_pedido` VALUES (314, 1303, 1, 2, '2019-10-16 00:00:00', '2019-10-03 00:00:00', '', 850);
INSERT INTO `ped_pedido` VALUES (315, 1304, 1, 2, '2019-10-04 00:00:00', '2019-10-03 00:00:00', '', 850);
INSERT INTO `ped_pedido` VALUES (316, 1222, 2, 2, '2019-10-09 00:00:00', '2019-10-03 00:00:00', '2017', 157);
INSERT INTO `ped_pedido` VALUES (317, 1305, 2, 2, '2019-10-09 00:00:00', '2019-10-03 00:00:00', '', 157);
INSERT INTO `ped_pedido` VALUES (318, 550, 10, 2, '2019-10-16 00:00:00', '2019-10-04 00:00:00', '', 850);
INSERT INTO `ped_pedido` VALUES (319, 774, 10, 2, '2019-10-16 00:00:00', '2019-10-04 00:00:00', '', 850);
INSERT INTO `ped_pedido` VALUES (320, 1253, 1, 2, '2019-10-09 00:00:00', '2019-10-07 00:00:00', '', 157);
INSERT INTO `ped_pedido` VALUES (321, 1306, 8, 2, '2019-10-11 00:00:00', '2019-10-07 00:00:00', '', 850);
INSERT INTO `ped_pedido` VALUES (322, 1307, 8, 2, '2019-10-11 00:00:00', '2019-10-07 00:00:00', '', 850);
INSERT INTO `ped_pedido` VALUES (323, 170, 8, 2, '2019-10-11 00:00:00', '2019-10-07 00:00:00', '', 850);
INSERT INTO `ped_pedido` VALUES (324, 1308, 6, 2, '2019-10-11 00:00:00', '2019-10-07 00:00:00', '', 850);
INSERT INTO `ped_pedido` VALUES (325, 853, 8, 2, '2019-10-11 00:00:00', '2019-10-07 00:00:00', '', 850);
INSERT INTO `ped_pedido` VALUES (326, 342, 4, 2, '2019-10-11 00:00:00', '2019-10-07 00:00:00', '', 850);
INSERT INTO `ped_pedido` VALUES (327, 918, 2, 2, '2019-10-11 00:00:00', '2019-10-07 00:00:00', '', 850);
INSERT INTO `ped_pedido` VALUES (328, 858, 4, 2, '2019-10-11 00:00:00', '2019-10-07 00:00:00', '', 850);
INSERT INTO `ped_pedido` VALUES (329, 97, 2, 2, '2019-10-11 00:00:00', '2019-10-07 00:00:00', '', 850);
INSERT INTO `ped_pedido` VALUES (330, 1309, 2, 2, '2019-10-11 00:00:00', '2019-10-07 00:00:00', '', 850);
INSERT INTO `ped_pedido` VALUES (331, 648, 2, 2, '2019-10-11 00:00:00', '2019-10-07 00:00:00', '', 850);
INSERT INTO `ped_pedido` VALUES (332, 649, 2, 2, '2019-10-11 00:00:00', '2019-10-07 00:00:00', '', 850);
INSERT INTO `ped_pedido` VALUES (333, 1284, 30, 2, '2019-10-15 00:00:00', '2019-10-07 00:00:00', '', 241);
INSERT INTO `ped_pedido` VALUES (334, 52, 25, 2, '2019-10-11 00:00:00', '2019-10-07 00:00:00', '', 850);
INSERT INTO `ped_pedido` VALUES (335, 1310, 4, 2, '2019-10-11 00:00:00', '2019-10-08 00:00:00', '', 850);
INSERT INTO `ped_pedido` VALUES (336, 1311, 8, 2, '2019-10-11 00:00:00', '2019-10-08 00:00:00', '', 850);
INSERT INTO `ped_pedido` VALUES (337, 1312, 1, 2, '2019-10-09 00:00:00', '2019-10-03 00:00:00', '', 157);
INSERT INTO `ped_pedido` VALUES (338, 1313, 1, 2, '2019-10-09 00:00:00', '2019-10-03 00:00:00', '', 157);
INSERT INTO `ped_pedido` VALUES (339, 1314, 1, 2, '2019-10-09 00:00:00', '2019-10-03 00:00:00', '', 157);
INSERT INTO `ped_pedido` VALUES (340, 1315, 1, 2, '2019-10-09 00:00:00', '2019-10-03 00:00:00', '', 157);
INSERT INTO `ped_pedido` VALUES (341, 536, 3, 2, '2019-10-16 00:00:00', '2019-10-15 00:00:00', '', 850);
INSERT INTO `ped_pedido` VALUES (342, 777, 4, 2, '2019-10-24 00:00:00', '2019-10-15 00:00:00', '', 850);
INSERT INTO `ped_pedido` VALUES (343, 1226, 6, 2, '2019-10-16 00:00:00', '2019-10-15 00:00:00', '', 157);
INSERT INTO `ped_pedido` VALUES (344, 1255, 5, 2, '2019-10-16 00:00:00', '2019-10-15 00:00:00', '', 157);
INSERT INTO `ped_pedido` VALUES (345, 1224, 4, 2, '2019-10-16 00:00:00', '2019-10-15 00:00:00', '', 157);
INSERT INTO `ped_pedido` VALUES (346, 1316, 2, 2, '2019-10-26 00:00:00', '2019-10-24 00:00:00', '', 850);
INSERT INTO `ped_pedido` VALUES (347, 1317, 16, 2, '2019-10-26 00:00:00', '2019-10-25 00:00:00', '', 850);
INSERT INTO `ped_pedido` VALUES (348, 257, 1, 2, '2019-10-31 00:00:00', '2019-10-28 00:00:00', '', 850);
INSERT INTO `ped_pedido` VALUES (349, 1318, 1, 2, '2019-10-31 00:00:00', '2019-10-28 00:00:00', '', 850);
INSERT INTO `ped_pedido` VALUES (350, 1319, 1, 2, '2019-10-31 00:00:00', '2019-10-28 00:00:00', '', 850);
INSERT INTO `ped_pedido` VALUES (351, 608, 3, 2, '2019-10-31 00:00:00', '2019-10-29 00:00:00', '', 850);
INSERT INTO `ped_pedido` VALUES (352, 52, 50, 2, '2019-10-31 00:00:00', '2019-10-29 00:00:00', '', 850);
INSERT INTO `ped_pedido` VALUES (353, 356, 20, 2, '2019-10-31 00:00:00', '2019-10-30 00:00:00', '', 850);
INSERT INTO `ped_pedido` VALUES (354, 1320, 6, 2, '2019-10-31 00:00:00', '2019-10-30 00:00:00', '', 850);
INSERT INTO `ped_pedido` VALUES (355, 1320, 2, 2, '2020-02-03 00:00:00', '2019-10-30 00:00:00', '31/10/2019 llegaron 6', 850);
INSERT INTO `ped_pedido` VALUES (356, 54, 10, 2, '2019-11-05 00:00:00', '2019-11-01 00:00:00', '', 850);
INSERT INTO `ped_pedido` VALUES (357, 497, 5, 2, '2019-11-05 00:00:00', '2019-11-01 00:00:00', '', 850);
INSERT INTO `ped_pedido` VALUES (358, 485, 5, 2, '2019-11-05 00:00:00', '2019-11-01 00:00:00', '', 850);
INSERT INTO `ped_pedido` VALUES (359, 608, 3, 2, '2019-11-05 00:00:00', '2019-11-01 00:00:00', '', 850);
INSERT INTO `ped_pedido` VALUES (360, 1283, 3, 2, '2019-11-05 00:00:00', '2019-11-01 00:00:00', '', 850);
INSERT INTO `ped_pedido` VALUES (361, 720, 3, 2, '2019-11-05 00:00:00', '2019-11-01 00:00:00', '', 850);
INSERT INTO `ped_pedido` VALUES (362, 850, 3, 2, '2019-11-05 00:00:00', '2019-11-01 00:00:00', '', 850);
INSERT INTO `ped_pedido` VALUES (363, 1282, 1, 2, '2019-11-05 00:00:00', '2019-11-01 00:00:00', '', 850);
INSERT INTO `ped_pedido` VALUES (364, 327, 1, 1, NULL, '2019-11-01 00:00:00', '', 850);
INSERT INTO `ped_pedido` VALUES (365, 1321, 3, 2, '2019-11-05 00:00:00', '2019-11-01 00:00:00', '', 850);
INSERT INTO `ped_pedido` VALUES (366, 1322, 3, 2, '2019-11-05 00:00:00', '2019-11-01 00:00:00', '', 850);
INSERT INTO `ped_pedido` VALUES (367, 1323, 3, 2, '2019-11-05 00:00:00', '2019-11-01 00:00:00', '', 850);
INSERT INTO `ped_pedido` VALUES (368, 502, 3, 2, '2019-11-12 00:00:00', '2019-11-02 00:00:00', '', 850);
INSERT INTO `ped_pedido` VALUES (369, 1324, 1, 2, '2019-11-12 00:00:00', '2019-11-02 00:00:00', '', 850);
INSERT INTO `ped_pedido` VALUES (370, 1325, 1, 2, '2019-11-12 00:00:00', '2019-11-02 00:00:00', '', 850);
INSERT INTO `ped_pedido` VALUES (371, 503, 3, 2, '2019-11-12 00:00:00', '2019-11-02 00:00:00', '', 850);
INSERT INTO `ped_pedido` VALUES (372, 907, 1, 2, '2019-11-08 00:00:00', '2019-11-04 00:00:00', '', 850);
INSERT INTO `ped_pedido` VALUES (373, 1326, 1, 2, '2019-11-08 00:00:00', '2019-11-04 00:00:00', '', 850);
INSERT INTO `ped_pedido` VALUES (374, 1327, 1, 2, '2019-11-08 00:00:00', '2019-11-04 00:00:00', '', 850);
INSERT INTO `ped_pedido` VALUES (375, 1328, 2, 2, '2019-11-08 00:00:00', '2019-11-04 00:00:00', '', 850);
INSERT INTO `ped_pedido` VALUES (376, 626, 1, 2, '2019-11-08 00:00:00', '2019-11-04 00:00:00', '', 850);
INSERT INTO `ped_pedido` VALUES (377, 1329, 1, 2, '2019-11-08 00:00:00', '2019-11-04 00:00:00', '', 850);
INSERT INTO `ped_pedido` VALUES (378, 1066, 4, 2, '2019-11-08 00:00:00', '2019-11-04 00:00:00', '', 850);
INSERT INTO `ped_pedido` VALUES (379, 1330, 2, 2, '2020-02-03 00:00:00', '2019-11-04 00:00:00', '', 850);
INSERT INTO `ped_pedido` VALUES (380, 1331, 1, 3, '2019-11-12 00:00:00', '2019-11-04 00:00:00', 'No vine mas y se manda a reparar', 850);
INSERT INTO `ped_pedido` VALUES (381, 1332, 1, 2, '2019-11-08 00:00:00', '2019-11-04 00:00:00', '', 850);
INSERT INTO `ped_pedido` VALUES (382, 51, 2, 1, NULL, '2019-11-14 00:00:00', '', 850);
INSERT INTO `ped_pedido` VALUES (383, 920, 2, 2, '2019-11-22 00:00:00', '2019-11-14 00:00:00', '', 850);
INSERT INTO `ped_pedido` VALUES (384, 388, 1, 1, NULL, '2019-11-14 00:00:00', '', 850);
INSERT INTO `ped_pedido` VALUES (385, 55, 1, 2, '2019-11-22 00:00:00', '2019-11-16 00:00:00', '', 850);
INSERT INTO `ped_pedido` VALUES (386, 516, 1, 2, '2019-11-22 00:00:00', '2019-11-16 00:00:00', '', 850);
INSERT INTO `ped_pedido` VALUES (387, 658, 4, 2, '2019-11-22 00:00:00', '2019-11-16 00:00:00', '', 850);
INSERT INTO `ped_pedido` VALUES (388, 658, 6, 1, NULL, '2019-11-16 00:00:00', '22/11/2019 llegaron 4', 850);
INSERT INTO `ped_pedido` VALUES (389, 52, 50, 2, '2019-11-29 00:00:00', '2019-11-26 00:00:00', '', 850);
INSERT INTO `ped_pedido` VALUES (390, 67, 20, 2, '2019-12-03 00:00:00', '2019-11-26 00:00:00', '', 850);
INSERT INTO `ped_pedido` VALUES (391, 1328, 2, 2, '2019-11-29 00:00:00', '2019-11-26 00:00:00', '', 850);
INSERT INTO `ped_pedido` VALUES (392, 762, 15, 2, '2019-11-29 00:00:00', '2019-11-26 00:00:00', '', 850);
INSERT INTO `ped_pedido` VALUES (393, 1236, 6, 2, '2019-11-29 00:00:00', '2019-11-26 00:00:00', '', 850);
INSERT INTO `ped_pedido` VALUES (394, 1116, 4, 2, '2019-11-29 00:00:00', '2019-11-26 00:00:00', '', 850);
INSERT INTO `ped_pedido` VALUES (395, 1333, 5, 2, '2019-11-29 00:00:00', '2019-11-26 00:00:00', '', 850);
INSERT INTO `ped_pedido` VALUES (396, 1334, 2, 2, '2019-11-29 00:00:00', '2019-11-26 00:00:00', '', 850);
INSERT INTO `ped_pedido` VALUES (397, 1335, 2, 2, '2019-11-29 00:00:00', '2019-11-26 00:00:00', '', 850);
INSERT INTO `ped_pedido` VALUES (398, 1336, 2, 2, '2019-11-29 00:00:00', '2019-11-26 00:00:00', '', 850);
INSERT INTO `ped_pedido` VALUES (399, 1337, 2, 2, '2019-11-29 00:00:00', '2019-11-26 00:00:00', '', 850);
INSERT INTO `ped_pedido` VALUES (400, 1338, 2, 2, '2019-11-29 00:00:00', '2019-11-26 00:00:00', '', 850);
INSERT INTO `ped_pedido` VALUES (401, 1339, 2, 2, '2019-11-29 00:00:00', '2019-11-26 00:00:00', '', 850);
INSERT INTO `ped_pedido` VALUES (402, 1340, 1, 2, '2019-11-29 00:00:00', '2019-11-26 00:00:00', '', 850);
INSERT INTO `ped_pedido` VALUES (403, 1341, 1, 2, '2019-11-29 00:00:00', '2019-11-26 00:00:00', '', 850);
INSERT INTO `ped_pedido` VALUES (404, 1342, 2, 2, '2019-11-29 00:00:00', '2019-11-26 00:00:00', '', 850);
INSERT INTO `ped_pedido` VALUES (405, 1343, 2, 2, '2019-12-03 00:00:00', '2019-11-26 00:00:00', '', 850);
INSERT INTO `ped_pedido` VALUES (406, 1344, 1, 2, '2019-11-29 00:00:00', '2019-11-26 00:00:00', '', 850);
INSERT INTO `ped_pedido` VALUES (407, 1345, 1, 2, '2019-11-29 00:00:00', '2019-11-26 00:00:00', '', 850);
INSERT INTO `ped_pedido` VALUES (408, 1346, 4, 2, '2019-11-29 00:00:00', '2019-11-26 00:00:00', '', 850);
INSERT INTO `ped_pedido` VALUES (409, 1347, 2, 2, '2019-11-29 00:00:00', '2019-11-26 00:00:00', '', 850);
INSERT INTO `ped_pedido` VALUES (410, 1033, 4, 2, '2019-11-29 00:00:00', '2019-11-26 00:00:00', '', 850);
INSERT INTO `ped_pedido` VALUES (411, 1348, 4, 2, '2019-11-29 00:00:00', '2019-11-26 00:00:00', '', 850);
INSERT INTO `ped_pedido` VALUES (412, 1349, 4, 2, '2019-11-29 00:00:00', '2019-11-26 00:00:00', '', 850);
INSERT INTO `ped_pedido` VALUES (413, 1350, 4, 2, '2019-11-29 00:00:00', '2019-11-26 00:00:00', '', 850);
INSERT INTO `ped_pedido` VALUES (414, 1351, 4, 2, '2019-11-29 00:00:00', '2019-11-26 00:00:00', '', 850);
INSERT INTO `ped_pedido` VALUES (415, 1352, 2, 2, '2019-11-29 00:00:00', '2019-11-26 00:00:00', '', 850);
INSERT INTO `ped_pedido` VALUES (416, 1353, 4, 2, '2019-11-29 00:00:00', '2019-11-26 00:00:00', '', 850);
INSERT INTO `ped_pedido` VALUES (417, 1354, 2, 2, '2019-11-29 00:00:00', '2019-11-26 00:00:00', '', 850);
INSERT INTO `ped_pedido` VALUES (418, 1355, 2, 2, '2019-11-29 00:00:00', '2019-11-26 00:00:00', '', 850);
INSERT INTO `ped_pedido` VALUES (419, 1356, 2, 2, '2019-11-29 00:00:00', '2019-11-26 00:00:00', '', 850);
INSERT INTO `ped_pedido` VALUES (420, 1340, 1, 2, '2019-12-03 00:00:00', '2019-11-26 00:00:00', '29/11/2019 llegaron 1', 850);
INSERT INTO `ped_pedido` VALUES (421, 1344, 1, 1, NULL, '2019-11-26 00:00:00', '29/11/2019 llegaron 1', 850);
INSERT INTO `ped_pedido` VALUES (422, 1333, 7, 2, '2019-12-03 00:00:00', '2019-11-26 00:00:00', '29/11/2019 llegaron 5', 850);
INSERT INTO `ped_pedido` VALUES (423, 1236, 6, 2, '2019-12-03 00:00:00', '2019-12-03 00:00:00', '', 850);
INSERT INTO `ped_pedido` VALUES (424, 1279, 2, 1, NULL, '2019-12-05 00:00:00', '', 850);
INSERT INTO `ped_pedido` VALUES (425, 533, 4, 2, '2019-12-09 00:00:00', '2019-12-05 00:00:00', '', 850);
INSERT INTO `ped_pedido` VALUES (426, 540, 4, 2, '2019-12-09 00:00:00', '2019-12-05 00:00:00', '', 850);
INSERT INTO `ped_pedido` VALUES (427, 1284, 30, 2, '2019-12-09 00:00:00', '2019-12-05 00:00:00', '', 241);
INSERT INTO `ped_pedido` VALUES (428, 531, 7, 2, '2019-12-11 00:00:00', '2019-12-09 00:00:00', '', 850);
INSERT INTO `ped_pedido` VALUES (429, 536, 3, 1, NULL, '2019-12-09 00:00:00', '', 850);
INSERT INTO `ped_pedido` VALUES (430, 525, 3, 1, NULL, '2019-12-09 00:00:00', '', 850);
INSERT INTO `ped_pedido` VALUES (431, 396, 2, 1, NULL, '2019-12-11 00:00:00', '', 850);
INSERT INTO `ped_pedido` VALUES (432, 531, 1, 1, NULL, '2019-12-09 00:00:00', '11/12/2019 llegaron 7', 850);
INSERT INTO `ped_pedido` VALUES (433, 52, 20, 1, NULL, '2020-01-06 00:00:00', '', 850);
INSERT INTO `ped_pedido` VALUES (434, 54, 10, 1, NULL, '2020-01-06 00:00:00', '', 850);
INSERT INTO `ped_pedido` VALUES (435, 67, 20, 1, NULL, '2020-01-06 00:00:00', '', 850);
INSERT INTO `ped_pedido` VALUES (436, 348, 2, 1, NULL, '2020-01-15 00:00:00', '', 850);
INSERT INTO `ped_pedido` VALUES (437, 507, 4, 1, NULL, '2020-01-15 00:00:00', '', 850);
INSERT INTO `ped_pedido` VALUES (438, 512, 2, 2, '2020-02-03 00:00:00', '2020-01-15 00:00:00', '', 850);
INSERT INTO `ped_pedido` VALUES (439, 1330, 2, 2, '2020-02-03 00:00:00', '2019-11-04 00:00:00', '2020-02-03 llegaron 2', 850);

-- ----------------------------
-- Table structure for ped_repuesto
-- ----------------------------
DROP TABLE IF EXISTS `ped_repuesto`;
CREATE TABLE `ped_repuesto`  (
  `id_repuesto` bigint(11) NOT NULL AUTO_INCREMENT,
  `codigo` varchar(255) CHARACTER SET latin1 COLLATE latin1_swedish_ci NULL DEFAULT NULL,
  `descripcion` varchar(255) CHARACTER SET latin1 COLLATE latin1_swedish_ci NULL DEFAULT NULL,
  `stock` double(11, 0) NULL DEFAULT NULL,
  `marca` varchar(255) CHARACTER SET latin1 COLLATE latin1_swedish_ci NULL DEFAULT NULL,
  `info` varchar(255) CHARACTER SET latin1 COLLATE latin1_swedish_ci NULL DEFAULT NULL,
  `parte` varchar(20) CHARACTER SET latin1 COLLATE latin1_swedish_ci NULL DEFAULT NULL,
  PRIMARY KEY (`id_repuesto`) USING BTREE,
  INDEX `FK`(`parte`) USING BTREE
) ENGINE = InnoDB AUTO_INCREMENT = 1357 CHARACTER SET = latin1 COLLATE = latin1_swedish_ci ROW_FORMAT = Compact;

-- ----------------------------
-- Records of ped_repuesto
-- ----------------------------
INSERT INTO `ped_repuesto` VALUES (1, 'H133229', '  Anillo Elastico', 0, 'John Deere', '', 'Otro');
INSERT INTO `ped_repuesto` VALUES (2, 'H164205', '  Anillo Elastico', 0, 'John Deere', 'X', 'Otro');
INSERT INTO `ped_repuesto` VALUES (3, ' R26906', '  Anillo Torico', 0, 'John Deere', NULL, 'Otro');
INSERT INTO `ped_repuesto` VALUES (4, 'R26287', '  Anillo torico', 0, 'John Deere', NULL, 'Reten');
INSERT INTO `ped_repuesto` VALUES (5, 'RE194536', '  Bomba Hidraulica', 0, 'John Deere', NULL, 'Otro');
INSERT INTO `ped_repuesto` VALUES (6, 'AR63587 > AR63592', '  Conjunto de barra de acople', 0, 'John Deere', NULL, 'Otro');
INSERT INTO `ped_repuesto` VALUES (7, 'RE62066', '  Cono del cojinete', 0, 'John Deere', NULL, 'Otro');
INSERT INTO `ped_repuesto` VALUES (8, 'DE19125', '  Grifo de vaciado', 0, 'John Deere', NULL, 'Otro');
INSERT INTO `ped_repuesto` VALUES (9, 'RE189795 > RE228095', '  Int. alternante/basculante', 0, 'John Deere', NULL, 'Otro');
INSERT INTO `ped_repuesto` VALUES (10, 'A85131', '  Pletina de ajuste', 0, 'John Deere', NULL, 'Otro');
INSERT INTO `ped_repuesto` VALUES (11, 'AXE61820', '  Rodamiento de bolas', 0, 'John Deere', NULL, 'Otro');
INSERT INTO `ped_repuesto` VALUES (12, 'R48071', '  Tapon de vaciado', 0, 'John Deere', NULL, 'Reten');
INSERT INTO `ped_repuesto` VALUES (13, 'RE184034', '  Tensor de correa', 0, 'John Deere', NULL, 'Otro');
INSERT INTO `ped_repuesto` VALUES (14, 'RE170084', '  Tensor de correa', 0, 'John Deere', NULL, 'Otro');
INSERT INTO `ped_repuesto` VALUES (15, 'AXE17073', '  Union de racor', 0, 'John Deere', NULL, 'Otro');
INSERT INTO `ped_repuesto` VALUES (16, 'R26006', ' Aguja de Rodamiento', 0, 'John Deere', NULL, 'Otro');
INSERT INTO `ped_repuesto` VALUES (17, 'AZ10045', ' Anillo de ajuste excentrico', 0, 'John Deere', NULL, 'Correa');
INSERT INTO `ped_repuesto` VALUES (18, 'H80753', ' Anillo Elastico', 0, 'John Deere', NULL, 'Anillo');
INSERT INTO `ped_repuesto` VALUES (19, 'R186598', ' Anillo Elastico', 0, 'John Deere', NULL, 'Anillo');
INSERT INTO `ped_repuesto` VALUES (20, 'R53180', ' Anillo Torico', 0, 'John Deere', NULL, 'Anillo');
INSERT INTO `ped_repuesto` VALUES (21, 'R39182', ' Anillo Torico', 0, 'John Deere', NULL, 'Bomba');
INSERT INTO `ped_repuesto` VALUES (22, 'R100774', ' Arandela de empuje', 0, 'John Deere', NULL, 'Arandela');
INSERT INTO `ped_repuesto` VALUES (23, '---', ' BARRA CUCHILLA IZQUIERDA', 0, 'John Deere', NULL, 'Otro');
INSERT INTO `ped_repuesto` VALUES (24, 'RE208272', ' Base de bisagra', 0, 'John Deere', NULL, 'Otro');
INSERT INTO `ped_repuesto` VALUES (25, 'JD9127', 'Pista ext. de Rodamiento', 1, 'John Deere', 'Cono: JD9069', 'Rodamiento');
INSERT INTO `ped_repuesto` VALUES (26, 'AH148021', ' Cadena de Rodillos', 0, 'John Deere', NULL, 'Otro');
INSERT INTO `ped_repuesto` VALUES (27, '57M9207', ' Caja de conectores elec', 0, 'John Deere', NULL, 'Reten');
INSERT INTO `ped_repuesto` VALUES (28, 'AA50363', ' Cojinete con alojamiento', 0, 'John Deere', NULL, 'Otro');
INSERT INTO `ped_repuesto` VALUES (29, 'N214190 > N283804', ' Cuchilla Circular', 0, 'John Deere', NULL, 'Otro');
INSERT INTO `ped_repuesto` VALUES (30, 'RE36170', ' Disco con dentado interior', 0, 'John Deere', NULL, 'Otro');
INSERT INTO `ped_repuesto` VALUES (31, 'AA59151', ' Int. alternante/basculante', 0, 'John Deere', NULL, 'Otro');
INSERT INTO `ped_repuesto` VALUES (32, 'AA59150', ' Int. alternante/basculante', 0, 'John Deere', NULL, 'Otro');
INSERT INTO `ped_repuesto` VALUES (33, 'A61684', ' Manguera a Granel', 0, 'John Deere', NULL, 'Manguera');
INSERT INTO `ped_repuesto` VALUES (34, 'R63069', ' Plato de embrague', 0, 'John Deere', NULL, 'Otro');
INSERT INTO `ped_repuesto` VALUES (35, 'RE164448', ' Rele de Arranque', 0, 'John Deere', NULL, 'Otro');
INSERT INTO `ped_repuesto` VALUES (36, 'R63070', ' Retenedor redondo', 0, 'John Deere', NULL, 'Otro');
INSERT INTO `ped_repuesto` VALUES (37, 'JD9858', ' Rodamiento de agujas', 0, 'John Deere', NULL, 'Bomba');
INSERT INTO `ped_repuesto` VALUES (38, 'R39017 > AR89072', ' Rodamiento rodillos cil.', 0, 'John Deere', NULL, 'Bomba');
INSERT INTO `ped_repuesto` VALUES (39, 'AN208025', ' Sensor Velocidad de Rueda', 0, 'John Deere', NULL, 'Otro');
INSERT INTO `ped_repuesto` VALUES (40, 'RE188731 > AT350320', ' Tira / Alfombrilla', 0, 'John Deere', NULL, 'Otro');
INSERT INTO `ped_repuesto` VALUES (41, 'RE188717 > RE246424', ' Tuberia', 0, 'John Deere', NULL, 'Otro');
INSERT INTO `ped_repuesto` VALUES (42, 'RE162771 > RE300527', ' Ventilador ACC', 0, 'John Deere', NULL, 'Otro');
INSERT INTO `ped_repuesto` VALUES (43, 'PMFC220', 'Abrazadera', 0, 'John Deere', NULL, 'Otro');
INSERT INTO `ped_repuesto` VALUES (44, 'A53746', 'Abrazadera', 0, 'John Deere', NULL, 'Otro');
INSERT INTO `ped_repuesto` VALUES (45, 'RE166242', 'Abrazadera', 0, 'John Deere', NULL, 'Otro');
INSERT INTO `ped_repuesto` VALUES (46, 'R211082', 'Abrazadera', 0, 'John Deere', NULL, 'Otro');
INSERT INTO `ped_repuesto` VALUES (47, 'R502602', 'Abrazadera', 0, 'John Deere', NULL, 'Otro');
INSERT INTO `ped_repuesto` VALUES (48, 'RE166341 > RE246423', 'Abrazadera de bloque', 0, 'John Deere', NULL, 'Otro');
INSERT INTO `ped_repuesto` VALUES (49, 'AXE24816', 'Accionador', 2, 'John Deere', NULL, 'Otro');
INSERT INTO `ped_repuesto` VALUES (50, 'RE165499', 'Accionador', 0, 'John Deere', NULL, 'Otro');
INSERT INTO `ped_repuesto` VALUES (51, 'TY6252J', 'Aceite 80W90 (bid x 20lts)', 5, 'John Deere', NULL, 'Aceite');
INSERT INTO `ped_repuesto` VALUES (52, 'AR69444', 'Aceite HY-Gard TM  (bid x 20lts)', 275, 'John Deere', NULL, 'Aceite');
INSERT INTO `ped_repuesto` VALUES (53, 'TY6390 > TY26679', 'Aceite Plus-50 (bid x 20lts)', 0, 'John Deere', NULL, 'Aceite');
INSERT INTO `ped_repuesto` VALUES (54, 'AJM2026', 'Aceite Plus-50 II (bid x 20lts)', 40, 'John Deere', NULL, 'Aceite');
INSERT INTO `ped_repuesto` VALUES (55, 'RE322903', 'Acoplamiento Hidraulico', 1, 'John Deere', NULL, 'Otro');
INSERT INTO `ped_repuesto` VALUES (56, 'RE256693', 'Acople Enchufe Rapido', 0, 'John Deere', NULL, 'Otro');
INSERT INTO `ped_repuesto` VALUES (57, 'RE226728 > RE577560', 'Acople Enchufe Rapido', 0, 'John Deere', NULL, 'Otro');
INSERT INTO `ped_repuesto` VALUES (58, 'RE52981', 'Acople Enchufe Rapido', 0, 'John Deere', NULL, 'Otro');
INSERT INTO `ped_repuesto` VALUES (59, 'RE190805', 'Acople para Diagnotico', 0, 'John Deere', NULL, 'Otro');
INSERT INTO `ped_repuesto` VALUES (60, 'JD9049', 'Adentro - Cono del cojinete', 0, 'John Deere', NULL, 'Rodillo');
INSERT INTO `ped_repuesto` VALUES (61, 'AW20842', 'Adentro - Pista ext. de rodamiento', 0, 'John Deere', NULL, 'Reten');
INSERT INTO `ped_repuesto` VALUES (62, 'JD9114', 'Adentro - Pista ext. de rodamiento', 0, 'John Deere', NULL, 'Rodillo');
INSERT INTO `ped_repuesto` VALUES (63, 'RE580684', 'Admision de Aire', 0, 'John Deere', NULL, 'Otro');
INSERT INTO `ped_repuesto` VALUES (64, 'AXE39130 > AXE56076', 'Aforador de Combustible', 0, 'John Deere', NULL, 'Correa');
INSERT INTO `ped_repuesto` VALUES (65, 'JD9602', 'Afuera - Cono del cojinete', 0, 'John Deere', NULL, 'Rodillo');
INSERT INTO `ped_repuesto` VALUES (66, 'JD8237', 'Afuera - Pista ext. de rodamiento', 0, 'John Deere', NULL, 'Rodillo');
INSERT INTO `ped_repuesto` VALUES (67, 'AJ62561', 'Agua JD - Cool-Gard (bid x 10lts)', 60, 'John Deere', NULL, 'Agua');
INSERT INTO `ped_repuesto` VALUES (68, 'R27145', 'Aguja de Rodamiento', 0, 'John Deere', NULL, 'Otro');
INSERT INTO `ped_repuesto` VALUES (69, 'R39073', 'Aguja de Rodamiento', 0, 'John Deere', NULL, 'Otro');
INSERT INTO `ped_repuesto` VALUES (70, 'AH125200', 'AISLANTE', 0, 'John Deere', NULL, 'Otro');
INSERT INTO `ped_repuesto` VALUES (71, 'AH125201', 'AISLANTE', 0, 'John Deere', NULL, 'Otro');
INSERT INTO `ped_repuesto` VALUES (72, 'H220556', 'Aislante', 0, 'John Deere', NULL, 'Otro');
INSERT INTO `ped_repuesto` VALUES (73, 'RE62901', 'Aislante', 0, 'John Deere', NULL, 'TC');
INSERT INTO `ped_repuesto` VALUES (74, 'RE62910', 'Aislante', 0, 'John Deere', NULL, 'TC');
INSERT INTO `ped_repuesto` VALUES (75, 'AT116162', 'Aislante', 0, 'John Deere', NULL, 'Otro');
INSERT INTO `ped_repuesto` VALUES (76, 'T129538', 'Aislante -  Taco Motor', 0, 'John Deere', NULL, 'Otro');
INSERT INTO `ped_repuesto` VALUES (77, 'R90974', 'Aistante', 0, 'John Deere', NULL, 'Otro');
INSERT INTO `ped_repuesto` VALUES (78, 'JD7844', 'Alemite', 0, 'John Deere', NULL, 'Otro');
INSERT INTO `ped_repuesto` VALUES (79, 'AN209716', 'Amortiguador', 2, 'John Deere', NULL, 'Rueda');
INSERT INTO `ped_repuesto` VALUES (80, 'RE45382 > RE213694', 'Amortiguador de Torsion', 0, 'John Deere', NULL, 'Otro');
INSERT INTO `ped_repuesto` VALUES (81, 'AN306158', 'Amotiguador', 0, 'John Deere', NULL, 'Otro');
INSERT INTO `ped_repuesto` VALUES (82, 'N282081', 'Anclaje', 0, 'John Deere', NULL, 'Otro');
INSERT INTO `ped_repuesto` VALUES (83, 'U42703', 'Anillo', 0, 'John Deere', NULL, 'Anillo');
INSERT INTO `ped_repuesto` VALUES (84, 'A56254', 'Anillo', 0, 'John Deere', NULL, 'Anillo');
INSERT INTO `ped_repuesto` VALUES (85, 'R196840', 'Anillo', 0, 'John Deere', NULL, 'Anillo');
INSERT INTO `ped_repuesto` VALUES (86, 'R124446', 'Anillo', 0, 'John Deere', NULL, 'Anillo');
INSERT INTO `ped_repuesto` VALUES (87, 'R34513', 'Anillo', 0, 'John Deere', NULL, 'Anillo');
INSERT INTO `ped_repuesto` VALUES (88, 'H217859', 'ANILLO ANTI-DESGASTE', 0, 'John Deere', NULL, 'Otro');
INSERT INTO `ped_repuesto` VALUES (89, 'HXE16408', 'ANILLO ANTI-DESGASTE', 0, 'John Deere', NULL, 'Otro');
INSERT INTO `ped_repuesto` VALUES (90, 'R302459', 'ANILLO ANTI-DESGASTE', 0, 'John Deere', NULL, 'Anillo');
INSERT INTO `ped_repuesto` VALUES (91, 'R302460', 'ANILLO ANTI-DESGASTE', 0, 'John Deere', NULL, 'Anillo');
INSERT INTO `ped_repuesto` VALUES (92, 'R335491', 'ANILLO ANTI-DESGASTE', 0, 'John Deere', NULL, 'Anillo');
INSERT INTO `ped_repuesto` VALUES (93, 'R335492', 'ANILLO ANTI-DESGASTE', 0, 'John Deere', NULL, 'Anillo');
INSERT INTO `ped_repuesto` VALUES (94, 'R39067 > R105583', 'Anillo Asiento de Valvula', 0, 'John Deere', NULL, 'Orring');
INSERT INTO `ped_repuesto` VALUES (95, 'R72936', 'Anillo asiento de valvula', 0, 'John Deere', NULL, 'Otro');
INSERT INTO `ped_repuesto` VALUES (96, 'JD8554', 'Anillo de Ajuste Excentrico', 0, 'John Deere', NULL, 'Anillo');
INSERT INTO `ped_repuesto` VALUES (97, 'AH129452', 'ANILLO DE AJUSTE EXCENTRICO', 2, 'John Deere', NULL, 'Otro');
INSERT INTO `ped_repuesto` VALUES (98, 'AH133191', 'ANILLO DE AJUSTE EXCENTRICO', 0, 'John Deere', NULL, 'Otro');
INSERT INTO `ped_repuesto` VALUES (99, 'AL14674', 'ANILLO DE AJUSTE EXCENTRICO', 0, 'John Deere', NULL, 'Otro');
INSERT INTO `ped_repuesto` VALUES (100, '40M7281', 'Anillo elastico', 0, 'John Deere', NULL, 'Otro');
INSERT INTO `ped_repuesto` VALUES (101, '40M7285', 'Anillo elastico', 0, 'John Deere', NULL, 'Otro');
INSERT INTO `ped_repuesto` VALUES (102, 'H152104', 'Anillo elastico', 0, 'John Deere', NULL, 'Otro');
INSERT INTO `ped_repuesto` VALUES (103, 'R26485', 'Anillo Reforzado', 0, 'John Deere', NULL, 'Filtro');
INSERT INTO `ped_repuesto` VALUES (104, 'R41057', 'ANILLO REFORZADOR', 0, 'John Deere', NULL, 'Orring');
INSERT INTO `ped_repuesto` VALUES (105, 'R310184', 'ANILLO REFORZADOR', 0, 'John Deere', NULL, 'Anillo');
INSERT INTO `ped_repuesto` VALUES (106, 'R26375', 'ANILLO TORICO', 0, 'John Deere', NULL, 'Orring');
INSERT INTO `ped_repuesto` VALUES (107, 'T77814', 'ANILLO TORICO', 0, 'John Deere', NULL, 'Otro');
INSERT INTO `ped_repuesto` VALUES (108, 'R27166', 'ANILLO TORICO', 0, 'John Deere', NULL, 'Orring');
INSERT INTO `ped_repuesto` VALUES (109, 'R27564', 'ANILLO TORICO', 0, 'John Deere', NULL, 'Orring');
INSERT INTO `ped_repuesto` VALUES (110, 'F2573R', 'ANILLO TORICO', 0, 'John Deere', NULL, 'Orring');
INSERT INTO `ped_repuesto` VALUES (111, 'R28776', 'ANILLO TORICO', 0, 'John Deere', NULL, 'Orring');
INSERT INTO `ped_repuesto` VALUES (112, 'R33259', 'ANILLO TORICO', 0, 'John Deere', NULL, 'Orring');
INSERT INTO `ped_repuesto` VALUES (113, 'R61871', 'ANILLO TORICO', 0, 'John Deere', NULL, 'Orring');
INSERT INTO `ped_repuesto` VALUES (114, 'R83630', 'ANILLO TORICO', 0, 'John Deere', NULL, 'Rep01');
INSERT INTO `ped_repuesto` VALUES (115, 'R279025', 'ANILLO TORICO', 0, 'John Deere', NULL, 'Orring');
INSERT INTO `ped_repuesto` VALUES (116, 'R26286', 'ANILLO TORICO', 0, 'John Deere', NULL, 'Orring');
INSERT INTO `ped_repuesto` VALUES (117, '51M7039', 'ANILLO TORICO', 0, 'John Deere', NULL, 'Anillo');
INSERT INTO `ped_repuesto` VALUES (118, 'R27149', 'ANILLO TORICO', 0, 'John Deere', NULL, 'Otro');
INSERT INTO `ped_repuesto` VALUES (119, 'R505570 > R135526', 'ANILLO TORICO', 0, 'John Deere', NULL, 'Otro');
INSERT INTO `ped_repuesto` VALUES (120, 'R375R', 'ANILLO TORICO', 0, 'John Deere', NULL, 'Filtro');
INSERT INTO `ped_repuesto` VALUES (121, 'R59343', 'ANILLO TORICO', 0, 'John Deere', NULL, 'Filtro');
INSERT INTO `ped_repuesto` VALUES (122, 'T76938', 'Anillo Tornico', 0, 'John Deere', NULL, 'Otro');
INSERT INTO `ped_repuesto` VALUES (123, 'T77858', 'Anillo Tornico', 0, 'John Deere', NULL, 'Anillo');
INSERT INTO `ped_repuesto` VALUES (124, 'P45750', 'Anillo Tornico', 0, 'John Deere', NULL, 'Orring');
INSERT INTO `ped_repuesto` VALUES (125, 'R268046', 'ANILLO TORNICO', 0, 'John Deere', NULL, 'Anillo');
INSERT INTO `ped_repuesto` VALUES (126, 'T42302', 'Anillo Tornico', 0, 'John Deere', NULL, 'Anillo');
INSERT INTO `ped_repuesto` VALUES (127, 'B3690R', 'Anillo Tornico', 0, 'John Deere', NULL, 'Anillo');
INSERT INTO `ped_repuesto` VALUES (128, 'U10289', 'Anillo Tornico', 0, 'John Deere', NULL, 'Anillo');
INSERT INTO `ped_repuesto` VALUES (129, 'L57084', 'Anillo Tornico', 0, 'John Deere', NULL, 'Anillo');
INSERT INTO `ped_repuesto` VALUES (130, 'R112857', 'Anillo Tornico', 0, 'John Deere', NULL, 'Anillo');
INSERT INTO `ped_repuesto` VALUES (131, 'R113668', 'Anillo Tornico', 1, 'John Deere', NULL, 'Anillo');
INSERT INTO `ped_repuesto` VALUES (132, 'U42016', 'Anillo Tornico', 0, 'John Deere', NULL, 'Anillo');
INSERT INTO `ped_repuesto` VALUES (133, 'P50631', 'Anillo Tornico', 0, 'John Deere', NULL, 'Anillo');
INSERT INTO `ped_repuesto` VALUES (134, 'U42111<>R521040', 'Anillo Tornico', 0, 'John Deere', NULL, 'Anillo');
INSERT INTO `ped_repuesto` VALUES (135, 'U44496', 'Anillo Tornico', 0, 'John Deere', NULL, 'Anillo');
INSERT INTO `ped_repuesto` VALUES (136, 'B2762R', 'Anillo Tornico', 0, 'John Deere', NULL, 'Anillo');
INSERT INTO `ped_repuesto` VALUES (137, 'T77857', 'Anillo Tornico', 0, 'John Deere', NULL, 'Anillo');
INSERT INTO `ped_repuesto` VALUES (138, 'T80123', 'Anillo Tornico', 0, 'John Deere', NULL, 'Otro');
INSERT INTO `ped_repuesto` VALUES (139, 'R39729', 'Anillo Tornico', 0, 'John Deere', NULL, 'Otro');
INSERT INTO `ped_repuesto` VALUES (140, 'RE503528', 'Anillos de Piston', 0, 'John Deere', NULL, 'Otro');
INSERT INTO `ped_repuesto` VALUES (141, 'PM036V10', 'Antigoteo', 0, 'John Deere', NULL, 'Otro');
INSERT INTO `ped_repuesto` VALUES (142, 'HXE23310', 'Apoyo', 0, 'John Deere', NULL, 'Otro');
INSERT INTO `ped_repuesto` VALUES (143, 'H136446', 'Apoyo', 0, 'John Deere', NULL, 'Otro');
INSERT INTO `ped_repuesto` VALUES (144, 'H240368', 'Arandela', 0, 'John Deere', NULL, 'Otro');
INSERT INTO `ped_repuesto` VALUES (145, 'H165874', 'Arandela', 0, 'John Deere', NULL, 'Arandela');
INSERT INTO `ped_repuesto` VALUES (146, '24H1980', 'Arandela', 0, 'John Deere', NULL, 'Otro');
INSERT INTO `ped_repuesto` VALUES (147, '24H1471', 'Arandela', 0, 'John Deere', NULL, 'Arandela');
INSERT INTO `ped_repuesto` VALUES (148, '24H1452', 'Arandela', 0, 'John Deere', NULL, 'Arandela');
INSERT INTO `ped_repuesto` VALUES (149, 'N282054', 'Arandela', 0, 'John Deere', NULL, 'Arandela');
INSERT INTO `ped_repuesto` VALUES (150, 'N219426', 'Arandela', 0, 'John Deere', NULL, 'Arandela');
INSERT INTO `ped_repuesto` VALUES (151, '24M7195', 'Arandela', 0, 'John Deere', NULL, 'Arandela');
INSERT INTO `ped_repuesto` VALUES (152, '24H1459', 'Arandela', 0, 'John Deere', NULL, 'Otro');
INSERT INTO `ped_repuesto` VALUES (153, 'AH168431 > AH222054', 'Arandela', 0, 'John Deere', NULL, 'Arandela');
INSERT INTO `ped_repuesto` VALUES (154, 'R42260', 'Arandela', 0, 'John Deere', NULL, 'Otro');
INSERT INTO `ped_repuesto` VALUES (155, 'R325582', 'Arandela', 0, 'John Deere', NULL, 'Arandela');
INSERT INTO `ped_repuesto` VALUES (156, 'R52988', 'Arandela', 0, 'John Deere', NULL, 'Arandela');
INSERT INTO `ped_repuesto` VALUES (157, 'RE157739 > R206614', 'Arandela', 0, 'John Deere', NULL, 'Kit');
INSERT INTO `ped_repuesto` VALUES (158, '24M7242', 'Arandela', 0, 'John Deere', NULL, 'Otro');
INSERT INTO `ped_repuesto` VALUES (159, 'R519753', 'Arandela', 0, 'John Deere', NULL, 'Otro');
INSERT INTO `ped_repuesto` VALUES (160, 'R87656', 'Arandela', 0, 'John Deere', NULL, 'TC');
INSERT INTO `ped_repuesto` VALUES (161, 'R128779', 'Arandela', 0, 'John Deere', NULL, 'TC');
INSERT INTO `ped_repuesto` VALUES (162, '24M7139', 'Arandela', 0, 'John Deere', NULL, 'Arandela');
INSERT INTO `ped_repuesto` VALUES (163, 'E1343FN', 'Arandela', 0, 'John Deere', NULL, 'Otro');
INSERT INTO `ped_repuesto` VALUES (164, 'R63845', 'Arandela', 0, 'John Deere', NULL, 'Otro');
INSERT INTO `ped_repuesto` VALUES (165, 'R34733 ', 'Arandela ', 2, 'John Deere', NULL, 'Arandela');
INSERT INTO `ped_repuesto` VALUES (166, 'N217407', 'Arandela  de Empuje', 0, 'John Deere', NULL, 'Otro');
INSERT INTO `ped_repuesto` VALUES (167, 'R66164', 'Arandela de empuje', 0, 'John Deere', NULL, 'Bomba');
INSERT INTO `ped_repuesto` VALUES (168, 'RE61253', 'Arandela de empuje', 0, 'John Deere', NULL, 'Otro');
INSERT INTO `ped_repuesto` VALUES (169, 'R51936', 'Arandela de Guarnicion', 11, 'John Deere', NULL, 'Otro');
INSERT INTO `ped_repuesto` VALUES (170, 'N70171', 'Arandela de Reten', 8, 'John Deere', NULL, 'Arandela');
INSERT INTO `ped_repuesto` VALUES (171, '40M7231', 'Arandela de Reten', 0, 'John Deere', NULL, 'Otro');
INSERT INTO `ped_repuesto` VALUES (172, 'RE157739 > 40M7032', 'Arandela de Reten', 0, 'John Deere', NULL, 'Kit');
INSERT INTO `ped_repuesto` VALUES (173, 'N34349', 'Arandela de Reten', 0, 'John Deere', NULL, 'Otro');
INSERT INTO `ped_repuesto` VALUES (174, 'R32356', 'Arandela de Reten', 0, 'John Deere', NULL, 'Filtro');
INSERT INTO `ped_repuesto` VALUES (175, 'R34399', 'Arandela de Reten', 0, 'John Deere', NULL, 'Filtro');
INSERT INTO `ped_repuesto` VALUES (176, 'R26246', 'Arandela de Reten', 0, 'John Deere', NULL, 'Otro');
INSERT INTO `ped_repuesto` VALUES (177, 'R99692', 'Arandela de Reten', 0, 'John Deere', NULL, 'Otro');
INSERT INTO `ped_repuesto` VALUES (178, 'R38221', 'Arandela Especial', 0, 'John Deere', NULL, 'Arandela');
INSERT INTO `ped_repuesto` VALUES (179, 'AR41752', 'Arbol', 0, 'John Deere', NULL, 'Otro');
INSERT INTO `ped_repuesto` VALUES (180, 'R335470', 'Arbol', 0, 'John Deere', NULL, 'Otro');
INSERT INTO `ped_repuesto` VALUES (181, 'RE234176', 'Arbol', 0, 'John Deere', NULL, 'Otro');
INSERT INTO `ped_repuesto` VALUES (182, 'R34348', 'Arbol', 0, 'John Deere', NULL, 'Otro');
INSERT INTO `ped_repuesto` VALUES (183, 'RE206095', 'Arbol', 0, 'John Deere', NULL, 'Otro');
INSERT INTO `ped_repuesto` VALUES (184, 'R50825', 'Arbol', 0, 'John Deere', NULL, 'Otro');
INSERT INTO `ped_repuesto` VALUES (185, 'R39319', 'Arbol - Eje', 0, 'John Deere', NULL, 'Bomba');
INSERT INTO `ped_repuesto` VALUES (186, 'H136186', 'Arbol de Transmision', 0, 'John Deere', NULL, 'Otro');
INSERT INTO `ped_repuesto` VALUES (187, 'R76167 > R72936', 'Asiento de Valvula', 0, 'John Deere', NULL, 'Otro');
INSERT INTO `ped_repuesto` VALUES (188, 'N280485 > N284055 ', 'Ballesta', 0, 'John Deere', NULL, 'Otro');
INSERT INTO `ped_repuesto` VALUES (189, 'HXE15122', 'Barra', 0, 'John Deere', NULL, 'Otro');
INSERT INTO `ped_repuesto` VALUES (190, 'HXE15123', 'Barra', 0, 'John Deere', NULL, 'Otro');
INSERT INTO `ped_repuesto` VALUES (191, 'AR75695', 'Base - Acople Luces Macho', 0, 'John Deere', NULL, 'Acople');
INSERT INTO `ped_repuesto` VALUES (192, 'R114917', 'Base de lamparita', 0, 'John Deere', NULL, 'Otro');
INSERT INTO `ped_repuesto` VALUES (193, 'A74197', 'Base de los sepillos de las placas', 0, 'John Deere', NULL, 'Otro');
INSERT INTO `ped_repuesto` VALUES (194, 'AJM2010', 'BATERIA STRONBOX 110AH', 0, 'John Deere', NULL, 'Bateria');
INSERT INTO `ped_repuesto` VALUES (195, 'JD9069', 'Cono del Cojinete', 1, 'John Deere', 'Pista: JD9127', 'Rodamiento');
INSERT INTO `ped_repuesto` VALUES (196, 'DZ100118', 'Biela de Motor', 0, 'John Deere', NULL, 'Otro');
INSERT INTO `ped_repuesto` VALUES (197, 'N231898 ', 'Bisagra', 0, 'John Deere', NULL, 'Otro');
INSERT INTO `ped_repuesto` VALUES (198, 'N233141', 'Bisagra', 0, 'John Deere', NULL, 'Otro');
INSERT INTO `ped_repuesto` VALUES (199, 'N231898', 'BISAGRA', 0, 'John Deere', NULL, 'Otro');
INSERT INTO `ped_repuesto` VALUES (200, 'RE46587', 'Bisagra', 0, 'John Deere', NULL, 'Otro');
INSERT INTO `ped_repuesto` VALUES (201, 'H217266', 'BOLA', 0, 'John Deere', NULL, 'Otro');
INSERT INTO `ped_repuesto` VALUES (202, 'R107859', 'Bola', 0, 'John Deere', NULL, 'Otro');
INSERT INTO `ped_repuesto` VALUES (203, 'D2361R', 'Bolilla', 0, 'John Deere', NULL, 'Otro');
INSERT INTO `ped_repuesto` VALUES (204, 'D2361R/1053', 'Bolilla', 0, 'John Deere', NULL, 'Otro');
INSERT INTO `ped_repuesto` VALUES (205, 'AA35646', 'Bolillero', 0, 'John Deere', NULL, 'Rodamiento');
INSERT INTO `ped_repuesto` VALUES (206, 'JD9050', 'Bolillero', 0, 'John Deere', NULL, 'Otro');
INSERT INTO `ped_repuesto` VALUES (207, 'RE63115', 'Bomba Aceite motor', 0, 'John Deere', NULL, 'Bomba');
INSERT INTO `ped_repuesto` VALUES (208, 'RE68707', 'Bomba Agua - Juego Retenes', 0, 'John Deere', NULL, 'Kit');
INSERT INTO `ped_repuesto` VALUES (209, 'RE543187', 'Bomba de Aceite', 0, 'John Deere', NULL, 'Otro');
INSERT INTO `ped_repuesto` VALUES (210, 'AL120106', 'Bomba de Aceite', 0, 'John Deere', NULL, 'Otro');
INSERT INTO `ped_repuesto` VALUES (211, 'RE545665', 'Bomba de Alimentacion', 0, 'John Deere', NULL, 'Bomba');
INSERT INTO `ped_repuesto` VALUES (212, 'RE66153', 'Bomba de Alimentacion', 0, 'John Deere', NULL, 'Bomba');
INSERT INTO `ped_repuesto` VALUES (213, 'RE66153 > DZ110617', 'Bomba de Alimentacion', 0, 'John Deere', NULL, 'Bomba');
INSERT INTO `ped_repuesto` VALUES (214, 'RE546883 > RE550926', 'Bomba de Alimentacion', 0, 'John Deere', NULL, 'Bomba');
INSERT INTO `ped_repuesto` VALUES (215, 'RE549153', 'Bomba de Auga', 0, 'John Deere', NULL, 'Bomba');
INSERT INTO `ped_repuesto` VALUES (216, 'AH130127', 'Bomba Direccion', 0, 'John Deere', NULL, 'Otro');
INSERT INTO `ped_repuesto` VALUES (217, 'AN305431', 'Boquilla', 0, 'John Deere', NULL, 'Boquilla');
INSERT INTO `ped_repuesto` VALUES (218, 'Conexion', 'Boquilla', 0, 'John Deere', NULL, 'Otro');
INSERT INTO `ped_repuesto` VALUES (219, 'N310756', 'Brazo', 0, 'John Deere', NULL, 'Otro');
INSERT INTO `ped_repuesto` VALUES (220, 'AA73951 > AN282117', 'Brazo', 0, 'John Deere', NULL, 'Brazo');
INSERT INTO `ped_repuesto` VALUES (221, 'AN281586 > AN282109', 'Brazo', 0, 'John Deere', NULL, 'Brazo');
INSERT INTO `ped_repuesto` VALUES (222, 'AN281587 > AN282108', 'Brazo', 0, 'John Deere', NULL, 'Brazo');
INSERT INTO `ped_repuesto` VALUES (223, 'A88091 > A98182', 'Brazo', 0, 'John Deere', NULL, 'Brazo');
INSERT INTO `ped_repuesto` VALUES (224, 'A88092 > A98182', 'Brazo', 0, 'John Deere', NULL, 'Brazo');
INSERT INTO `ped_repuesto` VALUES (225, 'AN281170', 'Brazo', 0, 'John Deere', NULL, 'Otro');
INSERT INTO `ped_repuesto` VALUES (226, 'AN281171', 'Brazo', 0, 'John Deere', NULL, 'Otro');
INSERT INTO `ped_repuesto` VALUES (227, 'H136447', 'Brazo', 0, 'John Deere', NULL, 'Otro');
INSERT INTO `ped_repuesto` VALUES (228, 'A52092', 'Brazo', 0, 'John Deere', NULL, 'Otro');
INSERT INTO `ped_repuesto` VALUES (229, 'A79648', 'Brazo', 0, 'John Deere', NULL, 'Otro');
INSERT INTO `ped_repuesto` VALUES (230, 'AN282117 > AA92485', 'BRAZO', 0, 'John Deere', NULL, 'Brazo');
INSERT INTO `ped_repuesto` VALUES (231, 'A60074', 'Brazo', 0, 'John Deere', NULL, 'Otro');
INSERT INTO `ped_repuesto` VALUES (232, 'AA73951 > AA92485', 'BRAZO', 0, 'John Deere', NULL, 'Brazo');
INSERT INTO `ped_repuesto` VALUES (233, 'N302084 > AN207692', 'Brazo de Direccion', 0, 'John Deere', NULL, 'Rueda');
INSERT INTO `ped_repuesto` VALUES (234, 'A113550', 'Brazos', 0, 'John Deere', NULL, 'Otro');
INSERT INTO `ped_repuesto` VALUES (235, 'A62042', 'Brida', 0, 'John Deere', NULL, 'Otro');
INSERT INTO `ped_repuesto` VALUES (236, 'N283636', 'Buje', 0, 'John Deere', NULL, 'Buje');
INSERT INTO `ped_repuesto` VALUES (237, 'R125974', 'Buje', 0, 'John Deere', NULL, 'Buje');
INSERT INTO `ped_repuesto` VALUES (238, 'A62046 > A82567', 'Buje', 0, 'John Deere', NULL, 'Buje');
INSERT INTO `ped_repuesto` VALUES (239, 'N282083', 'Buje', 0, 'John Deere', NULL, 'Buje');
INSERT INTO `ped_repuesto` VALUES (240, 'R82982', 'Buje', 0, 'John Deere', NULL, 'Manga Diferenial');
INSERT INTO `ped_repuesto` VALUES (241, 'R86488', 'Buje', 0, 'John Deere', NULL, 'Reductor Rueda');
INSERT INTO `ped_repuesto` VALUES (242, 'R109639', 'Buje Centro eje exterior', 0, 'John Deere', NULL, 'Otro');
INSERT INTO `ped_repuesto` VALUES (243, '03H1519', 'Bulon', 300, 'John Deere', NULL, 'Bulon');
INSERT INTO `ped_repuesto` VALUES (244, '19H3244', 'Bulon', 0, 'John Deere', NULL, 'Bulon');
INSERT INTO `ped_repuesto` VALUES (245, 'N283881 > N282625', 'Bulon', 0, 'John Deere', NULL, 'Bulon');
INSERT INTO `ped_repuesto` VALUES (246, '19H3306', 'Bulon', 0, 'John Deere', NULL, 'Bulon');
INSERT INTO `ped_repuesto` VALUES (247, '19H3799', 'Bulon', 0, 'John Deere', NULL, 'Bulon');
INSERT INTO `ped_repuesto` VALUES (248, 'N14820', 'Bulon', 0, 'John Deere', NULL, 'Bulon');
INSERT INTO `ped_repuesto` VALUES (249, '14M7528', 'Bulon', 0, 'John Deere', NULL, 'Bulon');
INSERT INTO `ped_repuesto` VALUES (250, '19H3208', 'Bulon', 0, 'John Deere', NULL, 'Bulones');
INSERT INTO `ped_repuesto` VALUES (251, '19H1890', 'Bulon', 0, 'John Deere', NULL, 'Bulon');
INSERT INTO `ped_repuesto` VALUES (252, '19H1813', 'Bulon', 0, 'John Deere', NULL, 'Bulon');
INSERT INTO `ped_repuesto` VALUES (253, '19M7790', 'Bulones de Enganche', 0, 'John Deere', NULL, 'Bulones');
INSERT INTO `ped_repuesto` VALUES (254, '19M8288', 'Bulones de Enganche', 0, 'John Deere', NULL, 'Otro');
INSERT INTO `ped_repuesto` VALUES (255, 'R196080', 'Burlete', 0, 'John Deere', NULL, 'Otro');
INSERT INTO `ped_repuesto` VALUES (256, 'AH235577', 'Cable', 0, 'John Deere', NULL, 'Otro');
INSERT INTO `ped_repuesto` VALUES (257, 'AN209198', 'Cable Simetrico', 1, 'John Deere', NULL, 'Reten');
INSERT INTO `ped_repuesto` VALUES (258, 'RE177506', 'Cable Simetrico', 0, 'John Deere', NULL, 'Cable');
INSERT INTO `ped_repuesto` VALUES (259, 'AXE28559 > J232993D', 'Cadena de Eslabones', 0, 'John Deere', NULL, 'Otro');
INSERT INTO `ped_repuesto` VALUES (260, 'AH163056', 'CAJA DE COJINETES', 0, 'John Deere', NULL, 'Otro');
INSERT INTO `ped_repuesto` VALUES (261, '57M7117', 'CAJA DE CONECTORES ELEC', 0, 'John Deere', NULL, 'Otro');
INSERT INTO `ped_repuesto` VALUES (262, 'AA57397', 'Caja de Engranajes', 10, 'John Deere', NULL, 'Otro');
INSERT INTO `ped_repuesto` VALUES (263, 'AA81649', 'Caja de Engranajes', 0, 'John Deere', NULL, 'Otro');
INSERT INTO `ped_repuesto` VALUES (264, 'E10018', 'CAJA DE RODAMIENTO EMBUTIDA', 0, 'John Deere', NULL, 'Otro');
INSERT INTO `ped_repuesto` VALUES (265, 'H152916', 'CAJA DE RODAMIENTO EMBUTIDA', 2, 'John Deere', NULL, 'Otro');
INSERT INTO `ped_repuesto` VALUES (266, 'AN50686', 'Caja de rodamiento embutida', 0, 'John Deere', NULL, 'Otro');
INSERT INTO `ped_repuesto` VALUES (267, 'H103264', 'CAJA DE RODAMIENTO EMBUTIDA', 0, 'John Deere', NULL, 'Otro');
INSERT INTO `ped_repuesto` VALUES (268, 'H113625', 'CAJA DE RODAMIENTO EMBUTIDA', 0, 'John Deere', NULL, 'Otro');
INSERT INTO `ped_repuesto` VALUES (269, 'H113626', 'CAJA DE RODAMIENTO EMBUTIDA', 0, 'John Deere', NULL, 'Otro');
INSERT INTO `ped_repuesto` VALUES (270, 'H161529', 'CAJA DE RODAMIENTO EMBUTIDA', 0, 'John Deere', NULL, 'Otro');
INSERT INTO `ped_repuesto` VALUES (271, 'HXE35167', 'Caja de rodamiento embutida', 0, 'John Deere', NULL, 'Otro');
INSERT INTO `ped_repuesto` VALUES (272, 'N15764', 'CAJA DE RODAMIENTO EMBUTIDA', 0, 'John Deere', NULL, 'Otro');
INSERT INTO `ped_repuesto` VALUES (273, 'N52258', 'CAJA DE RODAMIENTO EMBUTIDA', 0, 'John Deere', NULL, 'Otro');
INSERT INTO `ped_repuesto` VALUES (274, 'H160465', 'Caja de rodamiento embutida', 0, 'John Deere', NULL, 'Otro');
INSERT INTO `ped_repuesto` VALUES (275, 'H160466', 'Caja de rodamiento embutida', 0, 'John Deere', NULL, 'Otro');
INSERT INTO `ped_repuesto` VALUES (276, 'RE308183', 'cajon del aire acondicionado', 0, 'John Deere', NULL, 'Filtro');
INSERT INTO `ped_repuesto` VALUES (277, 'R166683', 'CALCO', 0, 'John Deere', NULL, 'Otro');
INSERT INTO `ped_repuesto` VALUES (278, 'R166684', 'CALCO', 0, 'John Deere', NULL, 'Otro');
INSERT INTO `ped_repuesto` VALUES (279, 'R166685', 'CALCO', 0, 'John Deere', NULL, 'Otro');
INSERT INTO `ped_repuesto` VALUES (280, 'R166689', 'CALCO', 0, 'John Deere', NULL, 'Otro');
INSERT INTO `ped_repuesto` VALUES (281, 'AA62767', 'Cama - Cuerpo de Siembra', 0, 'John Deere', NULL, 'Otro');
INSERT INTO `ped_repuesto` VALUES (282, 'A94259', 'Camara', 0, 'John Deere', NULL, 'Otro');
INSERT INTO `ped_repuesto` VALUES (283, 'RE50173', 'Caño', 0, 'John Deere', NULL, 'Hidrobomba');
INSERT INTO `ped_repuesto` VALUES (284, 'RE164879', 'Caño escape', 0, 'John Deere', NULL, 'Otro');
INSERT INTO `ped_repuesto` VALUES (285, 'RE226926', 'Caño escape', 0, 'John Deere', NULL, 'Otro');
INSERT INTO `ped_repuesto` VALUES (286, 'RE504017', 'Caño Inyector', 0, 'John Deere', NULL, 'Otro');
INSERT INTO `ped_repuesto` VALUES (287, 'RE509416', 'Caño Inyector', 0, 'John Deere', NULL, 'Otro');
INSERT INTO `ped_repuesto` VALUES (288, 'H147593', 'Carcasa', 0, 'John Deere', NULL, 'Otro');
INSERT INTO `ped_repuesto` VALUES (289, 'H203950 > HXE118484 ', 'Carcasa', 0, 'John Deere', NULL, 'Otro');
INSERT INTO `ped_repuesto` VALUES (290, 'AA54374', 'Carcasa', 0, 'John Deere', NULL, 'Otro');
INSERT INTO `ped_repuesto` VALUES (291, 'AA68705', 'Carcasa', 0, 'John Deere', NULL, 'Otro');
INSERT INTO `ped_repuesto` VALUES (292, 'RE22046', 'Carcasa', 1, 'John Deere', NULL, 'Otro');
INSERT INTO `ped_repuesto` VALUES (293, 'R308405', 'Carcasa', 0, 'John Deere', NULL, 'Otro');
INSERT INTO `ped_repuesto` VALUES (294, 'AR71960 > AR102797', 'Carcasa', 0, 'John Deere', NULL, 'Otro');
INSERT INTO `ped_repuesto` VALUES (295, 'RE157739 > RE250838', 'Cardan con Eje', 0, 'John Deere', NULL, 'Kit');
INSERT INTO `ped_repuesto` VALUES (296, 'RE60866', 'Carrete', 0, 'John Deere', NULL, 'Rep01');
INSERT INTO `ped_repuesto` VALUES (297, 'AT332909', 'Cartucho de Filtro', 1, 'John Deere', NULL, 'Filtro');
INSERT INTO `ped_repuesto` VALUES (298, 'AT332908', 'Cartucho de Filtro', 1, 'John Deere', NULL, 'Filtro');
INSERT INTO `ped_repuesto` VALUES (299, 'R27173', 'Cartucho de Filtro', 0, 'John Deere', NULL, 'Filtro');
INSERT INTO `ped_repuesto` VALUES (300, 'AL30394', 'Cartucho de Filtro', 0, 'John Deere', NULL, 'Filtro');
INSERT INTO `ped_repuesto` VALUES (301, 'AL30395', 'Cartucho de Filtro', 0, 'John Deere', NULL, 'Filtro');
INSERT INTO `ped_repuesto` VALUES (302, 'A302247', 'Casquillo', 0, 'John Deere', NULL, 'Otro');
INSERT INTO `ped_repuesto` VALUES (303, 'R26632', 'Casquillo', 0, 'John Deere', NULL, 'Otro');
INSERT INTO `ped_repuesto` VALUES (304, 'N280648', 'Casquillo', 0, 'John Deere', NULL, 'Otro');
INSERT INTO `ped_repuesto` VALUES (305, 'N219000', 'Casquillo', 0, 'John Deere', NULL, 'Otro');
INSERT INTO `ped_repuesto` VALUES (306, 'N219547', 'Casquillo', 0, 'John Deere', NULL, 'Otro');
INSERT INTO `ped_repuesto` VALUES (307, 'A48515', 'Casquillo', 0, 'John Deere', NULL, 'Otro');
INSERT INTO `ped_repuesto` VALUES (308, 'A78121', 'Casquillo', 0, 'John Deere', NULL, 'Otro');
INSERT INTO `ped_repuesto` VALUES (309, 'N109904', 'Casquillo', 0, 'John Deere', NULL, 'Otro');
INSERT INTO `ped_repuesto` VALUES (310, 'AR85459 > AR54481 ', 'Casquillo', 0, 'John Deere', NULL, 'Otro');
INSERT INTO `ped_repuesto` VALUES (311, 'R112071 > R538301', 'Casquillo', 0, 'John Deere', NULL, 'Otro');
INSERT INTO `ped_repuesto` VALUES (312, 'R74008', 'Casquillo', 0, 'John Deere', NULL, 'Otro');
INSERT INTO `ped_repuesto` VALUES (313, 'R34328', 'Casquillo', 0, 'John Deere', NULL, 'Otro');
INSERT INTO `ped_repuesto` VALUES (314, 'R527877', 'Casquillo', 0, 'John Deere', NULL, 'Otro');
INSERT INTO `ped_repuesto` VALUES (315, 'A62043', 'Casquillo ', 0, 'John Deere', NULL, 'Otro');
INSERT INTO `ped_repuesto` VALUES (316, '40M7119', 'Cejer Cruceta', 0, 'John Deere', NULL, 'Reductor Rueda');
INSERT INTO `ped_repuesto` VALUES (317, 'A58876', 'CEPILLO', 0, 'John Deere', NULL, 'Otro');
INSERT INTO `ped_repuesto` VALUES (318, 'RE52562 > R225262', 'Cerquillo', 0, 'John Deere', NULL, 'Otro');
INSERT INTO `ped_repuesto` VALUES (319, 'R256413', 'Cerradura', 0, 'John Deere', NULL, 'Otro');
INSERT INTO `ped_repuesto` VALUES (320, 'HXE18618', 'Chapa', 0, 'John Deere', NULL, 'Otro');
INSERT INTO `ped_repuesto` VALUES (321, 'HXE10575', 'Chapa', 4, 'John Deere', NULL, 'Otro');
INSERT INTO `ped_repuesto` VALUES (322, 'HXE10619 > HXE59506', 'Chapa de Resbale', 0, 'John Deere', NULL, 'Otro');
INSERT INTO `ped_repuesto` VALUES (323, 'HXE30972 > HXE59505', 'Chapa de Resbale', 0, 'John Deere', NULL, 'Otro');
INSERT INTO `ped_repuesto` VALUES (324, 'H223423', 'Chapa LH', 0, 'John Deere', NULL, 'Otro');
INSERT INTO `ped_repuesto` VALUES (325, 'H223421', 'Chapa RH', 0, 'John Deere', NULL, 'Otro');
INSERT INTO `ped_repuesto` VALUES (326, '49M6480', 'Chaveta', 0, 'John Deere', NULL, 'Otro');
INSERT INTO `ped_repuesto` VALUES (327, 'PM04432', 'Chaveta', 0, 'John Deere', NULL, 'Otro');
INSERT INTO `ped_repuesto` VALUES (328, 'RE234165', 'Cilindro de Gas', 0, 'John Deere', NULL, 'Tornillo');
INSERT INTO `ped_repuesto` VALUES (329, 'AL203554', 'Cilindro Gas', 1, 'John Deere', NULL, 'Otro');
INSERT INTO `ped_repuesto` VALUES (330, 'AN260358 > AH176605', 'Cilindro Hidraulico', 0, 'John Deere', NULL, 'Otro');
INSERT INTO `ped_repuesto` VALUES (331, 'AN260361 > AH176641', 'Cilindro Hidraulico', 0, 'John Deere', NULL, 'Otro');
INSERT INTO `ped_repuesto` VALUES (332, 'AA75319', 'Cilindro Hidraulico', 0, 'John Deere', NULL, 'Otro');
INSERT INTO `ped_repuesto` VALUES (333, 'AA575262', 'Cod. No exite', 0, 'John Deere', NULL, 'Otro');
INSERT INTO `ped_repuesto` VALUES (334, 'AA40182', 'Cod. No hace mas JD', 0, 'John Deere', NULL, 'Otro');
INSERT INTO `ped_repuesto` VALUES (335, 'AA76482', 'Cod. Rempl x AA77586, AA74704, AT32332', 0, 'John Deere', NULL, 'Otro');
INSERT INTO `ped_repuesto` VALUES (336, 'AH171602', 'Cojinete', 0, 'John Deere', NULL, 'Otro');
INSERT INTO `ped_repuesto` VALUES (337, 'H175727', 'COJINETE', 0, 'John Deere', NULL, 'Otro');
INSERT INTO `ped_repuesto` VALUES (338, 'JD10384', 'Cojinete', 0, 'John Deere', NULL, 'Otro');
INSERT INTO `ped_repuesto` VALUES (339, 'H240164', 'Cojinete', 15, 'John Deere', NULL, 'Otro');
INSERT INTO `ped_repuesto` VALUES (340, 'H240165', 'Cojinete', 15, 'John Deere', NULL, 'Otro');
INSERT INTO `ped_repuesto` VALUES (341, 'AH225510', 'COJINETE', 0, 'John Deere', NULL, 'Otro');
INSERT INTO `ped_repuesto` VALUES (342, 'AXE39453', 'Cojinete', 4, 'John Deere', NULL, 'Otro');
INSERT INTO `ped_repuesto` VALUES (343, 'AA50048 / A63613', 'COJINETE', 0, 'John Deere', NULL, 'Otro');
INSERT INTO `ped_repuesto` VALUES (344, 'R525767', 'COJINETE', 0, 'John Deere', NULL, 'Otro');
INSERT INTO `ped_repuesto` VALUES (345, 'RE529319', 'COJINETE', 0, 'John Deere', NULL, 'Otro');
INSERT INTO `ped_repuesto` VALUES (346, 'RE151332', 'Cojinete', 0, 'John Deere', NULL, 'Otro');
INSERT INTO `ped_repuesto` VALUES (347, 'AH219987', 'Cojinete con Alojamiento', 0, 'John Deere', NULL, 'Otro');
INSERT INTO `ped_repuesto` VALUES (348, 'N303557 ', 'Colador - Filtro Veneno', 0, 'John Deere', NULL, 'Filtro');
INSERT INTO `ped_repuesto` VALUES (349, 'AXE13435', 'Collar', 0, 'John Deere', NULL, 'Otro');
INSERT INTO `ped_repuesto` VALUES (350, 'RE225256', 'Compresor  de Asiento', 0, 'John Deere', NULL, 'Otro');
INSERT INTO `ped_repuesto` VALUES (351, 'RE532539', 'Conexion', 0, 'John Deere', NULL, 'Otro');
INSERT INTO `ped_repuesto` VALUES (352, '38H1414', 'Conexión', 0, 'John Deere', NULL, 'Otro');
INSERT INTO `ped_repuesto` VALUES (353, 'R51912', 'Conexión', 0, 'John Deere', NULL, 'Otro');
INSERT INTO `ped_repuesto` VALUES (354, 'AN204575', 'Conexion de Manguera', 0, 'John Deere', NULL, 'Otro');
INSERT INTO `ped_repuesto` VALUES (355, 'A85800', 'Conexion en TE', 0, 'John Deere', NULL, 'Conexion');
INSERT INTO `ped_repuesto` VALUES (356, 'A89893', 'Conexion en TE', 20, 'John Deere', NULL, 'Conexion');
INSERT INTO `ped_repuesto` VALUES (357, 'AH93625 > 57M8340 ', 'Conjunto Conector - Acople Hembra', 0, 'John Deere', NULL, 'Acople');
INSERT INTO `ped_repuesto` VALUES (358, 'AH164153', 'Conjunto de Barra de Acople', 0, 'John Deere', NULL, 'Otro');
INSERT INTO `ped_repuesto` VALUES (359, 'AN206377', 'Conjunto de Barra de Acople', 0, 'John Deere', NULL, 'Otro');
INSERT INTO `ped_repuesto` VALUES (360, 'RE558427', 'CONJUNTO DE POLEAS', 0, 'John Deere', NULL, 'Polea');
INSERT INTO `ped_repuesto` VALUES (361, 'RE166335 > RE320623', 'Conjunto rodadura asiento', 0, 'John Deere', NULL, 'Otro');
INSERT INTO `ped_repuesto` VALUES (362, 'H118430', 'Conjuto de Conctor Electrico', 0, 'John Deere', NULL, 'Otro');
INSERT INTO `ped_repuesto` VALUES (363, 'JD8929', 'Cono del Cojinete', 0, 'John Deere', NULL, 'Cono');
INSERT INTO `ped_repuesto` VALUES (364, 'JD9041', 'Cono del Cojinete', 0, 'John Deere', NULL, 'Cono');
INSERT INTO `ped_repuesto` VALUES (365, 'JD9043', 'Cono del Cojinete', 0, 'John Deere', NULL, 'Cono');
INSERT INTO `ped_repuesto` VALUES (366, 'JD9047', 'Cono del cojinete', 0, 'John Deere', NULL, 'Otro');
INSERT INTO `ped_repuesto` VALUES (367, 'JD7232', 'Cono del cojinete', 0, 'John Deere', NULL, 'Otro');
INSERT INTO `ped_repuesto` VALUES (368, 'AR94761', 'Cono del cojinete', 0, 'John Deere', NULL, 'Otro');
INSERT INTO `ped_repuesto` VALUES (369, 'JD10319', 'Cono del cojinete', 0, 'John Deere', NULL, 'Otro');
INSERT INTO `ped_repuesto` VALUES (370, 'JD8192', 'Cono del Cojinete', 0, 'John Deere', NULL, 'Otro');
INSERT INTO `ped_repuesto` VALUES (371, 'A59770', 'Contador', 0, 'John Deere', NULL, 'Otro');
INSERT INTO `ped_repuesto` VALUES (372, 'R263588', 'Coraza', 1, 'John Deere', NULL, 'Vantilador');
INSERT INTO `ped_repuesto` VALUES (373, 'A78091', 'Coraza', 0, 'John Deere', NULL, 'Otro');
INSERT INTO `ped_repuesto` VALUES (374, 'RE212946', 'Coraza', 0, 'John Deere', NULL, 'Otro');
INSERT INTO `ped_repuesto` VALUES (375, 'R72856 > R282201', 'Coraza', 0, 'John Deere', NULL, 'Otro');
INSERT INTO `ped_repuesto` VALUES (376, 'H154723', 'CORREA TRAPEZOIDAL', 0, 'John Deere', NULL, 'Correa');
INSERT INTO `ped_repuesto` VALUES (377, 'H154731', 'CORREA TRAPEZOIDAL', 0, 'John Deere', NULL, 'Correa');
INSERT INTO `ped_repuesto` VALUES (378, 'H218645', 'CORREA TRAPEZOIDAL', 0, 'John Deere', NULL, 'Correa');
INSERT INTO `ped_repuesto` VALUES (379, 'H221273', 'CORREA TRAPEZOIDAL', 0, 'John Deere', NULL, 'Correa');
INSERT INTO `ped_repuesto` VALUES (380, 'H236472', 'CORREA TRAPEZOIDAL', 0, 'John Deere', NULL, 'Correa');
INSERT INTO `ped_repuesto` VALUES (381, 'H238867', 'CORREA TRAPEZOIDAL', 0, 'John Deere', NULL, 'Correa');
INSERT INTO `ped_repuesto` VALUES (382, 'H241230', 'CORREA TRAPEZOIDAL', 0, 'John Deere', NULL, 'Correa');
INSERT INTO `ped_repuesto` VALUES (383, 'HXE15556', 'CORREA TRAPEZOIDAL', 0, 'John Deere', NULL, 'Correa');
INSERT INTO `ped_repuesto` VALUES (384, 'HXE15594', 'CORREA TRAPEZOIDAL', 0, 'John Deere', NULL, 'Correa');
INSERT INTO `ped_repuesto` VALUES (385, 'HXE16928', 'CORREA TRAPEZOIDAL', 0, 'John Deere', NULL, 'Correa');
INSERT INTO `ped_repuesto` VALUES (386, 'HXE32806', 'CORREA TRAPEZOIDAL', 0, 'John Deere', NULL, 'Correa');
INSERT INTO `ped_repuesto` VALUES (387, 'HXE45928', 'CORREA TRAPEZOIDAL', 0, 'John Deere', NULL, 'Correa');
INSERT INTO `ped_repuesto` VALUES (388, 'HXE46027', 'CORREA TRAPEZOIDAL', 0, 'John Deere', NULL, 'Correa');
INSERT INTO `ped_repuesto` VALUES (389, 'HXE82335', 'CORREA TRAPEZOIDAL', 0, 'John Deere', NULL, 'Correa');
INSERT INTO `ped_repuesto` VALUES (390, 'H156541 > HXE95935', 'CORREA TRAPEZOIDAL', 0, 'John Deere', NULL, 'Correa');
INSERT INTO `ped_repuesto` VALUES (391, 'R245222>R265241', 'CORREA TRAPEZOIDAL', 0, 'John Deere', NULL, 'Correa');
INSERT INTO `ped_repuesto` VALUES (392, 'R200920 > R206983', 'CORREA TRAPEZOIDAL', 0, 'John Deere', NULL, 'Correa');
INSERT INTO `ped_repuesto` VALUES (393, 'R124785 > R157687', 'CORREA TRAPEZOIDAL', 0, 'John Deere', NULL, 'Correa');
INSERT INTO `ped_repuesto` VALUES (394, 'R131213', 'CORREA TRAPEZOIDAL', 0, 'John Deere', NULL, 'Correa');
INSERT INTO `ped_repuesto` VALUES (395, 'R199163', 'CORREA TRAPEZOIDAL', 0, 'John Deere', NULL, 'Correa');
INSERT INTO `ped_repuesto` VALUES (396, 'R222393', 'CORREA TRAPEZOIDAL', 0, 'John Deere', NULL, 'Correa');
INSERT INTO `ped_repuesto` VALUES (397, 'R164820', 'CORREA TRAPEZOIDAL', 0, 'John Deere', NULL, 'Correa');
INSERT INTO `ped_repuesto` VALUES (398, 'R551298', 'CORREA TRAPEZOIDAL', 0, 'John Deere', NULL, 'Correa');
INSERT INTO `ped_repuesto` VALUES (399, 'RE60866 > RE66981', 'Corredera', 0, 'John Deere', NULL, 'Rep01');
INSERT INTO `ped_repuesto` VALUES (400, 'RE65621', 'Cruceta', 0, 'John Deere', NULL, 'Reductor Rueda');
INSERT INTO `ped_repuesto` VALUES (401, 'AH207922', 'Cruceta Cardan', 0, 'John Deere', NULL, 'Otro');
INSERT INTO `ped_repuesto` VALUES (402, 'AH232127', 'Cruceta con rodamientos', 0, 'John Deere', NULL, 'Otro');
INSERT INTO `ped_repuesto` VALUES (403, 'AH234343', 'Cruceta con rodamientos', 0, 'John Deere', NULL, 'Otro');
INSERT INTO `ped_repuesto` VALUES (404, 'JD8225', 'Cubeta', 0, 'John Deere', NULL, 'Rueda');
INSERT INTO `ped_repuesto` VALUES (405, 'A22325', 'Cubierta de Neumatico', 0, 'John Deere', NULL, 'Otro');
INSERT INTO `ped_repuesto` VALUES (406, 'A84062', 'Cubierta de Neumatico', 0, 'John Deere', NULL, 'Otro');
INSERT INTO `ped_repuesto` VALUES (407, 'A22884 > A84050', 'Cubierta de Neumatico', 0, 'John Deere', NULL, 'Otro');
INSERT INTO `ped_repuesto` VALUES (408, 'H211288', 'CUBO', 0, 'John Deere', NULL, 'Otro');
INSERT INTO `ped_repuesto` VALUES (409, 'AH225874', 'Cubo', 0, 'John Deere', NULL, 'Otro');
INSERT INTO `ped_repuesto` VALUES (410, 'AN281856', 'Cubo', 0, 'John Deere', NULL, 'Rueda');
INSERT INTO `ped_repuesto` VALUES (411, 'R50346', 'Cubo', 0, 'John Deere', NULL, 'Otro');
INSERT INTO `ped_repuesto` VALUES (412, 'R49841', 'CUBO - Masa', 0, 'John Deere', NULL, 'Rueda');
INSERT INTO `ped_repuesto` VALUES (413, 'AA46951 > AA68697', 'CUBO - Masa', 0, 'John Deere', NULL, 'Rueda');
INSERT INTO `ped_repuesto` VALUES (414, 'R179273', 'CUBRE', 0, 'John Deere', NULL, 'Otro');
INSERT INTO `ped_repuesto` VALUES (415, 'AH166489', 'Dedo', 0, 'John Deere', NULL, 'Otro');
INSERT INTO `ped_repuesto` VALUES (416, 'H169914', 'Dedo', 0, 'John Deere', NULL, 'Otro');
INSERT INTO `ped_repuesto` VALUES (417, 'H175818', 'Dedo', 0, 'John Deere', NULL, 'Otro');
INSERT INTO `ped_repuesto` VALUES (418, 'H177242', 'Dedo', 0, 'John Deere', NULL, 'Otro');
INSERT INTO `ped_repuesto` VALUES (419, 'H159065', 'Dedo', 0, 'John Deere', NULL, 'Otro');
INSERT INTO `ped_repuesto` VALUES (420, 'H201117', 'Dedo', 0, 'John Deere', NULL, 'Otro');
INSERT INTO `ped_repuesto` VALUES (421, 'R157679', 'Deflector de aceite', 0, 'John Deere', NULL, 'Otro');
INSERT INTO `ped_repuesto` VALUES (422, 'AR52785 > R49297', 'Disco', 0, 'John Deere', NULL, 'Kit');
INSERT INTO `ped_repuesto` VALUES (423, 'RE37104', 'Disco - DISK,SYNCHRONIZER WITH FACING', 0, 'John Deere', NULL, 'Otro');
INSERT INTO `ped_repuesto` VALUES (424, 'AL70272', 'Disco de embrague', 0, 'John Deere', NULL, 'Otro');
INSERT INTO `ped_repuesto` VALUES (425, 'RE234264', 'Disco Embrague', 0, 'John Deere', NULL, 'Otro');
INSERT INTO `ped_repuesto` VALUES (426, 'RE67458 > RE294017', 'Disco Embrague', 0, 'John Deere', NULL, 'Otro');
INSERT INTO `ped_repuesto` VALUES (427, 'AR26688', 'Disco Embrague eje toma fuerza', 0, 'John Deere', NULL, 'Embrague');
INSERT INTO `ped_repuesto` VALUES (428, 'AR47159', 'Disco Embrague transmision', 0, 'John Deere', NULL, 'Embrague');
INSERT INTO `ped_repuesto` VALUES (429, 'AA65219', 'Disco Plantadores', 0, 'John Deere', NULL, 'Disco');
INSERT INTO `ped_repuesto` VALUES (430, 'AA65219 > AA65248', 'Disco Plantadores', 0, 'John Deere', NULL, 'Disco');
INSERT INTO `ped_repuesto` VALUES (431, 'AN303277', 'DISTRIBUIDOR', 0, 'John Deere', NULL, 'Otro');
INSERT INTO `ped_repuesto` VALUES (432, 'AN303278', 'DISTRIBUIDOR', 0, 'John Deere', NULL, 'Otro');
INSERT INTO `ped_repuesto` VALUES (433, 'R68384', 'Distribuidor', 0, 'John Deere', NULL, 'Otro');
INSERT INTO `ped_repuesto` VALUES (434, 'A42586', 'DISTRIBUIDOR DE SEMILLAS - SOJA', 0, 'John Deere', NULL, 'Otro');
INSERT INTO `ped_repuesto` VALUES (435, 'AR108105', 'Dsico Toma de Fuerza', 0, 'John Deere', NULL, 'Otro');
INSERT INTO `ped_repuesto` VALUES (436, 'A101834', 'Eje', 0, 'John Deere', NULL, 'Otro');
INSERT INTO `ped_repuesto` VALUES (437, 'R108478', 'Eje Con Pinon', 0, 'John Deere', NULL, 'Otro');
INSERT INTO `ped_repuesto` VALUES (438, 'A75275', 'Eje Cuchilla Corte', 0, 'John Deere', NULL, 'Otro');
INSERT INTO `ped_repuesto` VALUES (439, 'R57771', 'Eje del Piston', 0, 'John Deere', NULL, 'Otro');
INSERT INTO `ped_repuesto` VALUES (440, 'AA75237', 'Electrovalvula', 0, 'John Deere', NULL, 'Otro');
INSERT INTO `ped_repuesto` VALUES (441, 'AA75238', 'Electrovalvula', 0, 'John Deere', NULL, 'Otro');
INSERT INTO `ped_repuesto` VALUES (442, 'RE52319', 'ElectroValvula', 0, 'John Deere', NULL, 'Valvula');
INSERT INTO `ped_repuesto` VALUES (443, 'RE324802', 'ElectroValvula', 0, 'John Deere', NULL, 'Otro');
INSERT INTO `ped_repuesto` VALUES (444, 'RE212444 > RE577637', 'Electrovalvula', 0, 'John Deere', NULL, 'Otro');
INSERT INTO `ped_repuesto` VALUES (445, 'RE181142 > RE211157', 'Electrovalvula', 0, 'John Deere', NULL, 'Otro');
INSERT INTO `ped_repuesto` VALUES (446, 'AA75239', 'Electrovalvula ', 0, 'John Deere', NULL, 'Otro');
INSERT INTO `ped_repuesto` VALUES (447, 'AA75242', 'Electrovalvula - SOLENOID VALVE', 0, 'John Deere', NULL, 'Otro');
INSERT INTO `ped_repuesto` VALUES (448, 'AA46619', 'Embrague', 0, 'John Deere', NULL, 'Otro');
INSERT INTO `ped_repuesto` VALUES (449, 'RE164619', 'Embrague\'Visco\'d.ventilador', 0, 'John Deere', NULL, 'Otro');
INSERT INTO `ped_repuesto` VALUES (450, 'RE274874', 'Embrague\'Visco\'d.ventilador', 0, 'John Deere', NULL, 'Otro');
INSERT INTO `ped_repuesto` VALUES (451, 'R65550', 'EMPAQUETADURA', 0, 'John Deere', NULL, 'Orring');
INSERT INTO `ped_repuesto` VALUES (452, 'R65551', 'EMPAQUETADURA', 0, 'John Deere', NULL, 'Orring');
INSERT INTO `ped_repuesto` VALUES (453, 'R67067', 'EMPAQUETADURA', 0, 'John Deere', NULL, 'Orring');
INSERT INTO `ped_repuesto` VALUES (454, 'R153185', 'Empunadura', 0, 'John Deere', NULL, 'Otro');
INSERT INTO `ped_repuesto` VALUES (455, 'R153184 > R345693', 'Empuñadura', 0, 'John Deere', NULL, 'Otro');
INSERT INTO `ped_repuesto` VALUES (456, 'H137215', 'Engranaje', 0, 'John Deere', NULL, 'Otro');
INSERT INTO `ped_repuesto` VALUES (457, 'A59679', 'Engranaje', 0, 'John Deere', NULL, 'Otro');
INSERT INTO `ped_repuesto` VALUES (458, 'R71770', 'Engranaje', 0, 'John Deere', NULL, 'Otro');
INSERT INTO `ped_repuesto` VALUES (459, 'R132249', 'Engranaje', 0, 'John Deere', NULL, 'Otro');
INSERT INTO `ped_repuesto` VALUES (460, 'H211285', 'Engranaje Conico', 0, 'John Deere', NULL, 'Otro');
INSERT INTO `ped_repuesto` VALUES (461, 'R108473', 'Engrnaje Planetario', 0, 'John Deere', NULL, 'Otro');
INSERT INTO `ped_repuesto` VALUES (462, 'R267263', 'Envoltura', 0, 'John Deere', NULL, 'Otro');
INSERT INTO `ped_repuesto` VALUES (463, 'R267263 > R551372', 'Envoltura', 0, 'John Deere', NULL, 'Otro');
INSERT INTO `ped_repuesto` VALUES (464, 'R167427', 'Envoltura', 0, 'John Deere', NULL, 'Otro');
INSERT INTO `ped_repuesto` VALUES (465, 'AH220541', 'Eslabon de Cadena', 4, 'John Deere', NULL, 'Otro');
INSERT INTO `ped_repuesto` VALUES (466, 'A62685', 'Espaciador', 0, 'John Deere', NULL, 'Otro');
INSERT INTO `ped_repuesto` VALUES (467, 'H134114', 'Espaciador', 0, 'John Deere', NULL, 'Rueda');
INSERT INTO `ped_repuesto` VALUES (468, 'R187135', 'Espaciador', 0, 'John Deere', NULL, 'Otro');
INSERT INTO `ped_repuesto` VALUES (469, 'A58977', 'ESPACIADOR', 0, 'John Deere', NULL, 'Otro');
INSERT INTO `ped_repuesto` VALUES (470, 'A95479', 'Esparrago', 0, 'John Deere', NULL, 'Otro');
INSERT INTO `ped_repuesto` VALUES (471, 'A78210', 'Esparrago - Rosca Der.', 0, 'John Deere', NULL, 'Otro');
INSERT INTO `ped_repuesto` VALUES (472, 'A79254', 'Esparrago - Rosca Izq.', 0, 'John Deere', NULL, 'Otro');
INSERT INTO `ped_repuesto` VALUES (473, 'L113717', 'Estribo', 0, 'John Deere', NULL, 'Otro');
INSERT INTO `ped_repuesto` VALUES (474, 'N281476', 'Etiqueta Adhesiva', 0, 'John Deere', NULL, 'Otro');
INSERT INTO `ped_repuesto` VALUES (475, 'A61580', 'Extremo', 0, 'John Deere', NULL, 'Otro');
INSERT INTO `ped_repuesto` VALUES (476, 'AN504655', 'Extremo de Brazo', 0, 'John Deere', NULL, 'Otro');
INSERT INTO `ped_repuesto` VALUES (477, 'AN209414', 'Extremo Direccion', 2, 'John Deere', NULL, 'Otro');
INSERT INTO `ped_repuesto` VALUES (478, 'AN209415', 'Extremo Direccion', 0, 'John Deere', NULL, 'Otro');
INSERT INTO `ped_repuesto` VALUES (479, 'RE61401', 'Extremo direccion', 0, 'John Deere', NULL, 'Otro');
INSERT INTO `ped_repuesto` VALUES (480, 'RE61402', 'Extremo direccion', 0, 'John Deere', NULL, 'Otro');
INSERT INTO `ped_repuesto` VALUES (481, 'AA58907', 'Faro', 0, 'John Deere', NULL, 'Otro');
INSERT INTO `ped_repuesto` VALUES (482, 'A62454 > AA45031', 'Faro', 0, 'John Deere', NULL, 'Otro');
INSERT INTO `ped_repuesto` VALUES (483, 'AH164497', 'FARO   ', 0, 'John Deere', NULL, 'Otro');
INSERT INTO `ped_repuesto` VALUES (484, 'AL221066', 'Filtro Aceite Hidraulico', 0, 'John Deere', NULL, 'Filtro');
INSERT INTO `ped_repuesto` VALUES (485, 'RE573817', 'Filtro Aceite Hidraulico', 5, 'John Deere', NULL, 'Filtro');
INSERT INTO `ped_repuesto` VALUES (486, 'AL203061', 'Filtro Aceite Hidraulico', 0, 'John Deere', NULL, 'Filtro');
INSERT INTO `ped_repuesto` VALUES (487, 'AN203010', 'Filtro Aceite Hidraulico -  AC/H', 6, 'John Deere', NULL, 'Filtro');
INSERT INTO `ped_repuesto` VALUES (488, 'AR75603', 'Filtro Aceite Hidraulico -  AC/H', 0, 'John Deere', NULL, 'Filtro');
INSERT INTO `ped_repuesto` VALUES (489, 'AR94510', 'Filtro Aceite Hidraulico -  AC/H', 0, 'John Deere', NULL, 'Filtro');
INSERT INTO `ped_repuesto` VALUES (490, 'RE174130', 'Filtro Aceite Hidraulico -  AC/H', 0, 'John Deere', NULL, 'Filtro');
INSERT INTO `ped_repuesto` VALUES (491, 'RE210857', 'Filtro Aceite Hidraulico -  AC/H', 0, 'John Deere', NULL, 'Filtro');
INSERT INTO `ped_repuesto` VALUES (492, 'RE504836', 'Filtro Aceite Motor AC/M', 0, 'John Deere', NULL, 'Filtro');
INSERT INTO `ped_repuesto` VALUES (493, 'T19044', 'Filtro Aceite Motor AC/M', 0, 'John Deere', NULL, 'Filtro');
INSERT INTO `ped_repuesto` VALUES (494, 'RE57394', 'Filtro Aceite Motor AC/M', 0, 'John Deere', NULL, 'Filtro');
INSERT INTO `ped_repuesto` VALUES (495, 'RE58935', 'Filtro Aceite Motor AC/M', 0, 'John Deere', NULL, 'Filtro');
INSERT INTO `ped_repuesto` VALUES (496, 'AR43634', 'Filtro Aceite Motor AC/M', 0, 'John Deere', NULL, 'Filtro');
INSERT INTO `ped_repuesto` VALUES (497, 'RE509672', 'Filtro Aceite Motor AC/M', 17, 'John Deere', NULL, 'Filtro');
INSERT INTO `ped_repuesto` VALUES (498, 'RE59754', 'Filtro Aceite Motor AC/M', 0, 'John Deere', NULL, 'Filtro');
INSERT INTO `ped_repuesto` VALUES (499, 'HXE11090', 'Filtro Aire', 1, 'John Deere', NULL, 'Filtro');
INSERT INTO `ped_repuesto` VALUES (500, 'HXE11091', 'Filtro Aire', 0, 'John Deere', NULL, 'Filtro');
INSERT INTO `ped_repuesto` VALUES (501, 'L155282 > L214634', 'Filtro Aire', 2, 'John Deere', NULL, 'Filtro');
INSERT INTO `ped_repuesto` VALUES (502, 'RE580337 > RE587791', 'Filtro Aire', 6, 'John Deere', NULL, 'Filtro');
INSERT INTO `ped_repuesto` VALUES (503, 'RE580338 > RE587792', 'Filtro Aire', 9, 'John Deere', NULL, 'Filtro');
INSERT INTO `ped_repuesto` VALUES (504, 'AT365869', 'Filtro Aire', 2, 'John Deere', NULL, 'Filtro');
INSERT INTO `ped_repuesto` VALUES (505, 'AL172780', 'Filtro Aire', 0, 'John Deere', NULL, 'Filtro');
INSERT INTO `ped_repuesto` VALUES (506, 'AL172788', 'Filtro Aire', 0, 'John Deere', NULL, 'Filtro');
INSERT INTO `ped_repuesto` VALUES (507, 'RE284091', 'Filtro Aire - A/AC', 4, 'John Deere', NULL, 'Filtro');
INSERT INTO `ped_repuesto` VALUES (508, 'RE199681', 'Filtro Aire - A/AC', 0, 'John Deere', NULL, 'Filtro');
INSERT INTO `ped_repuesto` VALUES (509, 'RE199682', 'Filtro Aire - A/AC', 0, 'John Deere', NULL, 'Filtro');
INSERT INTO `ped_repuesto` VALUES (510, 'RE24619', 'Filtro Aire - A/AC', 0, 'John Deere', NULL, 'Filtro');
INSERT INTO `ped_repuesto` VALUES (511, 'L155282', 'Filtro Aire Cabina', 0, 'John Deere', NULL, 'Filtro');
INSERT INTO `ped_repuesto` VALUES (512, 'RE291412', 'Filtro Aire Motor - A/M', 2, 'John Deere', NULL, 'Filtro');
INSERT INTO `ped_repuesto` VALUES (513, 'RE210102', 'Filtro Aire Motor - A/M', 2, 'John Deere', NULL, 'Filtro');
INSERT INTO `ped_repuesto` VALUES (514, 'RE210103', 'Filtro Aire Motor - A/M', 2, 'John Deere', NULL, 'Filtro');
INSERT INTO `ped_repuesto` VALUES (515, 'RE63932', 'Filtro Aire Motor - A/M', 0, 'John Deere', NULL, 'Filtro');
INSERT INTO `ped_repuesto` VALUES (516, 'RE63931', 'Filtro Aire Motor - A/M', 1, 'John Deere', NULL, 'Filtro');
INSERT INTO `ped_repuesto` VALUES (517, 'RE164839', 'Filtro Aire Motor - A/M', 0, 'John Deere', NULL, 'Filtro');
INSERT INTO `ped_repuesto` VALUES (518, 'RE172447', 'Filtro Aire Motor - A/M', 0, 'John Deere', NULL, 'Filtro');
INSERT INTO `ped_repuesto` VALUES (519, 'RE187966', 'Filtro Aire Motor - A/M', 0, 'John Deere', NULL, 'Filtro');
INSERT INTO `ped_repuesto` VALUES (520, 'RE51629 / RE51630', 'Filtro Aire Motor - A/M', 0, 'John Deere', NULL, 'Filtro');
INSERT INTO `ped_repuesto` VALUES (521, 'AR79942', 'Filtro Aire Motor - A/M', 0, 'John Deere', NULL, 'Filtro');
INSERT INTO `ped_repuesto` VALUES (522, ' AL150288', 'Filtro Aire Motor - A/M', 0, 'John Deere', NULL, 'Filtro');
INSERT INTO `ped_repuesto` VALUES (523, 'AR79941', 'Filtro AR/H', 0, 'John Deere', NULL, 'Filtro');
INSERT INTO `ped_repuesto` VALUES (524, 'RE523236 > RE525523', 'Filtro Combustible', 16, 'John Deere', NULL, 'Filtro');
INSERT INTO `ped_repuesto` VALUES (525, 'RE531703 > RE522687', 'Filtro Combustible', 0, 'John Deere', NULL, 'Filtro');
INSERT INTO `ped_repuesto` VALUES (526, 'AT17387', 'Filtro Combustible', 0, 'John Deere', NULL, 'Filtro');
INSERT INTO `ped_repuesto` VALUES (527, 'RE506428', 'Filtro Combustible', 6, 'John Deere', NULL, 'Filtro');
INSERT INTO `ped_repuesto` VALUES (528, 'RE515345', 'Filtro Combustible', 0, 'John Deere', NULL, 'Filtro');
INSERT INTO `ped_repuesto` VALUES (529, 'AR86745', 'Filtro Combustible', 0, 'John Deere', NULL, 'Filtro');
INSERT INTO `ped_repuesto` VALUES (530, 'RE508633', 'Filtro Combustible', 0, 'John Deere', NULL, 'Filtro');
INSERT INTO `ped_repuesto` VALUES (531, 'N378886', 'Filtro Combustible', 7, 'John Deere', NULL, 'Filtro');
INSERT INTO `ped_repuesto` VALUES (532, 'AJ11399', 'Filtro Combustible', 0, 'John Deere', NULL, 'Filtro');
INSERT INTO `ped_repuesto` VALUES (533, 'RE62419', 'Filtro Combustible', 4, 'John Deere', NULL, 'Filtro');
INSERT INTO `ped_repuesto` VALUES (534, 'RE522878', 'Filtro Combustible - Cartucho', 3, 'John Deere', NULL, 'Filtro');
INSERT INTO `ped_repuesto` VALUES (535, 'RE529643 > RE541922', 'Filtro Combustible - Cartucho', 3, 'John Deere', NULL, 'Filtro');
INSERT INTO `ped_repuesto` VALUES (536, 'RE522688 > RE522868', 'Filtro Combustible - Cartucho', 3, 'John Deere', NULL, 'Filtro');
INSERT INTO `ped_repuesto` VALUES (537, 'AT129775', 'Filtro de Aceite', 0, 'John Deere', NULL, 'Filtro');
INSERT INTO `ped_repuesto` VALUES (538, 'AL31413', 'Filtro de Aceite', 0, 'John Deere', NULL, 'Filtro');
INSERT INTO `ped_repuesto` VALUES (539, 'RE62418', 'Filtro Gas Oil', 0, 'John Deere', NULL, 'Filtro');
INSERT INTO `ped_repuesto` VALUES (540, 'DQ24057', 'Filtro Gas Oil', 4, 'John Deere', NULL, 'Filtro');
INSERT INTO `ped_repuesto` VALUES (541, 'AH128449', 'Filtro Hidraulico', 0, 'John Deere', NULL, 'Filtro');
INSERT INTO `ped_repuesto` VALUES (542, 'AN207368', 'Filtro Hidraulico', 0, 'John Deere', NULL, 'Filtro');
INSERT INTO `ped_repuesto` VALUES (543, 'AL156625 > AL221066', 'Filtro Tramision', 0, 'John Deere', NULL, 'Filtro');
INSERT INTO `ped_repuesto` VALUES (544, 'RE190342', 'Filtro Vulvo freno de mano', 0, 'John Deere', NULL, 'Otro');
INSERT INTO `ped_repuesto` VALUES (545, 'H171960', 'Fleje', 0, 'John Deere', NULL, 'Otro');
INSERT INTO `ped_repuesto` VALUES (546, 'A58875 > A90542', 'Fleje', 0, 'John Deere', NULL, 'Otro');
INSERT INTO `ped_repuesto` VALUES (547, 'AL77794', 'Fulcro', 0, 'John Deere', NULL, 'Otro');
INSERT INTO `ped_repuesto` VALUES (548, 'AR101236', 'Funda', 0, 'John Deere', NULL, 'Otro');
INSERT INTO `ped_repuesto` VALUES (549, 'A52389', 'Golpeador', 0, 'John Deere', NULL, 'Otro');
INSERT INTO `ped_repuesto` VALUES (550, 'AA79993', 'Golpeador', 10, 'John Deere', NULL, 'Otro');
INSERT INTO `ped_repuesto` VALUES (551, 'AH80490', 'Grasa Maicero', 0, 'John Deere', NULL, 'Grasa');
INSERT INTO `ped_repuesto` VALUES (552, 'TY24421', 'Grasa Picadora de Gorraje', 2, 'John Deere', NULL, 'Grasa');
INSERT INTO `ped_repuesto` VALUES (553, 'E131874', 'Grease Seal', 0, 'John Deere', NULL, 'Reten');
INSERT INTO `ped_repuesto` VALUES (554, 'PFP10470', 'Grupo de Cables', 0, 'John Deere', NULL, 'Otro');
INSERT INTO `ped_repuesto` VALUES (555, 'AA77353', 'Grupo de Cables', 0, 'John Deere', NULL, 'Otro');
INSERT INTO `ped_repuesto` VALUES (556, 'AA77354', 'Grupo de Cables', 0, 'John Deere', NULL, 'Otro');
INSERT INTO `ped_repuesto` VALUES (557, 'AA77397', 'Grupo de Cables', 0, 'John Deere', NULL, 'Otro');
INSERT INTO `ped_repuesto` VALUES (558, 'R39981 > R54059', 'Guardapolvo', 0, 'John Deere', NULL, 'Freno');
INSERT INTO `ped_repuesto` VALUES (559, 'RE60866 > R131677', 'Guia', 0, 'John Deere', NULL, 'Rep01');
INSERT INTO `ped_repuesto` VALUES (560, 'AR52785 > R48738', 'Guia', 0, 'John Deere', NULL, 'Kit');
INSERT INTO `ped_repuesto` VALUES (561, 'R39070', 'Guia', 0, 'John Deere', NULL, 'Otro');
INSERT INTO `ped_repuesto` VALUES (562, 'R39076', 'Guia', 0, 'John Deere', NULL, 'Otro');
INSERT INTO `ped_repuesto` VALUES (563, 'R121915', 'Guia', 0, 'John Deere', NULL, 'Otro');
INSERT INTO `ped_repuesto` VALUES (564, 'H229537', 'Guia de Cuchilla', 40, 'John Deere', 'H213397 Alternativo', 'Otro');
INSERT INTO `ped_repuesto` VALUES (565, 'H229538', 'Guia de Cuchilla', 40, 'John Deere', 'H213398 Alternativo', 'Otro');
INSERT INTO `ped_repuesto` VALUES (566, 'HXE18172', 'Guia de Cuchilla', 0, 'John Deere', NULL, 'Otro');
INSERT INTO `ped_repuesto` VALUES (567, 'HXE19625', 'Guia de Cuchilla', 0, 'John Deere', NULL, 'Otro');
INSERT INTO `ped_repuesto` VALUES (568, 'H228526', 'GUIA DE CUCHILLA', 0, 'John Deere', NULL, 'Otro');
INSERT INTO `ped_repuesto` VALUES (569, 'R72936 > R39242A', 'Guia de Valvula', 0, 'John Deere', NULL, 'Otro');
INSERT INTO `ped_repuesto` VALUES (570, 'H223407', 'HOJA', 0, 'John Deere', NULL, 'Otro');
INSERT INTO `ped_repuesto` VALUES (571, 'H223408', 'HOJA', 0, 'John Deere', NULL, 'Otro');
INSERT INTO `ped_repuesto` VALUES (572, 'T151568', 'Horquilla', 0, 'John Deere', NULL, 'Otro');
INSERT INTO `ped_repuesto` VALUES (573, 'AN281875 / AN282118', 'Husillo Eje Masa', 0, 'John Deere', NULL, 'Eje');
INSERT INTO `ped_repuesto` VALUES (574, 'AN281876 / AN282119', 'Husillo Eje Masa', 0, 'John Deere', NULL, 'Eje');
INSERT INTO `ped_repuesto` VALUES (575, 'N302052 > N306173', 'Impulsor', 0, 'John Deere', NULL, 'Otro');
INSERT INTO `ped_repuesto` VALUES (576, ' KK13539', 'Impulsor', 0, 'John Deere', NULL, 'Otro');
INSERT INTO `ped_repuesto` VALUES (577, 'RE52562 > RE43451', 'Int Alternante/Basculante', 0, 'John Deere', NULL, 'Otro');
INSERT INTO `ped_repuesto` VALUES (578, 'RE223554', 'Int Alternante/Basculante', 0, 'John Deere', NULL, 'Otro');
INSERT INTO `ped_repuesto` VALUES (579, 'AL36529', 'Interruptor', 0, 'John Deere', NULL, 'Otro');
INSERT INTO `ped_repuesto` VALUES (580, 'AT157547', 'Interruptor', 0, 'John Deere', NULL, 'Otro');
INSERT INTO `ped_repuesto` VALUES (581, 'A61775', 'Interruptor', 0, 'John Deere', NULL, 'Otro');
INSERT INTO `ped_repuesto` VALUES (582, 'RE52866 > RE63289', 'Interruptor', 0, 'John Deere', NULL, 'Otro');
INSERT INTO `ped_repuesto` VALUES (583, 'RE524362', 'Inyector', 0, 'John Deere', NULL, 'Otro');
INSERT INTO `ped_repuesto` VALUES (584, 'RE233383', 'Jgo de Reposa', 0, 'John Deere', NULL, 'Otro');
INSERT INTO `ped_repuesto` VALUES (585, 'AH202628', 'Juego', 0, 'John Deere', NULL, 'Otro');
INSERT INTO `ped_repuesto` VALUES (586, 'R39075 > AL71016', 'Juego', 0, 'John Deere', NULL, 'Otro');
INSERT INTO `ped_repuesto` VALUES (587, 'R163356 > RE188340', 'Juego', 0, 'John Deere', NULL, 'Valvula');
INSERT INTO `ped_repuesto` VALUES (588, 'RE188341', 'Juego', 0, 'John Deere', NULL, 'Otro');
INSERT INTO `ped_repuesto` VALUES (589, 'RE188716', 'Juego Amortiguacion Asiento', 0, 'John Deere', NULL, 'Otro');
INSERT INTO `ped_repuesto` VALUES (590, 'AH176566', 'Juego Cilindro Hidraulico', 0, 'John Deere', NULL, 'Otro');
INSERT INTO `ped_repuesto` VALUES (591, 'AH176569', 'Juego Cilindro Hidraulico', 0, 'John Deere', NULL, 'Otro');
INSERT INTO `ped_repuesto` VALUES (592, 'AH164325', 'Juego Cilindro Hidraulico', 2, 'John Deere', NULL, 'Otro');
INSERT INTO `ped_repuesto` VALUES (593, 'AH168431 > AH222165', 'Juego Cilindro Hidraulico', 0, 'John Deere', NULL, 'Otro');
INSERT INTO `ped_repuesto` VALUES (594, 'AH149813 > AHC11572', 'Juego Cilindro Hidraulico', 0, 'John Deere', NULL, 'Otro');
INSERT INTO `ped_repuesto` VALUES (595, 'AH149843 > AH212096', 'Juego Cilindro Hidraulico', 0, 'John Deere', NULL, 'Otro');
INSERT INTO `ped_repuesto` VALUES (596, 'AH150678', 'Juego de Correas', 0, 'John Deere', NULL, 'Correa');
INSERT INTO `ped_repuesto` VALUES (597, 'AH160080', 'Juego de Correas', 0, 'John Deere', NULL, 'Correa');
INSERT INTO `ped_repuesto` VALUES (598, 'RE527551', 'Juego de Junta', 0, 'John Deere', NULL, 'Otro');
INSERT INTO `ped_repuesto` VALUES (599, 'RE508156', 'Juego de Piston y Camisa', 0, 'John Deere', NULL, 'Otro');
INSERT INTO `ped_repuesto` VALUES (600, 'RE64509', 'Juego de Piston y Camisa', 0, 'John Deere', NULL, 'Otro');
INSERT INTO `ped_repuesto` VALUES (601, 'RE186601 > RE577560', 'Juego de Reparacion', 0, 'John Deere', NULL, 'Otro');
INSERT INTO `ped_repuesto` VALUES (602, 'AT224702', 'Juego de Reten', 0, 'John Deere', NULL, 'Otro');
INSERT INTO `ped_repuesto` VALUES (603, 'AT224864', 'Juego de Reten', 0, 'John Deere', NULL, 'Otro');
INSERT INTO `ped_repuesto` VALUES (604, 'PM34300748', 'Juego de Reten', 4, 'John Deere', NULL, 'Otro');
INSERT INTO `ped_repuesto` VALUES (605, 'RE543639', 'Juego de Reten', 0, 'John Deere', NULL, 'Otro');
INSERT INTO `ped_repuesto` VALUES (606, 'AT224862', 'Juego de Retenes', 0, 'John Deere', NULL, 'Otro');
INSERT INTO `ped_repuesto` VALUES (607, 'AH209116', 'Juego de Retenes', 0, 'John Deere', NULL, 'Otro');
INSERT INTO `ped_repuesto` VALUES (608, 'AN206043', 'JUEGO DE RETENES', 6, 'John Deere', NULL, 'Reten');
INSERT INTO `ped_repuesto` VALUES (609, 'RE264721', 'Juego de Suplementos', 0, 'John Deere', NULL, 'Otro');
INSERT INTO `ped_repuesto` VALUES (610, 'RE228042', 'Juego Orring - Bomba Hidraulica', 0, 'John Deere', NULL, 'Otro');
INSERT INTO `ped_repuesto` VALUES (611, 'RE188726', 'Juego para asiento', 0, 'John Deere', NULL, 'Otro');
INSERT INTO `ped_repuesto` VALUES (612, 'RE166337', 'Juego para asiento', 0, 'John Deere', NULL, 'Otro');
INSERT INTO `ped_repuesto` VALUES (613, 'RE1886600', 'Juego Reten', 0, 'John Deere', NULL, 'Reten');
INSERT INTO `ped_repuesto` VALUES (614, 'RE252945', 'Juego Retenes', 0, 'John Deere', NULL, 'Reten');
INSERT INTO `ped_repuesto` VALUES (615, 'RE43889', 'Juego Retenes', 0, 'John Deere', NULL, 'Rep01');
INSERT INTO `ped_repuesto` VALUES (616, 'RE43892', 'Juego Retenes', 0, 'John Deere', NULL, 'Rep01');
INSERT INTO `ped_repuesto` VALUES (617, 'RE174620', 'Juego Retenes', 1, 'John Deere', NULL, 'Otro');
INSERT INTO `ped_repuesto` VALUES (618, 'RE90933', 'Juegos Retenes', 0, 'John Deere', NULL, 'Kit');
INSERT INTO `ped_repuesto` VALUES (619, 'H152940', 'JUNTA', 0, 'John Deere', NULL, 'Otro');
INSERT INTO `ped_repuesto` VALUES (620, 'A62773 > A70600', 'Junta', 0, 'John Deere', NULL, 'Otro');
INSERT INTO `ped_repuesto` VALUES (621, 'R26058 > R522768', 'Junta', 0, 'John Deere', NULL, 'Junta');
INSERT INTO `ped_repuesto` VALUES (622, 'R272886', 'Junta', 0, 'John Deere', NULL, 'Junta');
INSERT INTO `ped_repuesto` VALUES (623, 'R125855', 'JUNTA', 0, 'John Deere', NULL, 'Otro');
INSERT INTO `ped_repuesto` VALUES (624, 'R42406 > R520524', 'Junta', 0, 'John Deere', NULL, 'Otro');
INSERT INTO `ped_repuesto` VALUES (625, 'R521158', 'Junta', 0, 'John Deere', NULL, 'Otro');
INSERT INTO `ped_repuesto` VALUES (626, 'R89879', 'Junta', 1, 'John Deere', NULL, 'Otro');
INSERT INTO `ped_repuesto` VALUES (627, 'R521520', 'Junta', 0, 'John Deere', NULL, 'Otro');
INSERT INTO `ped_repuesto` VALUES (628, 'R109625', 'Junta', 0, 'John Deere', NULL, 'Otro');
INSERT INTO `ped_repuesto` VALUES (629, 'DZ108711', 'Junta', 0, 'John Deere', NULL, 'Otro');
INSERT INTO `ped_repuesto` VALUES (630, 'RE54368', 'Junta', 0, 'John Deere', NULL, 'Otro');
INSERT INTO `ped_repuesto` VALUES (631, 'R114157', 'Junta de Culata', 0, 'John Deere', NULL, 'Junta');
INSERT INTO `ped_repuesto` VALUES (632, 'RE55475', 'Junta de Culata', 0, 'John Deere', NULL, 'Otro');
INSERT INTO `ped_repuesto` VALUES (633, 'R534605', 'Junta de escape', 0, 'John Deere', NULL, 'Otro');
INSERT INTO `ped_repuesto` VALUES (634, 'R130561', 'Junta Trapezoidal', 0, 'John Deere', NULL, 'Otro');
INSERT INTO `ped_repuesto` VALUES (635, 'AR82570', 'Kit - Acople Enchufe Rapido', 0, 'John Deere', NULL, 'Kit');
INSERT INTO `ped_repuesto` VALUES (636, 'AL71020', 'Kit - Cartucho de Filtro', 0, 'John Deere', NULL, 'Filtro');
INSERT INTO `ped_repuesto` VALUES (637, 'RE506501', 'Kit Bulones', 0, 'John Deere', NULL, 'Otro');
INSERT INTO `ped_repuesto` VALUES (638, 'AH146052', 'Kit Cilindro Hidro Direccion', 2, 'John Deere', 'Cilindro RE65292 / RE65293', 'Kit');
INSERT INTO `ped_repuesto` VALUES (639, 'RE177507 > RE331262', 'Kit de compresor', 0, 'John Deere', NULL, 'Otro');
INSERT INTO `ped_repuesto` VALUES (640, 'RE341709', 'Kit de Valvulas', 0, 'John Deere', NULL, 'Otro');
INSERT INTO `ped_repuesto` VALUES (641, 'AH162431', 'Kit Retenes P/ Cilindro Hidraulico', 0, 'John Deere', NULL, 'Reten');
INSERT INTO `ped_repuesto` VALUES (642, 'PF81190', 'Kit Soportes Escuadrados', 0, 'John Deere', NULL, 'Otro');
INSERT INTO `ped_repuesto` VALUES (643, 'RE60893 > RE67113', 'Kit Valvula', 0, 'John Deere', NULL, 'Otro');
INSERT INTO `ped_repuesto` VALUES (644, 'A48331 > R162459', 'Lente', 0, 'John Deere', NULL, 'Otro');
INSERT INTO `ped_repuesto` VALUES (645, 'RE12553', 'Llantas', 0, 'John Deere', NULL, 'Llanta');
INSERT INTO `ped_repuesto` VALUES (646, 'AN302514 > AN304097 > AKK22536', 'Llave de Paso', 1, 'John Deere', NULL, 'Otro');
INSERT INTO `ped_repuesto` VALUES (647, 'AXE17364 > AXE12572', 'Lona Central', 0, 'John Deere', NULL, 'Otro');
INSERT INTO `ped_repuesto` VALUES (648, 'AXE35348', 'Lona Corta', 2, 'John Deere', '2 x maquina', 'Otro');
INSERT INTO `ped_repuesto` VALUES (649, 'AXE35349', 'Lona Larga', 2, 'John Deere', '2 x maquina', 'Otro');
INSERT INTO `ped_repuesto` VALUES (650, 'AZ101891', 'Luz Giratoria', 0, 'John Deere', NULL, 'Otro');
INSERT INTO `ped_repuesto` VALUES (651, 'AM102420', 'Macho Acoplamiento Hidraulico', 0, 'John Deere', NULL, 'Otro');
INSERT INTO `ped_repuesto` VALUES (652, 'AA59671', 'Macho acoplamiento hidraulico', 0, 'John Deere', NULL, 'Otro');
INSERT INTO `ped_repuesto` VALUES (653, 'A72758', 'Malla', 0, 'John Deere', NULL, 'Otro');
INSERT INTO `ped_repuesto` VALUES (654, 'A62098', 'Manchon', 0, 'John Deere', NULL, 'Otro');
INSERT INTO `ped_repuesto` VALUES (655, 'R78202', 'Manchon', 0, 'John Deere', NULL, 'Otro');
INSERT INTO `ped_repuesto` VALUES (656, 'RE45342/RE30168', 'Mando Viscoso', 0, 'John Deere', NULL, 'Otro');
INSERT INTO `ped_repuesto` VALUES (657, 'Z63847', 'Mango', 0, 'John Deere', NULL, 'Otro');
INSERT INTO `ped_repuesto` VALUES (658, 'A81563 > A96571', 'Mango', 4, 'John Deere', NULL, 'Otro');
INSERT INTO `ped_repuesto` VALUES (659, 'N282710', 'Mango', 0, 'John Deere', NULL, 'Otro');
INSERT INTO `ped_repuesto` VALUES (660, 'AL71345', 'Mango', 0, 'John Deere', NULL, 'Otro');
INSERT INTO `ped_repuesto` VALUES (661, 'R133450 > L168271', 'Mango', 0, 'John Deere', NULL, 'Otro');
INSERT INTO `ped_repuesto` VALUES (662, 'A58818', 'Manguera', 0, 'John Deere', NULL, 'Otro');
INSERT INTO `ped_repuesto` VALUES (663, 'A89903', 'Manguera', 0, 'John Deere', NULL, 'Manguera');
INSERT INTO `ped_repuesto` VALUES (664, 'AA33985', 'Manguera', 0, 'John Deere', NULL, 'Otro');
INSERT INTO `ped_repuesto` VALUES (665, 'AR83398', 'Manguera', 0, 'John Deere', NULL, 'Manguera');
INSERT INTO `ped_repuesto` VALUES (666, 'R226646', 'Manguera', 0, 'John Deere', NULL, 'Manguera');
INSERT INTO `ped_repuesto` VALUES (667, '-', 'Manguera a Granel', 0, 'John Deere', NULL, 'Manguera');
INSERT INTO `ped_repuesto` VALUES (668, 'A81942', 'Manguera Granel', 0, 'John Deere', NULL, 'Otro');
INSERT INTO `ped_repuesto` VALUES (669, 'AH233898', 'Manguera Hidraulica', 0, 'John Deere', NULL, 'Manguera');
INSERT INTO `ped_repuesto` VALUES (670, 'AA54445', 'MANGUERA POR METROS', 1, 'John Deere', NULL, 'Manguera');
INSERT INTO `ped_repuesto` VALUES (671, 'AA54446', 'MANGUERA POR METROS', 0, 'John Deere', NULL, 'Manguera');
INSERT INTO `ped_repuesto` VALUES (672, 'A66761', 'Manguera Vacio', 1, 'John Deere', NULL, 'Manguera');
INSERT INTO `ped_repuesto` VALUES (673, 'H157812', 'MANGUITO', 0, 'John Deere', NULL, 'Otro');
INSERT INTO `ped_repuesto` VALUES (674, 'W33806', 'Manguito', 0, 'John Deere', NULL, 'Otro');
INSERT INTO `ped_repuesto` VALUES (675, 'R124701', 'Manguito', 0, 'John Deere', NULL, 'Otro');
INSERT INTO `ped_repuesto` VALUES (676, 'R128179', 'Manguito', 0, 'John Deere', NULL, 'TC');
INSERT INTO `ped_repuesto` VALUES (677, 'R127715', 'Manguito ', 0, 'John Deere', NULL, 'Otro');
INSERT INTO `ped_repuesto` VALUES (678, 'R135274', 'Manguito ', 0, 'John Deere', NULL, 'Otro');
INSERT INTO `ped_repuesto` VALUES (679, 'AN280712', 'MANOMETRO', 0, 'John Deere', NULL, 'Otro');
INSERT INTO `ped_repuesto` VALUES (680, 'RE187452', 'MANOMETRO', 0, 'John Deere', NULL, 'Otro');
INSERT INTO `ped_repuesto` VALUES (681, 'A767375', 'Masa', 0, 'John Deere', NULL, 'Otro');
INSERT INTO `ped_repuesto` VALUES (682, 'AA7536', 'Masa de Llanta 22.5', 0, 'John Deere', NULL, 'Otro');
INSERT INTO `ped_repuesto` VALUES (683, 'R49839', 'Maza', 0, 'John Deere', NULL, 'Otro');
INSERT INTO `ped_repuesto` VALUES (684, 'R250294', 'Media Polea', 0, 'John Deere', NULL, 'Otro');
INSERT INTO `ped_repuesto` VALUES (685, 'TY26829', 'Mejorador Combustible', 0, 'John Deere', NULL, 'Reten');
INSERT INTO `ped_repuesto` VALUES (686, 'A61525', 'Mitada Caño', 0, 'John Deere', NULL, 'Otro');
INSERT INTO `ped_repuesto` VALUES (687, 'RE151494', 'MOTOR', 0, 'John Deere', NULL, 'Motor');
INSERT INTO `ped_repuesto` VALUES (688, 'AA47236 > AA63861', 'MOTOR', 0, 'John Deere', NULL, 'Motor');
INSERT INTO `ped_repuesto` VALUES (689, 'AXE18535', 'Motor Draper', 0, 'John Deere', NULL, 'Otro');
INSERT INTO `ped_repuesto` VALUES (690, 'AN208053', 'Motor Hidraulico', 0, 'John Deere', NULL, 'Otro');
INSERT INTO `ped_repuesto` VALUES (691, 'AA66344 > AA84088', 'Motor Hidraulico', 0, 'John Deere', NULL, 'Motor');
INSERT INTO `ped_repuesto` VALUES (692, 'AA46580', 'Motor hidraulico', 0, 'John Deere', NULL, 'Motor');
INSERT INTO `ped_repuesto` VALUES (693, 'AA74704', 'Motor hidraulico', 0, 'John Deere', NULL, 'Motor');
INSERT INTO `ped_repuesto` VALUES (694, 'R124241', 'Muelle', 0, 'John Deere', NULL, 'Otro');
INSERT INTO `ped_repuesto` VALUES (695, 'AR52785 > R39228', 'Muelle', 0, 'John Deere', NULL, 'Kit');
INSERT INTO `ped_repuesto` VALUES (696, 'A90676', 'Muelle de Compresion', 0, 'John Deere', NULL, 'Otro');
INSERT INTO `ped_repuesto` VALUES (697, 'N282219', 'MUELLE DE TORSION', 0, 'John Deere', NULL, 'Otro');
INSERT INTO `ped_repuesto` VALUES (698, 'T17949', 'Muelle de Torsion', 0, 'John Deere', NULL, 'Reten');
INSERT INTO `ped_repuesto` VALUES (699, 'N315285', 'Muelle de traccion', 0, 'John Deere', NULL, 'Otro');
INSERT INTO `ped_repuesto` VALUES (700, 'A74643', 'Mulle - Resortes', 20, 'John Deere', NULL, 'Otro');
INSERT INTO `ped_repuesto` VALUES (701, 'A50047', 'Mulle - Resortes', 0, 'John Deere', NULL, 'Otro');
INSERT INTO `ped_repuesto` VALUES (702, 'R133095', 'Mulle de Disco', 0, 'John Deere', NULL, 'Otro');
INSERT INTO `ped_repuesto` VALUES (703, 'RE288376', 'Optica', 0, 'John Deere', NULL, 'Otro');
INSERT INTO `ped_repuesto` VALUES (704, 'T78313', 'Orring', 0, 'John Deere', NULL, 'Hidrobomba');
INSERT INTO `ped_repuesto` VALUES (705, 'R517488', 'Orring', 0, 'John Deere', NULL, 'Orring');
INSERT INTO `ped_repuesto` VALUES (706, 'PM200-G', 'Orring', 0, 'John Deere', NULL, 'Otro');
INSERT INTO `ped_repuesto` VALUES (707, 'A4540R', 'Orring', 0, 'John Deere', NULL, 'Orring');
INSERT INTO `ped_repuesto` VALUES (708, 'F37030233 > T12582', 'Orring', 0, 'John Deere', NULL, 'Orring');
INSERT INTO `ped_repuesto` VALUES (709, 'R495R', 'Orring', 0, 'John Deere', NULL, 'Hidrobomba');
INSERT INTO `ped_repuesto` VALUES (710, 'R518804 > R505146', 'Orring', 0, 'John Deere', NULL, 'Orring');
INSERT INTO `ped_repuesto` VALUES (711, 'R71732', 'Orring', 0, 'John Deere', NULL, 'Otro');
INSERT INTO `ped_repuesto` VALUES (712, 'U41966', 'Orring', 0, 'John Deere', NULL, 'Otro');
INSERT INTO `ped_repuesto` VALUES (713, 'R153825', 'Orring', 0, 'John Deere', NULL, 'Otro');
INSERT INTO `ped_repuesto` VALUES (714, 'JD8902', 'Outer Bearing', 0, 'John Deere', NULL, 'Otro');
INSERT INTO `ped_repuesto` VALUES (715, 'RE194103 > RE258526', 'Palanca', 0, 'John Deere', NULL, 'Otro');
INSERT INTO `ped_repuesto` VALUES (716, 'R33550', 'Palanca', 0, 'John Deere', NULL, 'Otro');
INSERT INTO `ped_repuesto` VALUES (717, 'RE515638', 'Palanca de cebado', 0, 'John Deere', NULL, 'Otro');
INSERT INTO `ped_repuesto` VALUES (718, 'R166669', 'PARRILLA', 0, 'John Deere', NULL, 'Otro');
INSERT INTO `ped_repuesto` VALUES (719, 'R214254', 'PARRILLA', 0, 'John Deere', NULL, 'Otro');
INSERT INTO `ped_repuesto` VALUES (720, 'PM16100031', 'Pasador', 3, 'John Deere', NULL, 'Otro');
INSERT INTO `ped_repuesto` VALUES (721, 'A36284', 'Pasador', 0, 'John Deere', NULL, 'Otro');
INSERT INTO `ped_repuesto` VALUES (722, 'RE223609', 'PASADOR', 0, 'John Deere', NULL, 'Otro');
INSERT INTO `ped_repuesto` VALUES (723, 'AN303225', 'Pastillas de Freno', 0, 'John Deere', NULL, 'Otro');
INSERT INTO `ped_repuesto` VALUES (724, '23316', 'Perno', 0, 'John Deere', NULL, 'Perno');
INSERT INTO `ped_repuesto` VALUES (725, 'H166613', 'Perno', 0, 'John Deere', NULL, 'Perno');
INSERT INTO `ped_repuesto` VALUES (726, 'R82444', 'Perno con gancho', 0, 'John Deere', NULL, 'Otro');
INSERT INTO `ped_repuesto` VALUES (727, 'R1612R', 'Perno de Centro', 0, 'John Deere', NULL, 'Otro');
INSERT INTO `ped_repuesto` VALUES (728, 'RE173568', 'Perno Enganche', 0, 'John Deere', NULL, 'Otro');
INSERT INTO `ped_repuesto` VALUES (729, 'RE254953', 'Pestillo', 0, 'John Deere', NULL, 'Otro');
INSERT INTO `ped_repuesto` VALUES (730, 'A90383 > A100148', 'Pieza Bruta de Fundicion', 0, 'John Deere', NULL, 'Otro');
INSERT INTO `ped_repuesto` VALUES (731, 'JD9170', 'PISTA EXT DE RODAMIENTO', 0, 'John Deere', NULL, 'Rodamiento');
INSERT INTO `ped_repuesto` VALUES (732, 'JD9109', 'Pista Ext de Rodamiento', 0, 'John Deere', NULL, 'Rodamiento');
INSERT INTO `ped_repuesto` VALUES (733, 'JD8251', 'Pista Ext Rodamiento', 0, 'John Deere', NULL, 'Rodamiento');
INSERT INTO `ped_repuesto` VALUES (734, 'JD8291', 'Pista ext. de rodamiento', 0, 'John Deere', NULL, 'Otro');
INSERT INTO `ped_repuesto` VALUES (735, 'R61400', 'PISTON', 0, 'John Deere', NULL, 'Otro');
INSERT INTO `ped_repuesto` VALUES (736, 'RE45374 > RE162149', 'Piston', 0, 'John Deere', NULL, 'Otro');
INSERT INTO `ped_repuesto` VALUES (737, 'H231930', 'Placa', 0, 'John Deere', NULL, 'Otro');
INSERT INTO `ped_repuesto` VALUES (738, 'H132906', 'Placa', 0, 'John Deere', NULL, 'Otro');
INSERT INTO `ped_repuesto` VALUES (739, 'AXE20014', 'Placa', 0, 'John Deere', NULL, 'Otro');
INSERT INTO `ped_repuesto` VALUES (740, 'HXE14570', 'Placa', 0, 'John Deere', NULL, 'Otro');
INSERT INTO `ped_repuesto` VALUES (741, 'H165407', 'Placa', 0, 'John Deere', NULL, 'Otro');
INSERT INTO `ped_repuesto` VALUES (742, 'R33347 > R50365', 'Placa', 0, 'John Deere', NULL, 'Otro');
INSERT INTO `ped_repuesto` VALUES (743, 'R27727', 'Placa - PLATE,SYNCHRONIZER', 0, 'John Deere', NULL, 'Otro');
INSERT INTO `ped_repuesto` VALUES (744, 'H149461', 'Placa de desgaste', 0, 'John Deere', NULL, 'Otro');
INSERT INTO `ped_repuesto` VALUES (745, 'HXE10959', 'Plastico', 0, 'John Deere', NULL, 'Otro');
INSERT INTO `ped_repuesto` VALUES (746, 'R108507', 'Plato de Embrague', 0, 'John Deere', NULL, 'Otro');
INSERT INTO `ped_repuesto` VALUES (747, 'R108530', 'Plato de Embrague', 0, 'John Deere', NULL, 'Otro');
INSERT INTO `ped_repuesto` VALUES (748, 'AH202008', 'Polea', 0, 'John Deere', NULL, 'Otro');
INSERT INTO `ped_repuesto` VALUES (749, 'R46118 > R46562', 'Polea', 0, 'John Deere', NULL, 'Otro');
INSERT INTO `ped_repuesto` VALUES (750, 'R128660', 'Polea', 0, 'John Deere', NULL, 'Otro');
INSERT INTO `ped_repuesto` VALUES (751, 'R208934', 'Polea', 0, 'John Deere', NULL, 'Otro');
INSERT INTO `ped_repuesto` VALUES (752, 'PM55PRT > AN305432', 'Porta Pico c/ 5 Boquillas c/u', 0, 'John Deere', NULL, 'Boquilla');
INSERT INTO `ped_repuesto` VALUES (753, 'A80203', 'PROTECCION', 0, 'John Deere', NULL, 'Otro');
INSERT INTO `ped_repuesto` VALUES (754, 'H227277', 'Protector', 0, 'John Deere', NULL, 'Otro');
INSERT INTO `ped_repuesto` VALUES (755, 'PMM100BRB90', 'Racor Acodado', 0, 'John Deere', NULL, 'Otro');
INSERT INTO `ped_repuesto` VALUES (756, 'HXE17296', 'RAMPA', 0, 'John Deere', NULL, 'Otro');
INSERT INTO `ped_repuesto` VALUES (757, 'HXE20152', 'RAMPA', 0, 'John Deere', NULL, 'Otro');
INSERT INTO `ped_repuesto` VALUES (758, 'AA37076', 'Rascador', 0, 'John Deere', NULL, 'Otro');
INSERT INTO `ped_repuesto` VALUES (759, 'H150219', 'Remache Patin', 0, 'John Deere', NULL, 'Otro');
INSERT INTO `ped_repuesto` VALUES (760, 'H150109', 'Remaches', 0, 'John Deere', NULL, 'Otro');
INSERT INTO `ped_repuesto` VALUES (761, 'AN205551 > AN208518', 'Reparacion Clilindro', 0, 'John Deere', NULL, 'Otro');
INSERT INTO `ped_repuesto` VALUES (762, 'RE186599', 'Reparacion Enchufe Rapido', 25, 'John Deere', 'Acople: RE577560', 'Otro');
INSERT INTO `ped_repuesto` VALUES (763, 'AT456900', 'Resistencia', 0, 'John Deere', NULL, 'Otro');
INSERT INTO `ped_repuesto` VALUES (764, 'M82163', 'Resorte', 0, 'John Deere', NULL, 'Otro');
INSERT INTO `ped_repuesto` VALUES (765, 'N282218', 'Resorte', 0, 'John Deere', NULL, 'Otro');
INSERT INTO `ped_repuesto` VALUES (766, 'N282888 > N283994', 'Resorte', 0, 'John Deere', NULL, 'Otro');
INSERT INTO `ped_repuesto` VALUES (767, 'N282889 > N283995', 'Resorte', 0, 'John Deere', NULL, 'Otro');
INSERT INTO `ped_repuesto` VALUES (768, 'R187690', 'Resorte', 0, 'John Deere', NULL, 'Otro');
INSERT INTO `ped_repuesto` VALUES (769, 'R39078', 'Resorte BBA Hidraulica', 0, 'John Deere', NULL, 'Otro');
INSERT INTO `ped_repuesto` VALUES (770, 'RE60938', 'Resorte Comando Hidro', 0, 'John Deere', NULL, 'Hidrobomba');
INSERT INTO `ped_repuesto` VALUES (771, 'RE44574', 'Reten', 0, 'John Deere', NULL, 'Reten');
INSERT INTO `ped_repuesto` VALUES (772, 'AR26480', 'RETEN', 0, 'John Deere', NULL, 'Reten');
INSERT INTO `ped_repuesto` VALUES (773, 'AN281241', 'Reten', 0, 'John Deere', NULL, 'Reten');
INSERT INTO `ped_repuesto` VALUES (774, 'A74191', 'Reten', 10, 'John Deere', NULL, 'Reten');
INSERT INTO `ped_repuesto` VALUES (775, 'A59302', 'RETEN', 0, 'John Deere', NULL, 'Reten');
INSERT INTO `ped_repuesto` VALUES (776, 'AT173348', 'RETEN', 0, 'John Deere', NULL, 'Reten');
INSERT INTO `ped_repuesto` VALUES (777, 'R53177', 'Reten', 4, 'John Deere', NULL, 'Otro');
INSERT INTO `ped_repuesto` VALUES (778, 'A46670', 'Reten', 0, 'John Deere', NULL, 'Otro');
INSERT INTO `ped_repuesto` VALUES (779, 'A62340', 'Reten', 0, 'John Deere', NULL, 'Reten');
INSERT INTO `ped_repuesto` VALUES (780, 'A70600', 'Reten', 0, 'John Deere', NULL, 'Reten');
INSERT INTO `ped_repuesto` VALUES (781, 'A61376', 'Reten', 0, 'John Deere', NULL, 'Reten');
INSERT INTO `ped_repuesto` VALUES (782, 'AH20017', 'Reten', 0, 'John Deere', NULL, 'Reten');
INSERT INTO `ped_repuesto` VALUES (783, 'AA46620', 'RETEN', 0, 'John Deere', NULL, 'Reten');
INSERT INTO `ped_repuesto` VALUES (784, 'AA26234', 'Reten', 0, 'John Deere', NULL, 'Rueda');
INSERT INTO `ped_repuesto` VALUES (785, 'B32687', 'Reten', 0, 'John Deere', NULL, 'Rueda');
INSERT INTO `ped_repuesto` VALUES (786, 'RE36282 > RE40600', 'Reten', 0, 'John Deere', NULL, 'Reductor Rueda');
INSERT INTO `ped_repuesto` VALUES (787, 'AH89023', 'Reten', 1, 'John Deere', NULL, 'Reten');
INSERT INTO `ped_repuesto` VALUES (788, 'RE49315', 'RETEN', 0, 'John Deere', NULL, 'Reten');
INSERT INTO `ped_repuesto` VALUES (789, 'RE185799 > RE65596', 'Reten', 0, 'John Deere', NULL, 'Reten');
INSERT INTO `ped_repuesto` VALUES (790, 'RE558427 > RE65591', 'Reten', 0, 'John Deere', NULL, 'Reten');
INSERT INTO `ped_repuesto` VALUES (791, 'RE65592', 'Reten', 0, 'John Deere', NULL, 'Reten');
INSERT INTO `ped_repuesto` VALUES (792, 'RE151144', 'Reten', 0, 'John Deere', NULL, 'Reten');
INSERT INTO `ped_repuesto` VALUES (793, 'RE40296', 'Reten', 1, 'John Deere', NULL, 'Reten');
INSERT INTO `ped_repuesto` VALUES (794, 'T121280', 'Reten', 1, 'John Deere', NULL, 'Reten');
INSERT INTO `ped_repuesto` VALUES (795, 'R124447', 'Reten', 0, 'John Deere', NULL, 'Rep01');
INSERT INTO `ped_repuesto` VALUES (796, 'RE261597', 'Reten', 0, 'John Deere', NULL, 'Reten');
INSERT INTO `ped_repuesto` VALUES (797, 'RE310185 > RE242987', 'Reten', 0, 'John Deere', NULL, 'Reten');
INSERT INTO `ped_repuesto` VALUES (798, 'RE61248 > RE60269', 'Reten', 0, 'John Deere', NULL, 'Reductor Rueda');
INSERT INTO `ped_repuesto` VALUES (799, 'RE61249 > RE60270', 'Reten', 0, 'John Deere', NULL, 'Manga Diferenial');
INSERT INTO `ped_repuesto` VALUES (800, 'RE154869', 'Reten', 0, 'John Deere', NULL, 'Reten');
INSERT INTO `ped_repuesto` VALUES (801, 'RE158066', 'Reten', 0, 'John Deere', NULL, 'Reten');
INSERT INTO `ped_repuesto` VALUES (802, 'RE22764 > RE520036', 'Reten', 0, 'John Deere', NULL, 'Reten');
INSERT INTO `ped_repuesto` VALUES (803, 'AT16431 > AT167936', 'Reten', 0, 'John Deere', NULL, 'Reten');
INSERT INTO `ped_repuesto` VALUES (804, 'RE300797', 'RETEN', 0, 'John Deere', NULL, 'Reten');
INSERT INTO `ped_repuesto` VALUES (805, 'RE300803', 'RETEN', 0, 'John Deere', NULL, 'Reten');
INSERT INTO `ped_repuesto` VALUES (806, 'AR39052', 'Reten', 0, 'John Deere', NULL, 'Bomba');
INSERT INTO `ped_repuesto` VALUES (807, 'RE14439', 'Reten', 2, 'John Deere', NULL, 'Reten');
INSERT INTO `ped_repuesto` VALUES (808, 'RE558427 > RE65592', 'Reten', 0, 'John Deere', NULL, 'Reten');
INSERT INTO `ped_repuesto` VALUES (809, 'RE308406', 'Reten', 0, 'John Deere', NULL, 'Reten');
INSERT INTO `ped_repuesto` VALUES (810, 'RE558427 > RE300797', 'RETEN', 0, 'John Deere', NULL, 'Reten');
INSERT INTO `ped_repuesto` VALUES (811, 'RE558427 > RE300803', 'RETEN', 0, 'John Deere', NULL, 'Reten');
INSERT INTO `ped_repuesto` VALUES (812, 'RE150317', 'Reten', 0, 'John Deere', NULL, 'Reten');
INSERT INTO `ped_repuesto` VALUES (813, 'RE150318', 'Reten', 0, 'John Deere', NULL, 'Reten');
INSERT INTO `ped_repuesto` VALUES (814, 'RE208256', 'Reten', 0, 'John Deere', NULL, 'Rep01');
INSERT INTO `ped_repuesto` VALUES (815, 'RE70230', 'Reten', 0, 'John Deere', NULL, 'Reten');
INSERT INTO `ped_repuesto` VALUES (816, 'RE13181', 'Reten', 0, 'John Deere', NULL, 'Reten');
INSERT INTO `ped_repuesto` VALUES (817, 'R502598', 'Reten', 0, 'John Deere', NULL, 'Otro');
INSERT INTO `ped_repuesto` VALUES (818, 'R502719', 'Reten', 0, 'John Deere', NULL, 'Otro');
INSERT INTO `ped_repuesto` VALUES (819, 'RE542195', 'Reten', 0, 'John Deere', NULL, 'Otro');
INSERT INTO `ped_repuesto` VALUES (820, 'AR90861', 'Reten', 0, 'John Deere', NULL, 'Reten');
INSERT INTO `ped_repuesto` VALUES (821, 'AR103873', 'Reten', 0, 'John Deere', NULL, 'Reten');
INSERT INTO `ped_repuesto` VALUES (822, 'R119207', 'Reten', 1, 'John Deere', NULL, 'Reten');
INSERT INTO `ped_repuesto` VALUES (823, 'RE32442', 'Reten', 0, 'John Deere', NULL, 'Reten');
INSERT INTO `ped_repuesto` VALUES (824, 'RE65592 > RE193099', 'Reten', 0, 'John Deere', NULL, 'Reten');
INSERT INTO `ped_repuesto` VALUES (825, 'RE65596 > RE577392', 'Reten', 0, 'John Deere', NULL, 'Reten');
INSERT INTO `ped_repuesto` VALUES (826, 'RE28790', 'Reten', 0, 'John Deere', NULL, 'Otro');
INSERT INTO `ped_repuesto` VALUES (827, 'R45126', 'Reten', 0, 'John Deere', NULL, 'Reten');
INSERT INTO `ped_repuesto` VALUES (828, 'R65285 > R79311', 'Reten', 0, 'John Deere', NULL, 'Filtro');
INSERT INTO `ped_repuesto` VALUES (829, 'RE158066 > RE576867', 'Reten', 0, 'John Deere', NULL, 'Otro');
INSERT INTO `ped_repuesto` VALUES (830, 'AR49025', 'Reten - Bancada Delantero de Motor', 0, 'John Deere', NULL, 'Reten');
INSERT INTO `ped_repuesto` VALUES (831, 'AR67942', 'Reten - Bancada Delantero de Motor', 0, 'John Deere', NULL, 'Otro');
INSERT INTO `ped_repuesto` VALUES (832, 'RE249465 > RE570092', 'Reten - Burlete', 0, 'John Deere', NULL, 'Reten');
INSERT INTO `ped_repuesto` VALUES (833, 'RE504363 > RE520036', 'Reten de Bancada', 0, 'John Deere', NULL, 'Reten');
INSERT INTO `ped_repuesto` VALUES (834, 'AR49024', 'Reten de cigüeñal', 0, 'John Deere', NULL, 'Otro');
INSERT INTO `ped_repuesto` VALUES (835, 'B13294', 'Reten Eje', 0, 'John Deere', NULL, 'Reten');
INSERT INTO `ped_repuesto` VALUES (836, 'RE168641', 'Reten Manga - Diferencial', 2, 'John Deere', NULL, 'Reten');
INSERT INTO `ped_repuesto` VALUES (837, 'RE54073', 'Reten Manga - Diferencial', 0, 'John Deere', NULL, 'Reten');
INSERT INTO `ped_repuesto` VALUES (838, 'RE50803 > RE238667', 'Reten Rotula', 0, 'John Deere', NULL, 'Reductor Rueda');
INSERT INTO `ped_repuesto` VALUES (839, 'H166612', 'Retenedor', 0, 'John Deere', NULL, 'Otro');
INSERT INTO `ped_repuesto` VALUES (840, 'H172459', 'Retenedor', 0, 'John Deere', NULL, 'Otro');
INSERT INTO `ped_repuesto` VALUES (841, 'H217264', 'RETENEDOR', 0, 'John Deere', NULL, 'Otro');
INSERT INTO `ped_repuesto` VALUES (842, 'H217265', 'RETENEDOR', 0, 'John Deere', NULL, 'Otro');
INSERT INTO `ped_repuesto` VALUES (843, 'H217909', 'Retenedor', 0, 'John Deere', NULL, 'Otro');
INSERT INTO `ped_repuesto` VALUES (844, 'R82445', 'Retenedor', 0, 'John Deere', NULL, 'Otro');
INSERT INTO `ped_repuesto` VALUES (845, 'AH226928', 'Retenedor de Cuchilla', 0, 'John Deere', NULL, 'Tornillo');
INSERT INTO `ped_repuesto` VALUES (846, 'H218949 > AH218547', 'Retenedor de Cuchilla', 0, 'John Deere', NULL, 'Otro');
INSERT INTO `ped_repuesto` VALUES (847, 'H218950 > AH218548', 'Retenedor de Cuchilla', 0, 'John Deere', NULL, 'Otro');
INSERT INTO `ped_repuesto` VALUES (848, 'JD8187', 'Rodamiento', 0, 'John Deere', NULL, 'Otro');
INSERT INTO `ped_repuesto` VALUES (849, 'JD8988', 'Rodamiento', 0, 'John Deere', NULL, 'Otro');
INSERT INTO `ped_repuesto` VALUES (850, 'PM20290014', 'Rodamiento Axial', 5, 'John Deere', NULL, 'Otro');
INSERT INTO `ped_repuesto` VALUES (851, 'RE529320', 'Rodamiento Axial', 0, 'John Deere', NULL, 'Otro');
INSERT INTO `ped_repuesto` VALUES (852, 'RE45410', 'Rodamiento de Agujas', 0, 'John Deere', NULL, 'Otro');
INSERT INTO `ped_repuesto` VALUES (853, 'AH214862', 'RODAMIENTO DE BOLAS', 8, 'John Deere', NULL, 'Rodamiento');
INSERT INTO `ped_repuesto` VALUES (854, 'AXE10322', 'RODAMIENTO DE BOLAS', 25, 'John Deere', NULL, 'Otro');
INSERT INTO `ped_repuesto` VALUES (855, 'JD39102', 'RODAMIENTO DE BOLAS', 0, 'John Deere', NULL, 'Otro');
INSERT INTO `ped_repuesto` VALUES (856, 'AH129451', 'RODAMIENTO DE BOLAS', 0, 'John Deere', NULL, 'Otro');
INSERT INTO `ped_repuesto` VALUES (857, 'AH139297', 'RODAMIENTO DE BOLAS', 0, 'John Deere', NULL, 'Otro');
INSERT INTO `ped_repuesto` VALUES (858, 'AH168161', 'RODAMIENTO DE BOLAS', 4, 'John Deere', NULL, 'Otro');
INSERT INTO `ped_repuesto` VALUES (859, 'JD39104', 'RODAMIENTO DE BOLAS', 0, 'John Deere', NULL, 'Otro');
INSERT INTO `ped_repuesto` VALUES (860, 'JD8665', 'RODAMIENTO DE BOLAS', 0, 'John Deere', NULL, 'Otro');
INSERT INTO `ped_repuesto` VALUES (861, 'JD10020', 'Rodamiento de bolas', 0, 'John Deere', NULL, 'Otro');
INSERT INTO `ped_repuesto` VALUES (862, 'JD9373', 'Rodamiento de bolas', 0, 'John Deere', NULL, 'Otro');
INSERT INTO `ped_repuesto` VALUES (863, 'JD9431 > AXE60582', 'RODAMIENTO DE BOLAS', 0, 'John Deere', NULL, 'Otro');
INSERT INTO `ped_repuesto` VALUES (864, 'AH221427 > RE175448', 'RODAMIENTO DE BOLAS', 0, 'John Deere', NULL, 'Otro');
INSERT INTO `ped_repuesto` VALUES (865, 'AH221431', 'RODAMIENTO DE BOLAS', 0, 'John Deere', NULL, 'Otro');
INSERT INTO `ped_repuesto` VALUES (866, 'AH165609', 'RODAMIENTO DE BOLAS', 0, 'John Deere', NULL, 'Otro');
INSERT INTO `ped_repuesto` VALUES (867, 'JD10018', 'RODAMIENTO DE BOLAS', 0, 'John Deere', NULL, 'Otro');
INSERT INTO `ped_repuesto` VALUES (868, 'JD9339', 'RODAMIENTO DE BOLAS', 0, 'John Deere', NULL, 'Otro');
INSERT INTO `ped_repuesto` VALUES (869, 'JD9260', 'RODAMIENTO DE BOLAS', 0, 'John Deere', NULL, 'Rodamiento');
INSERT INTO `ped_repuesto` VALUES (870, 'JD9420', 'RODAMIENTO DE BOLAS', 0, 'John Deere', NULL, 'Rodamiento');
INSERT INTO `ped_repuesto` VALUES (871, 'AN281357', 'RODAMIENTO DE BOLAS', 0, 'John Deere', NULL, 'Rodamiento');
INSERT INTO `ped_repuesto` VALUES (872, 'AN212132', 'RODAMIENTO DE BOLAS', 0, 'John Deere', 'Alt 5203KYY2', 'Bolillero');
INSERT INTO `ped_repuesto` VALUES (873, 'AA59196', 'RODAMIENTO DE BOLAS', 0, 'John Deere', NULL, 'Otro');
INSERT INTO `ped_repuesto` VALUES (874, 'RE308209', 'Rodamiento de Bolas', 0, 'John Deere', NULL, 'Otro');
INSERT INTO `ped_repuesto` VALUES (875, 'RE308210 > RE346079', 'Rodamiento de Bolas', 0, 'John Deere', NULL, 'Otro');
INSERT INTO `ped_repuesto` VALUES (876, 'RE308211 > RE346082', 'Rodamiento de Bolas', 0, 'John Deere', NULL, 'Otro');
INSERT INTO `ped_repuesto` VALUES (877, 'RE65610', 'RODAMIENTO DE BOLAS', 0, 'John Deere', NULL, 'Otro');
INSERT INTO `ped_repuesto` VALUES (878, 'RE222978', 'RODAMIENTO DE BOLAS', 0, 'John Deere', NULL, 'Otro');
INSERT INTO `ped_repuesto` VALUES (879, 'JD8735', 'RODAMIENTO DE BOLAS', 0, 'John Deere', NULL, 'Rodamiento');
INSERT INTO `ped_repuesto` VALUES (880, 'RE346081', 'Rodamiento de Bolas', 0, 'John Deere', NULL, 'Otro');
INSERT INTO `ped_repuesto` VALUES (881, 'AR27447', 'RODAMIENTO DE BOLAS', 0, 'John Deere', NULL, 'Otro');
INSERT INTO `ped_repuesto` VALUES (882, 'RE67949', 'RODAMIENTO DE BOLAS', 0, 'John Deere', NULL, 'Otro');
INSERT INTO `ped_repuesto` VALUES (883, 'A57197', 'RODILLO', 0, 'John Deere', NULL, 'Otro');
INSERT INTO `ped_repuesto` VALUES (884, 'A58473', 'RODILLO', 0, 'John Deere', NULL, 'Otro');
INSERT INTO `ped_repuesto` VALUES (885, 'A57195', 'Rodillos', 0, 'John Deere', NULL, 'Rodillo');
INSERT INTO `ped_repuesto` VALUES (886, 'A58479', 'Rodillos', 0, 'John Deere', NULL, 'Otro');
INSERT INTO `ped_repuesto` VALUES (887, 'AH155001', 'Rotula', 0, 'John Deere', NULL, 'Otro');
INSERT INTO `ped_repuesto` VALUES (888, 'AN204654', 'Rotula', 0, 'John Deere', NULL, 'Otro');
INSERT INTO `ped_repuesto` VALUES (889, 'AXE25884', 'Rueda', 0, 'John Deere', NULL, 'Otro');
INSERT INTO `ped_repuesto` VALUES (890, 'A56566', 'Rueda', 0, 'John Deere', NULL, 'Rueda');
INSERT INTO `ped_repuesto` VALUES (891, 'N281706', 'Rueda', 0, 'John Deere', NULL, 'Otro');
INSERT INTO `ped_repuesto` VALUES (892, 'N281714', 'Rueda', 0, 'John Deere', NULL, 'Otro');
INSERT INTO `ped_repuesto` VALUES (893, 'N282110', 'Rueda', 0, 'John Deere', NULL, 'Rueda');
INSERT INTO `ped_repuesto` VALUES (894, 'N282695', 'Rueda', 0, 'John Deere', NULL, 'Rueda');
INSERT INTO `ped_repuesto` VALUES (895, 'H133143', 'RUEDA DENTADA', 0, 'John Deere', NULL, 'Otro');
INSERT INTO `ped_repuesto` VALUES (896, 'A227474', 'RUEDA DENTADA', 0, 'John Deere', NULL, 'Otro');
INSERT INTO `ped_repuesto` VALUES (897, 'AA32729', 'Rueda dentada', 0, 'John Deere', NULL, 'Otro');
INSERT INTO `ped_repuesto` VALUES (898, 'AH169549', 'Rueda Loca', 0, 'John Deere', NULL, 'Otro');
INSERT INTO `ped_repuesto` VALUES (899, 'AXE12732 > AXE53186', 'Safe', 0, 'John Deere', NULL, 'Otro');
INSERT INTO `ped_repuesto` VALUES (900, 'RE575331', 'Sansor', 0, 'John Deere', NULL, 'Otro');
INSERT INTO `ped_repuesto` VALUES (901, 'H163131', 'SECCION - Cuchilla', 200, 'John Deere', 'Caja x 25', 'Otro');
INSERT INTO `ped_repuesto` VALUES (902, 'H226352', 'SECCION', 0, 'John Deere', NULL, 'Otro');
INSERT INTO `ped_repuesto` VALUES (903, 'H226351', 'SECCION', 0, 'John Deere', NULL, 'Otro');
INSERT INTO `ped_repuesto` VALUES (904, 'R124242 > R126569', 'Sector', 0, 'John Deere', NULL, 'Otro');
INSERT INTO `ped_repuesto` VALUES (905, 'H164796', 'SEGMENTOS DE PINION', 0, 'John Deere', NULL, 'Otro');
INSERT INTO `ped_repuesto` VALUES (906, 'H177988', 'SEGMENTOS DE PINON', 0, 'John Deere', NULL, 'Otro');
INSERT INTO `ped_repuesto` VALUES (907, 'R124576', 'Seguro', 1, 'John Deere', NULL, 'Otro');
INSERT INTO `ped_repuesto` VALUES (908, '40M1860', 'Seguros', 0, 'John Deere', NULL, 'Otro');
INSERT INTO `ped_repuesto` VALUES (909, 'TY15833', 'Sellador Cubierta', 0, 'John Deere', NULL, 'Otro');
INSERT INTO `ped_repuesto` VALUES (910, 'N283742 > N284024', 'Sembrador', 0, 'John Deere', NULL, 'Otro');
INSERT INTO `ped_repuesto` VALUES (911, 'N283743 > N284025', 'Sembrador', 0, 'John Deere', NULL, 'Otro');
INSERT INTO `ped_repuesto` VALUES (912, 'N283730 > N284044', 'Sembrador', 0, 'John Deere', NULL, 'Otro');
INSERT INTO `ped_repuesto` VALUES (913, 'N283731 > N284045', 'Sembrador', 0, 'John Deere', NULL, 'Otro');
INSERT INTO `ped_repuesto` VALUES (914, 'H175436', 'SEMIABRAZADERA', 0, 'John Deere', NULL, 'Otro');
INSERT INTO `ped_repuesto` VALUES (915, 'R302314 > R335472', 'SEMIPOLEA', 0, 'John Deere', NULL, 'Otro');
INSERT INTO `ped_repuesto` VALUES (916, 'RE558427 > R245118', 'SEMIPOLEA', 0, 'John Deere', NULL, 'Polea');
INSERT INTO `ped_repuesto` VALUES (917, 'R306157', 'SEMIPOLEA', 0, 'John Deere', NULL, 'Polea');
INSERT INTO `ped_repuesto` VALUES (918, 'AH228007', 'Sensor', 2, 'John Deere', NULL, 'Sensor');
INSERT INTO `ped_repuesto` VALUES (919, 'AXE17036', 'Sensor', 0, 'John Deere', NULL, 'Otro');
INSERT INTO `ped_repuesto` VALUES (920, 'AXE20081', 'Sensor', 2, 'John Deere', NULL, 'Otro');
INSERT INTO `ped_repuesto` VALUES (921, 'AA47936', 'SENSOR', 0, 'John Deere', NULL, 'Sensor');
INSERT INTO `ped_repuesto` VALUES (922, 'RE261354', 'Sensor', 0, 'John Deere', NULL, 'Sensor');
INSERT INTO `ped_repuesto` VALUES (923, 'RE71121 > RE519144 ', 'Sensor', 0, 'John Deere', NULL, 'Sensor');
INSERT INTO `ped_repuesto` VALUES (924, 'RE576665', 'Sensor', 0, 'John Deere', NULL, 'Sensor');
INSERT INTO `ped_repuesto` VALUES (925, 'RE56009 > RE167207', 'Sensor', 0, 'John Deere', NULL, 'Sensor');
INSERT INTO `ped_repuesto` VALUES (926, 'RE228758 > RE573829', 'Sensor', 1, 'John Deere', NULL, 'Otro');
INSERT INTO `ped_repuesto` VALUES (927, 'RE43526', 'Sensor Asiento', 0, 'John Deere', NULL, 'Otro');
INSERT INTO `ped_repuesto` VALUES (928, 'AXE12131', 'Sensor de perdida', 0, 'John Deere', NULL, 'Otro');
INSERT INTO `ped_repuesto` VALUES (929, 'AZ63242', 'Sensor de Velocidad', 0, 'John Deere', NULL, 'Otro');
INSERT INTO `ped_repuesto` VALUES (930, 'RE217077', 'Sensor Pres. Aceite', 0, 'John Deere', NULL, 'Sensor');
INSERT INTO `ped_repuesto` VALUES (931, 'KPPG36708', 'Sensor Rueda Mosquito', 0, 'John Deere', NULL, 'Sensor');
INSERT INTO `ped_repuesto` VALUES (932, 'RE28217', 'Sensor Temperatura Combustible', 0, 'John Deere', NULL, 'Otro');
INSERT INTO `ped_repuesto` VALUES (933, 'AA39546', 'Sensor Vacio', 0, 'John Deere', NULL, 'Sensor');
INSERT INTO `ped_repuesto` VALUES (934, 'AA46583', 'Sinfín', 0, 'John Deere', NULL, 'Otro');
INSERT INTO `ped_repuesto` VALUES (935, 'AE47999', 'Solenoide', 0, 'John Deere', NULL, 'Otro');
INSERT INTO `ped_repuesto` VALUES (936, 'AXE13241', 'Soporte', 0, 'John Deere', NULL, 'Otro');
INSERT INTO `ped_repuesto` VALUES (937, 'AXE14329', 'Soporte', 0, 'John Deere', NULL, 'Otro');
INSERT INTO `ped_repuesto` VALUES (938, 'N310754', 'Soporte', 0, 'John Deere', NULL, 'Otro');
INSERT INTO `ped_repuesto` VALUES (939, 'A84395', 'Soporte', 0, 'John Deere', NULL, 'Otro');
INSERT INTO `ped_repuesto` VALUES (940, 'A92972', 'SOPORTE', 0, 'John Deere', NULL, 'Otro');
INSERT INTO `ped_repuesto` VALUES (941, 'A92974', 'SOPORTE', 0, 'John Deere', NULL, 'Otro');
INSERT INTO `ped_repuesto` VALUES (942, 'AZ48405', 'Sujetador de Perno', 0, 'John Deere', NULL, 'Otro');
INSERT INTO `ped_repuesto` VALUES (943, 'N233905', 'SUJETADOR DE PERNO', 0, 'John Deere', NULL, 'Bulon');
INSERT INTO `ped_repuesto` VALUES (944, 'A74890', 'Sujetador de Perno', 0, 'John Deere', NULL, 'Otro');
INSERT INTO `ped_repuesto` VALUES (945, 'H137916', 'SUPLEMENTO', 0, 'John Deere', NULL, 'Otro');
INSERT INTO `ped_repuesto` VALUES (946, 'N209346', 'SUPLEMENTO', 0, 'John Deere', NULL, 'Otro');
INSERT INTO `ped_repuesto` VALUES (947, 'J16160', 'Suplemento', 0, 'John Deere', NULL, 'Otro');
INSERT INTO `ped_repuesto` VALUES (948, 'R27478', 'SUPLEMENTO', 0, 'John Deere', NULL, 'Otro');
INSERT INTO `ped_repuesto` VALUES (949, 'R56753', 'SUPLEMENTO', 0, 'John Deere', NULL, 'Otro');
INSERT INTO `ped_repuesto` VALUES (950, 'RE61181', 'Taco Goma guardabarros', 0, 'John Deere', NULL, 'Hidrobomba');
INSERT INTO `ped_repuesto` VALUES (951, 'A52577', 'Talco Sembradora ( Caja x 10kgs )', 0, 'John Deere', NULL, 'Talco');
INSERT INTO `ped_repuesto` VALUES (952, 'R63072', 'Tambor', 0, 'John Deere', NULL, 'Otro');
INSERT INTO `ped_repuesto` VALUES (953, 'RE70833 > R162192', 'Tambor', 0, 'John Deere', NULL, 'Otro');
INSERT INTO `ped_repuesto` VALUES (954, 'H168206', 'Tapa', 0, 'John Deere', NULL, 'Otro');
INSERT INTO `ped_repuesto` VALUES (955, 'HXE68265', 'Tapa', 0, 'John Deere', NULL, 'Otro');
INSERT INTO `ped_repuesto` VALUES (956, 'D10025', 'Tapa', 0, 'John Deere', NULL, 'Otro');
INSERT INTO `ped_repuesto` VALUES (957, 'A58879', 'Tapa', 0, 'John Deere', NULL, 'Otro');
INSERT INTO `ped_repuesto` VALUES (958, 'R80098', 'Tapa', 0, 'John Deere', NULL, 'Otro');
INSERT INTO `ped_repuesto` VALUES (959, 'T20129', 'Tapa', 0, 'John Deere', NULL, 'Otro');
INSERT INTO `ped_repuesto` VALUES (960, 'RE28429', 'Tapa Aceite', 1, 'John Deere', NULL, 'Otro');
INSERT INTO `ped_repuesto` VALUES (961, 'A47217', 'Tapa de cojinete', 0, 'John Deere', NULL, 'Otro');
INSERT INTO `ped_repuesto` VALUES (962, 'A90384', 'Tapa de cojinete', 0, 'John Deere', NULL, 'Otro');
INSERT INTO `ped_repuesto` VALUES (963, 'R50992', 'Tapa de masa', 0, 'John Deere', NULL, 'Tapa');
INSERT INTO `ped_repuesto` VALUES (964, 'R209409', 'Tapa de valvula', 0, 'John Deere', NULL, 'Otro');
INSERT INTO `ped_repuesto` VALUES (965, 'AN204068', 'Tapadera', 0, 'John Deere', NULL, 'Otro');
INSERT INTO `ped_repuesto` VALUES (966, 'A78269', 'Tapadera', 0, 'John Deere', NULL, 'Otro');
INSERT INTO `ped_repuesto` VALUES (967, 'A75206', 'Tapadera', 0, 'John Deere', NULL, 'Otro');
INSERT INTO `ped_repuesto` VALUES (968, 'R78027', 'Tapadera', 0, 'John Deere', NULL, 'Otro');
INSERT INTO `ped_repuesto` VALUES (969, 'R77175', 'Tapadera', 0, 'John Deere', NULL, 'Otro');
INSERT INTO `ped_repuesto` VALUES (970, 'RE213984', 'Tapadera', 0, 'John Deere', NULL, 'Otro');
INSERT INTO `ped_repuesto` VALUES (971, 'R205343', 'Tapadera', 0, 'John Deere', NULL, 'Otro');
INSERT INTO `ped_repuesto` VALUES (972, 'H155968', 'Tapadera ', 0, 'John Deere', NULL, 'Correa');
INSERT INTO `ped_repuesto` VALUES (973, 'R124207', 'Tapizado Acustico', 0, 'John Deere', NULL, 'Otro');
INSERT INTO `ped_repuesto` VALUES (974, 'R127857 > R257815', 'Tapizado Acustico', 0, 'John Deere', NULL, 'Otro');
INSERT INTO `ped_repuesto` VALUES (975, 'A78218', 'Tapon', 0, 'John Deere', NULL, 'Otro');
INSERT INTO `ped_repuesto` VALUES (976, 'R82007', 'Tapon', 0, 'John Deere', NULL, 'Otro');
INSERT INTO `ped_repuesto` VALUES (977, '99M7109', 'Tapon', 0, 'John Deere', NULL, 'Otro');
INSERT INTO `ped_repuesto` VALUES (978, 'RE558427 > RE336324', 'Tapon de Vaciado', 0, 'John Deere', NULL, 'Otro');
INSERT INTO `ped_repuesto` VALUES (979, 'RE336324', 'Tapon de Vaciado', 0, 'John Deere', NULL, 'Polea');
INSERT INTO `ped_repuesto` VALUES (980, 'R325840', 'Tapon Hermetico', 0, 'John Deere', NULL, 'Otro');
INSERT INTO `ped_repuesto` VALUES (981, 'RE55036', 'Tecla', 0, 'John Deere', NULL, 'Otro');
INSERT INTO `ped_repuesto` VALUES (982, 'RE232242', 'Tensor', 0, 'John Deere', NULL, 'Otro');
INSERT INTO `ped_repuesto` VALUES (983, 'RE193648', 'Tensor', 0, 'John Deere', NULL, 'Otro');
INSERT INTO `ped_repuesto` VALUES (984, 'RE170083 > RE249801', 'Tensor', 0, 'John Deere', NULL, 'Otro');
INSERT INTO `ped_repuesto` VALUES (985, 'RE243199', 'Tensor Polea', 0, 'John Deere', NULL, 'Otro');
INSERT INTO `ped_repuesto` VALUES (986, 'R77457', 'Terminal Electrico', 0, 'John Deere', NULL, 'Otro');
INSERT INTO `ped_repuesto` VALUES (987, 'R77456', 'Terminal Electrico', 0, 'John Deere', NULL, 'Otro');
INSERT INTO `ped_repuesto` VALUES (988, 'R77458', 'Terminal Electrico', 0, 'John Deere', NULL, 'Otro');
INSERT INTO `ped_repuesto` VALUES (989, '57M7285', 'TERMINAL ELECTRICO  ', 0, 'John Deere', NULL, 'Vario');
INSERT INTO `ped_repuesto` VALUES (990, '57M7297', 'TERMINAL ELECTRICO  ', 0, 'John Deere', NULL, 'Vario');
INSERT INTO `ped_repuesto` VALUES (991, '57M7519', 'TERMINAL ELECTRICO  ', 0, 'John Deere', NULL, 'Vario');
INSERT INTO `ped_repuesto` VALUES (992, '57M7829', 'TERMINAL ELECTRICO  ', 0, 'John Deere', NULL, 'Vario');
INSERT INTO `ped_repuesto` VALUES (993, '57M8531 > 57M10331', 'TERMINAL ELECTRICO  ', 0, 'John Deere', NULL, 'Vario');
INSERT INTO `ped_repuesto` VALUES (994, '57R7491', 'TERMINAL ELECTRICO  ', 0, 'John Deere', NULL, 'Vario');
INSERT INTO `ped_repuesto` VALUES (995, 'R104846', 'TERMINAL ELECTRICO  ', 0, 'John Deere', NULL, 'Vario');
INSERT INTO `ped_repuesto` VALUES (996, 'R104919', 'TERMINAL ELECTRICO  ', 0, 'John Deere', NULL, 'Vario');
INSERT INTO `ped_repuesto` VALUES (997, 'R65595', 'TERMINAL ELECTRICO  ', 0, 'John Deere', NULL, 'Vario');
INSERT INTO `ped_repuesto` VALUES (998, 'R77462', 'TERMINAL ELECTRICO  ', 0, 'John Deere', NULL, 'Vario');
INSERT INTO `ped_repuesto` VALUES (999, 'R77463', 'TERMINAL ELECTRICO  ', 0, 'John Deere', NULL, 'Vario');
INSERT INTO `ped_repuesto` VALUES (1000, 'R77464', 'TERMINAL ELECTRICO  ', 0, 'John Deere', NULL, 'Vario');
INSERT INTO `ped_repuesto` VALUES (1001, 'R77465', 'TERMINAL ELECTRICO  ', 0, 'John Deere', NULL, 'Vario');
INSERT INTO `ped_repuesto` VALUES (1002, 'R78057', 'TERMINAL ELECTRICO  ', 0, 'John Deere', NULL, 'Vario');
INSERT INTO `ped_repuesto` VALUES (1003, 'R78058', 'TERMINAL ELECTRICO  ', 0, 'John Deere', NULL, 'Vario');
INSERT INTO `ped_repuesto` VALUES (1004, 'R78060', 'TERMINAL ELECTRICO  ', 0, 'John Deere', NULL, 'Vario');
INSERT INTO `ped_repuesto` VALUES (1005, 'R78061', 'TERMINAL ELECTRICO  ', 0, 'John Deere', NULL, 'Vario');
INSERT INTO `ped_repuesto` VALUES (1006, 'R78065', 'TERMINAL ELECTRICO  ', 0, 'John Deere', NULL, 'Vario');
INSERT INTO `ped_repuesto` VALUES (1007, 'R78066', 'TERMINAL ELECTRICO  ', 0, 'John Deere', NULL, 'Vario');
INSERT INTO `ped_repuesto` VALUES (1008, 'T34067', 'TERMINAL ELECTRICO  ', 0, 'John Deere', NULL, 'Vario');
INSERT INTO `ped_repuesto` VALUES (1009, 'U46662', 'TERMINAL ELECTRICO  ', 0, 'John Deere', NULL, 'Vario');
INSERT INTO `ped_repuesto` VALUES (1010, 'R78067', 'TERMINAL ELECTRICO  ', 0, 'John Deere', NULL, 'Vario');
INSERT INTO `ped_repuesto` VALUES (1011, 'R78068', 'TERMINAL ELECTRICO  ', 0, 'John Deere', NULL, 'Vario');
INSERT INTO `ped_repuesto` VALUES (1012, '57M8530 > 57M10330 ', 'TERMINAL ELECTRICO  ', 0, 'John Deere', NULL, 'Vario');
INSERT INTO `ped_repuesto` VALUES (1013, '57M7278 > 57M7850', 'TERMINAL ELECTRICO  ', 0, 'John Deere', NULL, 'Vario');
INSERT INTO `ped_repuesto` VALUES (1014, 'E73240', 'TERMINAL ELECTRICO  ', 0, 'John Deere', NULL, 'Vario');
INSERT INTO `ped_repuesto` VALUES (1015, 'R124727', 'Termo', 0, 'John Deere', NULL, 'Otro');
INSERT INTO `ped_repuesto` VALUES (1016, 'RE198074', 'Termocontacto', 0, 'John Deere', NULL, 'Otro');
INSERT INTO `ped_repuesto` VALUES (1017, 'AR48675', 'TERMOSTATO', 0, 'John Deere', NULL, 'Otro');
INSERT INTO `ped_repuesto` VALUES (1018, 'H156240', 'TIRA', 0, 'John Deere', NULL, 'Otro');
INSERT INTO `ped_repuesto` VALUES (1019, 'N282843', 'Tira', 0, 'John Deere', NULL, 'Otro');
INSERT INTO `ped_repuesto` VALUES (1020, 'N219982', 'Tira', 0, 'John Deere', NULL, 'Otro');
INSERT INTO `ped_repuesto` VALUES (1021, 'A78750', 'Tolva', 0, 'John Deere', NULL, 'Otro');
INSERT INTO `ped_repuesto` VALUES (1022, 'AA86613', 'TOLVA', 0, 'John Deere', NULL, 'Otro');
INSERT INTO `ped_repuesto` VALUES (1023, 'AR52785 > R83508', 'Tope', 0, 'John Deere', NULL, 'Kit');
INSERT INTO `ped_repuesto` VALUES (1024, 'H169640 ', 'Tormillo', 0, 'John Deere', NULL, 'Otro');
INSERT INTO `ped_repuesto` VALUES (1025, 'H158341', 'TORNILLO', 0, 'John Deere', NULL, 'Tornillo');
INSERT INTO `ped_repuesto` VALUES (1026, 'H228135', 'TORNILLO', 0, 'John Deere', NULL, 'Tornillo');
INSERT INTO `ped_repuesto` VALUES (1027, '03M7195', 'TORNILLO', 25, 'John Deere', NULL, 'Tornillo');
INSERT INTO `ped_repuesto` VALUES (1028, '19M7658', 'Tornillo', 0, 'John Deere', NULL, 'Tornillo');
INSERT INTO `ped_repuesto` VALUES (1029, 'H158342', 'TORNILLO', 0, 'John Deere', NULL, 'Tornillo');
INSERT INTO `ped_repuesto` VALUES (1030, 'H158343', 'TORNILLO', 0, 'John Deere', NULL, 'Tornillo');
INSERT INTO `ped_repuesto` VALUES (1031, 'H201027', 'TORNILLO', 15, 'John Deere', NULL, 'Tornillo');
INSERT INTO `ped_repuesto` VALUES (1032, '03M7194', 'TORNILLO', 0, 'John Deere', NULL, 'Tornillo');
INSERT INTO `ped_repuesto` VALUES (1033, '03M7388', 'Tornillo', 6, 'John Deere', NULL, 'Otro');
INSERT INTO `ped_repuesto` VALUES (1034, '03M7193', 'TORNILLO', 0, 'John Deere', NULL, 'Tornillo');
INSERT INTO `ped_repuesto` VALUES (1035, 'H218025', 'Tornillo', 0, 'John Deere', NULL, 'Otro');
INSERT INTO `ped_repuesto` VALUES (1036, '03M7375', 'Tornillo', 0, 'John Deere', NULL, 'Otro');
INSERT INTO `ped_repuesto` VALUES (1037, 'H160905', 'Tornillo', 0, 'John Deere', NULL, 'Otro');
INSERT INTO `ped_repuesto` VALUES (1038, 'H208187', 'Tornillo', 0, 'John Deere', NULL, 'Otro');
INSERT INTO `ped_repuesto` VALUES (1039, 'R111437', 'Tornillo', 0, 'John Deere', NULL, 'Tornillo');
INSERT INTO `ped_repuesto` VALUES (1040, '19M7921', 'Tornillo', 2, 'John Deere', NULL, 'Otro');
INSERT INTO `ped_repuesto` VALUES (1041, 'N317903', 'Tornillo', 0, 'John Deere', NULL, 'Otro');
INSERT INTO `ped_repuesto` VALUES (1042, '19H3353', 'Tornillo', 0, 'John Deere', NULL, 'Tornillo');
INSERT INTO `ped_repuesto` VALUES (1043, '19M7759 ', 'Tornillo', 0, 'John Deere', NULL, 'Tornillo');
INSERT INTO `ped_repuesto` VALUES (1044, '19M8020', 'Tornillo', 0, 'John Deere', NULL, 'Tornillo');
INSERT INTO `ped_repuesto` VALUES (1045, '19H3065', 'Tornillo', 0, 'John Deere', NULL, 'Tornillo');
INSERT INTO `ped_repuesto` VALUES (1046, '19H3107', 'Tornillo', 0, 'John Deere', NULL, 'Bulon');
INSERT INTO `ped_repuesto` VALUES (1047, '19M6614', 'Tornillo', 0, 'John Deere', NULL, 'Tornillo');
INSERT INTO `ped_repuesto` VALUES (1048, 'R28007', 'Tornillo', 30, 'John Deere', NULL, 'Tornillo');
INSERT INTO `ped_repuesto` VALUES (1049, '19M7356', 'Tornillo', 0, 'John Deere', NULL, 'Tornillo');
INSERT INTO `ped_repuesto` VALUES (1050, '19M8021', 'Tornillo', 0, 'John Deere', NULL, 'Tornillo');
INSERT INTO `ped_repuesto` VALUES (1051, '19M8043', 'Tornillo', 0, 'John Deere', NULL, 'Tornillo');
INSERT INTO `ped_repuesto` VALUES (1052, 'N187212', 'Tornillo', 0, 'John Deere', NULL, 'Otro');
INSERT INTO `ped_repuesto` VALUES (1053, '19M8002', 'Tornillo', 0, 'John Deere', NULL, 'Otro');
INSERT INTO `ped_repuesto` VALUES (1054, '19M7759', 'TORNILLO', 0, 'John Deere', NULL, 'Otro');
INSERT INTO `ped_repuesto` VALUES (1055, 'AH168431 > H174464', 'Tornillo', 0, 'John Deere', NULL, 'Tornillo');
INSERT INTO `ped_repuesto` VALUES (1056, '19M10012', 'Tornillo', 0, 'John Deere', NULL, 'Tornillo');
INSERT INTO `ped_repuesto` VALUES (1057, '03H2070', 'Tornillo', 0, 'John Deere', NULL, 'Tornillo');
INSERT INTO `ped_repuesto` VALUES (1058, 'R40835 > R57725', 'Tornillo', 0, 'John Deere', NULL, 'Tornillo');
INSERT INTO `ped_repuesto` VALUES (1059, '19M8224', 'Tornillo', 0, 'John Deere', NULL, 'Tornillo');
INSERT INTO `ped_repuesto` VALUES (1060, '19M7892', 'Tornillo', 0, 'John Deere', NULL, 'Tornillo');
INSERT INTO `ped_repuesto` VALUES (1061, '19M7937 > 19M9354', 'Tornillo', 0, 'John Deere', NULL, 'TC');
INSERT INTO `ped_repuesto` VALUES (1062, 'R542878', 'Tornillo', 0, 'John Deere', NULL, 'Otro');
INSERT INTO `ped_repuesto` VALUES (1063, 'T21430', 'Tornillo', 0, 'John Deere', NULL, 'Otro');
INSERT INTO `ped_repuesto` VALUES (1064, 'R122618', 'Tornillo', 0, 'John Deere', NULL, 'Otro');
INSERT INTO `ped_repuesto` VALUES (1065, 'R135359', 'Tornillo', 0, 'John Deere', NULL, 'Otro');
INSERT INTO `ped_repuesto` VALUES (1066, 'R54500', 'Tornillo', 4, 'John Deere', NULL, 'Otro');
INSERT INTO `ped_repuesto` VALUES (1067, '19H3218', 'Tornillo', 0, 'John Deere', NULL, 'Otro');
INSERT INTO `ped_repuesto` VALUES (1068, 'H134600 > H210201', 'Tornillo - Masa', 0, 'John Deere', NULL, 'Rueda');
INSERT INTO `ped_repuesto` VALUES (1069, 'H218948', 'TORNILLO DE FIJACION', 0, 'John Deere', NULL, 'Tornillo');
INSERT INTO `ped_repuesto` VALUES (1070, 'AR52254', 'Tornillo de Fijacion', 0, 'John Deere', NULL, 'Otro');
INSERT INTO `ped_repuesto` VALUES (1071, 'N109977', 'TORNILLO DE RUEDA', 0, 'John Deere', NULL, 'Tornillo');
INSERT INTO `ped_repuesto` VALUES (1072, 'RE57603', 'TORSIONAL DAMPER', 0, 'John Deere', NULL, 'Otro');
INSERT INTO `ped_repuesto` VALUES (1073, 'RE523266', 'TORSIONAL DAMPER', 0, 'John Deere', NULL, 'Otro');
INSERT INTO `ped_repuesto` VALUES (1074, 'R107554 > R126570', 'TRINQUETE', 2, 'John Deere', NULL, 'Otro');
INSERT INTO `ped_repuesto` VALUES (1075, '37M7233', 'Tronillo', 0, 'John Deere', NULL, 'Tornillo');
INSERT INTO `ped_repuesto` VALUES (1076, 'AN206046', 'Tuberia', 0, 'John Deere', NULL, 'Otro');
INSERT INTO `ped_repuesto` VALUES (1077, 'RE60851', 'Tuberia de Aceite', 0, 'John Deere', NULL, 'Otro');
INSERT INTO `ped_repuesto` VALUES (1078, 'AR34697', 'Tuberia de Aceite', 0, 'John Deere', NULL, 'Reten');
INSERT INTO `ped_repuesto` VALUES (1079, 'RE186750', 'Tuberia de Aceite', 0, 'John Deere', NULL, 'Otro');
INSERT INTO `ped_repuesto` VALUES (1080, 'AL28863', 'Tuberia de Aceite', 0, 'John Deere', NULL, 'Otro');
INSERT INTO `ped_repuesto` VALUES (1081, 'AR96896', 'Tuberia de Aceite', 0, 'John Deere', NULL, 'Otro');
INSERT INTO `ped_repuesto` VALUES (1082, 'RE525516', 'Tuberia de combustible (4°)', 0, 'John Deere', NULL, 'Otro');
INSERT INTO `ped_repuesto` VALUES (1083, 'R181203', 'Tubo', 0, 'John Deere', NULL, 'Otro');
INSERT INTO `ped_repuesto` VALUES (1084, 'RE574204', 'Tubo de Escape', 0, 'John Deere', NULL, 'Otro');
INSERT INTO `ped_repuesto` VALUES (1085, 'H226769', 'Tuerca', 0, 'John Deere', NULL, 'Tuerca');
INSERT INTO `ped_repuesto` VALUES (1086, '14M7181', 'Tuerca', 0, 'John Deere', NULL, 'Tuerca');
INSERT INTO `ped_repuesto` VALUES (1087, 'N206701', 'Tuerca', 0, 'John Deere', NULL, 'Otro');
INSERT INTO `ped_repuesto` VALUES (1088, '14H1039', 'Tuerca', 0, 'John Deere', NULL, 'Tuerca');
INSERT INTO `ped_repuesto` VALUES (1089, '14M7276', 'Tuerca', 0, 'John Deere', NULL, 'Tuerca');
INSERT INTO `ped_repuesto` VALUES (1090, 'A31867', 'Tuerca', 0, 'John Deere', NULL, 'Truerca');
INSERT INTO `ped_repuesto` VALUES (1091, 'N10213', 'Tuerca', 0, 'John Deere', NULL, 'Tuerca');
INSERT INTO `ped_repuesto` VALUES (1092, '14M7260', 'Tuerca', 0, 'John Deere', NULL, 'Otro');
INSERT INTO `ped_repuesto` VALUES (1093, '14M7382', 'Tuerca', 0, 'John Deere', NULL, 'Otro');
INSERT INTO `ped_repuesto` VALUES (1094, '14H794', 'Tuerca', 8, 'John Deere', NULL, 'Tuerca');
INSERT INTO `ped_repuesto` VALUES (1095, '14H875', 'Tuerca', 0, 'John Deere', NULL, 'Otro');
INSERT INTO `ped_repuesto` VALUES (1096, '14M7303', 'Tuerca Con Brida', 0, 'John Deere', NULL, 'Tuerca');
INSERT INTO `ped_repuesto` VALUES (1097, '14M7300', 'Tuerca Con Brida', 0, 'John Deere', NULL, 'Otro');
INSERT INTO `ped_repuesto` VALUES (1098, '14M7296', 'Tuerca Con Brida', 50, 'John Deere', NULL, 'Tuerca');
INSERT INTO `ped_repuesto` VALUES (1099, 'H121472', 'Tuerca Con Brida', 0, 'John Deere', NULL, 'Otro');
INSERT INTO `ped_repuesto` VALUES (1100, 'A95487', 'Tuerca Con Brida', 0, 'John Deere', NULL, 'Otro');
INSERT INTO `ped_repuesto` VALUES (1101, '14M7298', 'Tuerca Con Brida', 0, 'John Deere', NULL, 'Otro');
INSERT INTO `ped_repuesto` VALUES (1102, 'H137328', 'TUERCA DE SEGURIDAD', 25, 'John Deere', NULL, 'Otro');
INSERT INTO `ped_repuesto` VALUES (1103, 'N169024', 'Tuerca de Seguridad', 0, 'John Deere', NULL, 'Tuerca');
INSERT INTO `ped_repuesto` VALUES (1104, 'K40015', 'Tuerca de Seguridad', 0, 'John Deere', NULL, 'Tuerca');
INSERT INTO `ped_repuesto` VALUES (1105, 'K40006', 'Tuerca de Seguridad', 0, 'John Deere', NULL, 'Tuerca');
INSERT INTO `ped_repuesto` VALUES (1106, 'N10215', 'TUERCA DE SEGURIDAD', 300, 'John Deere', NULL, 'Tuerca');
INSERT INTO `ped_repuesto` VALUES (1107, 'K40003', 'Tuerca de Seguridad', 0, 'John Deere', NULL, 'Tuerca');
INSERT INTO `ped_repuesto` VALUES (1108, 'K40018', 'Tuerca de Seguridad', 0, 'John Deere', NULL, 'Tuerca');
INSERT INTO `ped_repuesto` VALUES (1109, 'A31869', 'TUERCA DE SEGURIDAD', 0, 'John Deere', NULL, 'Otro');
INSERT INTO `ped_repuesto` VALUES (1110, '14M7165', 'Tuerca de seguridad', 0, 'John Deere', NULL, 'Otro');
INSERT INTO `ped_repuesto` VALUES (1111, 'N283345 > N283801', 'Tuerca Eje Masa', 0, 'John Deere', NULL, 'Tuerca');
INSERT INTO `ped_repuesto` VALUES (1112, 'N283344 > N283800', 'Tuerca Eje Masa', 1, 'John Deere', NULL, 'Tuerca');
INSERT INTO `ped_repuesto` VALUES (1113, 'R181134', 'Turbina', 0, 'John Deere', NULL, 'Otro');
INSERT INTO `ped_repuesto` VALUES (1114, 'DZ107131', 'Turbocompresor', 0, 'John Deere', NULL, 'Otro');
INSERT INTO `ped_repuesto` VALUES (1115, 'H171638', 'Turca', 0, 'John Deere', NULL, 'Otro');
INSERT INTO `ped_repuesto` VALUES (1116, '14M7291', 'Turca con Brida', 6, 'John Deere', NULL, 'Tuerca');
INSERT INTO `ped_repuesto` VALUES (1117, 'RE333007', 'Valv.proporc. electrohidr.', 0, 'John Deere', NULL, 'Valvula');
INSERT INTO `ped_repuesto` VALUES (1118, 'RE333009', 'Valv.proporc. electrohidr.', 0, 'John Deere', NULL, 'Valvula');
INSERT INTO `ped_repuesto` VALUES (1119, 'AH225671 > AXE49949', 'Valvula', 0, 'John Deere', NULL, 'Otro');
INSERT INTO `ped_repuesto` VALUES (1120, 'AXE21789', 'Valvula', 0, 'John Deere', NULL, 'Otro');
INSERT INTO `ped_repuesto` VALUES (1121, 'AN302466', 'Valvula', 0, 'John Deere', NULL, 'Otro');
INSERT INTO `ped_repuesto` VALUES (1122, 'RE23382', 'Valvula', 0, 'John Deere', NULL, 'Valvula');
INSERT INTO `ped_repuesto` VALUES (1123, 'AR53301', 'Valvula', 0, 'John Deere', NULL, 'Valvula');
INSERT INTO `ped_repuesto` VALUES (1124, 'RE60873', 'Valvula', 0, 'John Deere', NULL, 'Valvula');
INSERT INTO `ped_repuesto` VALUES (1125, 'R40999', 'Valvula', 0, 'John Deere', NULL, 'Val0');
INSERT INTO `ped_repuesto` VALUES (1126, 'AR72338 > RE247520', 'Valvula', 0, 'John Deere', NULL, 'Otro');
INSERT INTO `ped_repuesto` VALUES (1127, 'RE71489', 'Valvula', 0, 'John Deere', NULL, 'Valvula');
INSERT INTO `ped_repuesto` VALUES (1128, 'R53605 > T23263', 'Valvula', 0, 'John Deere', NULL, 'Otro');
INSERT INTO `ped_repuesto` VALUES (1129, 'R62724', 'Valvula', 0, 'John Deere', NULL, 'Otro');
INSERT INTO `ped_repuesto` VALUES (1130, 'RE516335', 'Valvula Combustible', 0, 'John Deere', NULL, 'Valvula');
INSERT INTO `ped_repuesto` VALUES (1131, 'DZ105071 ', 'Valvula control de succion', 0, 'John Deere', NULL, 'Otro');
INSERT INTO `ped_repuesto` VALUES (1132, 'A58881', 'Valvula de Presion Hidraulica', 0, 'John Deere', NULL, 'Otro');
INSERT INTO `ped_repuesto` VALUES (1133, 'A60763 > A109103', 'Valvula de Presion Hidraulica', 0, 'John Deere', NULL, 'Otro');
INSERT INTO `ped_repuesto` VALUES (1134, 'A89511', 'Valvula descarga de presion', 0, 'John Deere', NULL, 'Otro');
INSERT INTO `ped_repuesto` VALUES (1135, 'A89512', 'Valvula descarga de presion', 0, 'John Deere', NULL, 'Otro');
INSERT INTO `ped_repuesto` VALUES (1136, 'AA67152', 'Valvula Hidraulica', 0, 'John Deere', NULL, 'Otro');
INSERT INTO `ped_repuesto` VALUES (1137, 'AA40975', 'Valvula Hidraulica Reguladora', 0, 'John Deere', NULL, 'Valvula');
INSERT INTO `ped_repuesto` VALUES (1138, 'AXE15601', 'Varillaje', 0, 'John Deere', NULL, 'Otro');
INSERT INTO `ped_repuesto` VALUES (1139, 'N302245', 'Vastago', 0, 'John Deere', NULL, 'Otro');
INSERT INTO `ped_repuesto` VALUES (1140, 'H141855', 'Vastago', 0, 'John Deere', NULL, 'Otro');
INSERT INTO `ped_repuesto` VALUES (1141, 'R112300', 'VASTAGO', 0, 'John Deere', NULL, 'Otro');
INSERT INTO `ped_repuesto` VALUES (1142, 'AH146330', 'Vastago Cil Hidraulico', 0, 'John Deere', NULL, 'Otro');
INSERT INTO `ped_repuesto` VALUES (1143, 'AH171975', 'Vastago Direccion', 0, 'John Deere', NULL, 'Otro');
INSERT INTO `ped_repuesto` VALUES (1144, 'RE179236', 'Ventana de Aireacion', 0, 'John Deere', NULL, 'Otro');
INSERT INTO `ped_repuesto` VALUES (1145, 'RE245935', 'Ventilador', 1, 'John Deere', NULL, 'Vantilador');
INSERT INTO `ped_repuesto` VALUES (1146, 'RE237675', 'Ventilador - Motor ACC', 0, 'John Deere', NULL, 'Ventilador');
INSERT INTO `ped_repuesto` VALUES (1147, 'R157210', 'Vidrio de puerta', 0, 'John Deere', NULL, 'Otro');
INSERT INTO `ped_repuesto` VALUES (1148, 'AR47431 > AJ61819', 'Zapata de Freno', 0, 'John Deere', NULL, 'Freno');
INSERT INTO `ped_repuesto` VALUES (1149, 'H228434', '-', 0, 'John Deere', NULL, 'Otro');
INSERT INTO `ped_repuesto` VALUES (1150, 'H240377', '-', 0, 'John Deere', NULL, 'Otro');
INSERT INTO `ped_repuesto` VALUES (1151, 'HXE45448', '-', 0, 'John Deere', NULL, 'Otro');
INSERT INTO `ped_repuesto` VALUES (1152, 'AXE18525', '-', 0, 'John Deere', NULL, 'Otro');
INSERT INTO `ped_repuesto` VALUES (1153, 'AH125975', 'Rodamiento de Bolas', 6, 'John Deere', NULL, 'Otro');
INSERT INTO `ped_repuesto` VALUES (1154, 'HXE124868', '-', 0, 'John Deere', NULL, 'Correa');
INSERT INTO `ped_repuesto` VALUES (1155, 'H208137', '-', 0, 'John Deere', NULL, 'Otro');
INSERT INTO `ped_repuesto` VALUES (1156, '19M7807', '-', 0, 'John Deere', NULL, 'Otro');
INSERT INTO `ped_repuesto` VALUES (1157, '24M7207', '-', 0, 'John Deere', NULL, 'Otro');
INSERT INTO `ped_repuesto` VALUES (1158, 'HXE18103', '-', 0, 'John Deere', NULL, 'Otro');
INSERT INTO `ped_repuesto` VALUES (1159, '19M7837', '-', 0, 'John Deere', NULL, 'Otro');
INSERT INTO `ped_repuesto` VALUES (1160, '14M7313', '-', 0, 'John Deere', NULL, 'Otro');
INSERT INTO `ped_repuesto` VALUES (1161, '19M9374', '-', 0, 'John Deere', NULL, 'Otro');
INSERT INTO `ped_repuesto` VALUES (1162, 'AKK21931', '-', 0, 'John Deere', NULL, 'Otro');
INSERT INTO `ped_repuesto` VALUES (1163, 'N409310', '-', 0, 'John Deere', NULL, 'Otro');
INSERT INTO `ped_repuesto` VALUES (1164, 'AN207183', '-', 0, 'John Deere', NULL, 'Otro');
INSERT INTO `ped_repuesto` VALUES (1165, 'AA57258', '-', 0, 'John Deere', NULL, 'Otro');
INSERT INTO `ped_repuesto` VALUES (1166, 'R65432', '-', 0, 'John Deere', NULL, 'Otro');
INSERT INTO `ped_repuesto` VALUES (1167, 'R124455 > R111238', '-', 0, 'John Deere', NULL, 'Hidrobomba');
INSERT INTO `ped_repuesto` VALUES (1168, 'R34812', '-', 0, 'John Deere', NULL, 'Otro');
INSERT INTO `ped_repuesto` VALUES (1169, 'T11925', '-', 0, 'John Deere', NULL, 'Otro');
INSERT INTO `ped_repuesto` VALUES (1170, 'T11932', '-', 0, 'John Deere', NULL, 'Otro');
INSERT INTO `ped_repuesto` VALUES (1171, 'R45418', '-', 0, 'John Deere', NULL, 'Otro');
INSERT INTO `ped_repuesto` VALUES (1172, 'RE541922', 'Filtro Gas-Oil', 3, 'John Deere', NULL, 'Filtro');
INSERT INTO `ped_repuesto` VALUES (1173, ' R40072', '-', 0, 'John Deere', NULL, 'Val0');
INSERT INTO `ped_repuesto` VALUES (1174, '24H1283', '-', 0, 'John Deere', NULL, 'Val0');
INSERT INTO `ped_repuesto` VALUES (1175, 'AR63906', '-', 0, 'John Deere', NULL, 'Val0');
INSERT INTO `ped_repuesto` VALUES (1176, 'R40562', '-', 0, 'John Deere', NULL, 'Val0');
INSERT INTO `ped_repuesto` VALUES (1177, '34M7126', '-', 0, 'John Deere', NULL, 'Otro');
INSERT INTO `ped_repuesto` VALUES (1178, 'R95494', '-', 0, 'John Deere', NULL, 'Otro');
INSERT INTO `ped_repuesto` VALUES (1179, '24M7024', '-', 0, 'John Deere', NULL, 'Otro');
INSERT INTO `ped_repuesto` VALUES (1180, 'R6543', '-', 0, 'John Deere', NULL, 'Otro');
INSERT INTO `ped_repuesto` VALUES (1181, 'RE250561', '-', 0, 'John Deere', NULL, 'Otro');
INSERT INTO `ped_repuesto` VALUES (1182, '57M8964', '-', 0, 'John Deere', NULL, 'Otro');
INSERT INTO `ped_repuesto` VALUES (1183, 'A1116', '-', 0, 'John Deere', NULL, 'Otro');
INSERT INTO `ped_repuesto` VALUES (1184, 'A1117', '-', 0, 'John Deere', NULL, 'Otro');
INSERT INTO `ped_repuesto` VALUES (1185, 'R63684', '-', 0, 'John Deere', NULL, 'Otro');
INSERT INTO `ped_repuesto` VALUES (1186, '57M11106', '-', 0, 'John Deere', NULL, 'Otro');
INSERT INTO `ped_repuesto` VALUES (1187, 'A64447', '-', 0, 'John Deere', NULL, 'Otro');
INSERT INTO `ped_repuesto` VALUES (1188, 'RE58224', '-', 0, 'John Deere', NULL, 'Otro');
INSERT INTO `ped_repuesto` VALUES (1189, 'RE38725', 'Reten', 2, 'John Deere', NULL, 'Otro');
INSERT INTO `ped_repuesto` VALUES (1190, 'RE60467', '-', 0, 'John Deere', NULL, 'Otro');
INSERT INTO `ped_repuesto` VALUES (1191, 'JD7370', '-', 0, 'John Deere', NULL, 'Otro');
INSERT INTO `ped_repuesto` VALUES (1192, 'JD7297', '-', 0, 'John Deere', NULL, 'Otro');
INSERT INTO `ped_repuesto` VALUES (1193, 'R59598', '-', 0, 'John Deere', NULL, 'Otro');
INSERT INTO `ped_repuesto` VALUES (1194, 'R51856', '-', 0, 'John Deere', NULL, 'Otro');
INSERT INTO `ped_repuesto` VALUES (1195, 'R70429', '-', 0, 'John Deere', NULL, 'Otro');
INSERT INTO `ped_repuesto` VALUES (1196, 'AT32331', '-', 0, 'John Deere', NULL, 'Otro');
INSERT INTO `ped_repuesto` VALUES (1197, 'F3171R', '-', 0, 'John Deere', NULL, 'Otro');
INSERT INTO `ped_repuesto` VALUES (1198, 'R108534', '-', 0, 'John Deere', NULL, 'Otro');
INSERT INTO `ped_repuesto` VALUES (1199, 'R122374', '-', 0, 'John Deere', NULL, 'Otro');
INSERT INTO `ped_repuesto` VALUES (1200, 'XXX666', 'X6', 0, 'marca', NULL, 'Otro');
INSERT INTO `ped_repuesto` VALUES (1201, 'XXX696969', 'xs', 0, 'marca', '2', 'Otro');
INSERT INTO `ped_repuesto` VALUES (1202, 'XXX333', 'test estt', 0, 'John Deere', 'Test', 'Otro');
INSERT INTO `ped_repuesto` VALUES (1203, 'JD9338', ' Rodamiento de Bolas', 8, 'John Deere', NULL, 'Rodamineto');
INSERT INTO `ped_repuesto` VALUES (1204, '19023', 'Muelle', 2, 'John Deere', NULL, 'Otro');
INSERT INTO `ped_repuesto` VALUES (1205, 'H215214', 'Cancamo', 1, 'John Deere', NULL, 'Otro');
INSERT INTO `ped_repuesto` VALUES (1206, 'AXE21049', ' Motor Hidraulico', 1, 'John Deere', NULL, 'Motor');
INSERT INTO `ped_repuesto` VALUES (1207, 'AXE21048', 'Motor Hidraulico', 1, 'John Deere', NULL, 'Motor');
INSERT INTO `ped_repuesto` VALUES (1208, '14.4-24', 'ALLIANCE 324 8T', 2, 'Alliance', NULL, 'Neumaticos');
INSERT INTO `ped_repuesto` VALUES (1209, 'R165577', 'Engranaje', 1, 'John Deere', NULL, 'Engranaje');
INSERT INTO `ped_repuesto` VALUES (1210, 'R165578', 'Engranaje', 1, 'John Deere', NULL, 'Engranaje');
INSERT INTO `ped_repuesto` VALUES (1211, 'R204521', 'Anillo', 6, 'John Deere', NULL, 'Anillo');
INSERT INTO `ped_repuesto` VALUES (1212, 'H165873', 'Arandela', 4, 'John Deere', NULL, 'Arandela');
INSERT INTO `ped_repuesto` VALUES (1213, 'M112172', ' Anillo Elastico', 2, 'John Deere', NULL, 'Anillo');
INSERT INTO `ped_repuesto` VALUES (1214, 'R95118', 'Casquillo', 2, 'John Deere', NULL, 'Otro');
INSERT INTO `ped_repuesto` VALUES (1215, 'R95250', 'Casquillo', 2, 'John Deere', NULL, 'Otro');
INSERT INTO `ped_repuesto` VALUES (1216, 'R95119', 'Reten', 4, 'John Deere', NULL, 'Reten');
INSERT INTO `ped_repuesto` VALUES (1217, 'R112954', 'Reten', 5, 'John Deere', NULL, 'Reten');
INSERT INTO `ped_repuesto` VALUES (1218, 'RE61543', 'Juegos Retenes Cil. Hid.', 4, 'John Deere', NULL, 'Kit');
INSERT INTO `ped_repuesto` VALUES (1219, 'R121195', 'Tornillo', 4, 'John Deere', NULL, 'Tornillo');
INSERT INTO `ped_repuesto` VALUES (1220, 'R116206', 'Pasador', 1, 'John Deere', NULL, 'Otro');
INSERT INTO `ped_repuesto` VALUES (1221, '31230-7105000', 'Crapodina Embrague', 2, 'Toyota', '2017', 'Otro');
INSERT INTO `ped_repuesto` VALUES (1222, '044650-K40100', 'Juego Pastillas de Freno', 4, 'Toyota', NULL, 'Freno');
INSERT INTO `ped_repuesto` VALUES (1223, '90915Y-ZZD200', 'Filtro Aceite', 0, 'Toyota', 'Usa 2014 y 2017', 'Filtro');
INSERT INTO `ped_repuesto` VALUES (1224, '178010-L04000', 'Filtro Aire', 9, 'Toyota', '2017', 'Filtro');
INSERT INTO `ped_repuesto` VALUES (1225, '871390-K01000', 'Filtro Aire ACC', 1, 'Toyota', '2014', 'Filtro');
INSERT INTO `ped_repuesto` VALUES (1226, '233900-L07000', 'Filtro de Gas-Oil', 11, 'Toyota', '2017', 'Filtro');
INSERT INTO `ped_repuesto` VALUES (1227, 'RE52341 > RE151144 ', 'Reten', 4, 'John Deere', NULL, 'Reten');
INSERT INTO `ped_repuesto` VALUES (1228, 'R111904', 'Casquillo', 1, 'John Deere', NULL, 'Otro');
INSERT INTO `ped_repuesto` VALUES (1229, '28L - 26 R3', 'Nuematico BKT TR-390', 2, 'BKT', '20 Telas', 'Neumatico');
INSERT INTO `ped_repuesto` VALUES (1230, '8.25 x 22.5', 'Llanta Carreton', 4, 'Protto', 'Tipo Disco', 'Llanta');
INSERT INTO `ped_repuesto` VALUES (1231, 'H213397', 'Guia de Cuchilla', 40, 'John Deere', 'H229537 Original', 'Cuchilla');
INSERT INTO `ped_repuesto` VALUES (1232, 'H213398', 'Guia de Cuchilla', 40, 'John Deere', 'H229538 Original', 'Cuchilla');
INSERT INTO `ped_repuesto` VALUES (1233, 'JD10134', ' Cono del Cojinete', 1, 'John Deere', 'Pista: JD10135', 'Rodamiento');
INSERT INTO `ped_repuesto` VALUES (1234, 'JD10135', ' Pista ext. de Rodamiento', 1, 'John Deere', 'Cono: JD10134', 'Rodamiento');
INSERT INTO `ped_repuesto` VALUES (1235, '455030-K14000', 'Precap Direccion', 4, 'Toyota', '2017', 'Otro');
INSERT INTO `ped_repuesto` VALUES (1236, 'RE186600', 'Reparacion Enchufe Rapido', 23, 'John Deere', 'Acople: RE577560', 'Kit');
INSERT INTO `ped_repuesto` VALUES (1237, 'R231789', 'Manguera', 1, 'John Deere', NULL, 'Otro');
INSERT INTO `ped_repuesto` VALUES (1238, 'AXE45988', 'Rotula', 2, 'John Deere', NULL, 'Otro');
INSERT INTO `ped_repuesto` VALUES (1239, 'R121466', ' Pasador de centraje', 1, 'John Deere', NULL, 'Otro');
INSERT INTO `ped_repuesto` VALUES (1240, 'R111774', 'Casquillo', 2, 'John Deere', NULL, 'Casquillo');
INSERT INTO `ped_repuesto` VALUES (1241, 'L76191', 'Mango', 1, 'John Deere', NULL, 'Otro');
INSERT INTO `ped_repuesto` VALUES (1242, 'R73380', 'Anillo Elastico', 1, 'John Deere', NULL, 'Orring');
INSERT INTO `ped_repuesto` VALUES (1243, 'RE45864', 'Filtro Hidraulico', 2, 'John Deere', NULL, 'Filtro');
INSERT INTO `ped_repuesto` VALUES (1244, 'AZ42575', 'Reten Diferencial', 2, 'John Deere', NULL, 'Reten');
INSERT INTO `ped_repuesto` VALUES (1245, 'HXE21858', 'Pasador', 2, 'John Deere', NULL, 'Otro');
INSERT INTO `ped_repuesto` VALUES (1246, 'AH219846', 'Brazo', 2, 'John Deere', NULL, 'Sarandon');
INSERT INTO `ped_repuesto` VALUES (1247, 'AH219844', 'Brazo', 2, 'John Deere', NULL, 'Sarandon');
INSERT INTO `ped_repuesto` VALUES (1248, 'AXE16294', 'Brazo', 4, 'John Deere', NULL, 'Sarandon');
INSERT INTO `ped_repuesto` VALUES (1249, 'AT40603', 'Reten', 2, 'John Deere', NULL, 'Reten');
INSERT INTO `ped_repuesto` VALUES (1250, '19M7813', 'Tornillo', 8, 'John Deere', NULL, 'Tornillo');
INSERT INTO `ped_repuesto` VALUES (1251, 'AXE12077', 'Cardan', 2, 'John Deere', NULL, 'Otro');
INSERT INTO `ped_repuesto` VALUES (1252, 'HXE24328', 'Liston', 3, 'John Deere', NULL, 'Otro');
INSERT INTO `ped_repuesto` VALUES (1253, '90916T-203300', 'Correa', 1, 'Toyota', '2017', 'Correa');
INSERT INTO `ped_repuesto` VALUES (1254, '178010-C01000', 'Filtro Aire', 2, 'Toyota', '2014', 'Filtro');
INSERT INTO `ped_repuesto` VALUES (1255, '871390-K08000', 'Filtro Aire ACC', 13, 'Toyota', '2017', 'Filtro');
INSERT INTO `ped_repuesto` VALUES (1256, 'P5325501', 'Filtro Aire', 2, 'Donaldson', NULL, 'Filtro');
INSERT INTO `ped_repuesto` VALUES (1257, 'P5325502', 'Filtro Aire', 2, 'Donaldson', NULL, 'Filtro');
INSERT INTO `ped_repuesto` VALUES (1258, 'H235687', 'Perno', 1, 'John Deere', NULL, 'Otro');
INSERT INTO `ped_repuesto` VALUES (1259, 'AN208074', 'Junta', 1, 'John Deere', NULL, 'Junta');
INSERT INTO `ped_repuesto` VALUES (1260, 'AH231496', 'Conjunto Barra de Acople', 2, 'John Deere', NULL, 'Otro');
INSERT INTO `ped_repuesto` VALUES (1261, 'A29414W > HXE28387 ', 'Soporte Extremo', 2, 'John Deere', NULL, 'Otro');
INSERT INTO `ped_repuesto` VALUES (1262, '14H1097', 'Tuerca', 2, 'John Deere', NULL, 'Tuerca');
INSERT INTO `ped_repuesto` VALUES (1263, 'RE515398', 'Tapa', 1, 'John Deere', NULL, 'Otro');
INSERT INTO `ped_repuesto` VALUES (1264, 'H240451', 'Barra', 1, 'John Deere', NULL, 'Otro');
INSERT INTO `ped_repuesto` VALUES (1265, 'RE168143', 'Bomba', 1, 'John Deere', NULL, 'Otro');
INSERT INTO `ped_repuesto` VALUES (1266, 'R114219', 'Arbol / Palanca', 1, 'John Deere', NULL, 'Otro');
INSERT INTO `ped_repuesto` VALUES (1267, 'R99039', 'Anillo Torico', 1, 'John Deere', NULL, 'Orring');
INSERT INTO `ped_repuesto` VALUES (1268, 'RE539279', 'Filtro Gas-Oil', 5, 'John Deere', NULL, 'Filtro');
INSERT INTO `ped_repuesto` VALUES (1269, 'AT365870', 'Filtro', 3, 'John Deere', NULL, 'Filtro');
INSERT INTO `ped_repuesto` VALUES (1270, 'RE509032', 'Filtro', 3, 'John Deere', NULL, 'Filtro');
INSERT INTO `ped_repuesto` VALUES (1271, 'R191852 > R341564', 'Empaquetadora', 0, 'John Deere', NULL, 'Otro');
INSERT INTO `ped_repuesto` VALUES (1272, 'R108576', 'Manga', 1, 'John Deere', NULL, 'Otro');
INSERT INTO `ped_repuesto` VALUES (1273, 'R79605', 'Washer - Arandela', 0, 'John Deere', NULL, 'Otro');
INSERT INTO `ped_repuesto` VALUES (1274, 'R116086', 'Reten', 1, 'John Deere', NULL, 'Reten');
INSERT INTO `ped_repuesto` VALUES (1275, 'AA76940', 'Compresor', 1, 'John Deere', NULL, 'Otro');
INSERT INTO `ped_repuesto` VALUES (1276, 'A96526', 'Filtro Compresor', 1, 'John Deere', NULL, 'Filtro');
INSERT INTO `ped_repuesto` VALUES (1277, 'A89507', 'Valvula Solenoid', 1, 'John Deere', NULL, 'Otro');
INSERT INTO `ped_repuesto` VALUES (1278, '1P7324', 'Bujia de Precalentamiento', 4, 'CAT', NULL, 'Bujia');
INSERT INTO `ped_repuesto` VALUES (1279, 'RE568839', 'Conector Electrico', 3, 'John Deere', NULL, 'Otro');
INSERT INTO `ped_repuesto` VALUES (1280, 'KK12054', 'Tuerca', 0, 'John Deere', NULL, 'Tuerca');
INSERT INTO `ped_repuesto` VALUES (1281, 'PM22530006', 'Tuerca', 2, 'John Deere', NULL, 'Tuerca');
INSERT INTO `ped_repuesto` VALUES (1282, 'PM04059200P', 'Impulsor', 3, 'John Deere', NULL, 'Otro');
INSERT INTO `ped_repuesto` VALUES (1283, '26h77', 'Chaveta', 5, 'John Deere', NULL, 'Otro');
INSERT INTO `ped_repuesto` VALUES (1284, '3/0501OF', 'Mobil Delvac MX 15W40 - 20lts', 90, 'Mobil', 'Camiones y Tractores', 'Aceite Motor');
INSERT INTO `ped_repuesto` VALUES (1285, '3/1236', 'M-Super 3000 XE 5W30 - 4lts', 40, 'Mobil', 'Camionetas', 'Aceite Motor');
INSERT INTO `ped_repuesto` VALUES (1286, 'H134118', ' Caja de Rodamiento embutida', 0, 'John Deere', NULL, 'Otro');
INSERT INTO `ped_repuesto` VALUES (1287, '-', 'Sensor AMP16SSP 16-Pin', 0, 'John Deere', NULL, 'Ficha');
INSERT INTO `ped_repuesto` VALUES (1288, '-', 'Conector CPC Series', 0, 'John Deere', NULL, 'Otro');
INSERT INTO `ped_repuesto` VALUES (1289, 'A-RE37651', 'Conector 3-Pin', 10, 'John Deere', NULL, 'Otro');
INSERT INTO `ped_repuesto` VALUES (1290, '312500-K28100', 'Disco Embrague', 1, 'Toyota', '2017', 'Otro');
INSERT INTO `ped_repuesto` VALUES (1291, '312100-K28100', 'Placa Embrague', 1, 'Toyota', '2017', 'Otro');
INSERT INTO `ped_repuesto` VALUES (1292, '233900-L04100', 'Filtro de Gas-Oil', 6, 'Toyota', NULL, 'Filtro');
INSERT INTO `ped_repuesto` VALUES (1293, '3/1132', 'Grasa Movil CM-P x 16kg', 0, 'Mobil', 'NO viene mas, reemplaza Mobilgrease XHP 222 Special', 'Grasa');
INSERT INTO `ped_repuesto` VALUES (1294, 'A52085', ' Enchufe Rapido', 1, 'John Deere', NULL, 'Otro');
INSERT INTO `ped_repuesto` VALUES (1295, '4630525', 'Filtro Aceite Hidraulico', 1, 'John Deere', NULL, 'Filtro');
INSERT INTO `ped_repuesto` VALUES (1296, 'T1011911R', 'Filtro', 0, 'John Deere', NULL, 'Filtro');
INSERT INTO `ped_repuesto` VALUES (1297, 'T74369A', 'Filtro', 0, 'John Deere', NULL, 'Filtro');
INSERT INTO `ped_repuesto` VALUES (1298, 'XHP 222', 'Mobilgrease XHP 222 Special x 20kg', 4, 'Mobil', 'Reemplaza CM-P x 16kg', 'Grasa');
INSERT INTO `ped_repuesto` VALUES (1299, 'AR54904', 'Balancin', 1, 'John Deere', NULL, 'Otro');
INSERT INTO `ped_repuesto` VALUES (1300, 'AR40680 > R536992', 'Varrilla de Empuje', 12, 'John Deere', NULL, 'Otro');
INSERT INTO `ped_repuesto` VALUES (1301, 'R52773', 'Seguidor de Leva', 0, 'John Deere', NULL, 'Otro');
INSERT INTO `ped_repuesto` VALUES (1302, 'AN202690', ' Transductor - SENSOR PRESSURE', 2, 'John Deere', NULL, 'Sensor');
INSERT INTO `ped_repuesto` VALUES (1303, 'AN209924', 'Sensor', 1, 'John Deere', NULL, 'Sensor');
INSERT INTO `ped_repuesto` VALUES (1304, 'RE207311', ' Unidad de control electron', 1, 'John Deere', NULL, 'Otro');
INSERT INTO `ped_repuesto` VALUES (1305, ' 90369-T0003 > 90366-T006100', 'Rodamiento', 2, 'Toyota', '2017', 'Otro');
INSERT INTO `ped_repuesto` VALUES (1306, 'JD8524', 'Rodamiento de Bolas', 8, 'John Deere', NULL, 'Rodamiento');
INSERT INTO `ped_repuesto` VALUES (1307, 'R56751', 'Anillo Torico', 8, 'John Deere', NULL, 'Orring');
INSERT INTO `ped_repuesto` VALUES (1308, 'AH169497', 'Seguidor de Leva', 6, 'John Deere', NULL, 'Otro');
INSERT INTO `ped_repuesto` VALUES (1309, 'AXE14245', 'Sensor', 2, 'John Deere', NULL, 'Sensor');
INSERT INTO `ped_repuesto` VALUES (1310, 'H206345', 'Paleta de Ventilador', 4, 'John Deere', NULL, 'Otro');
INSERT INTO `ped_repuesto` VALUES (1311, 'H210903', 'Tapon', 8, 'John Deere', NULL, 'Otro');
INSERT INTO `ped_repuesto` VALUES (1312, '480690-K12000', 'Parrilla Suspension - Izq', 1, 'Toyota', '2017', 'Otro');
INSERT INTO `ped_repuesto` VALUES (1313, '480680-K12000', 'Parrilla Suspension - Derecha', 1, 'Toyota', '2017', 'Otro');
INSERT INTO `ped_repuesto` VALUES (1314, '049420-K16000', 'Juego Reparacion Zapata Freno - R', 1, 'Toyota', '2017', 'Kit');
INSERT INTO `ped_repuesto` VALUES (1315, '049430-K04000', 'Juego Reparacion Zapata Freno - C', 1, 'Toyota', '2017', 'Kit');
INSERT INTO `ped_repuesto` VALUES (1316, 'RE258928', ' Int. alternante/basculante', 2, 'John Deere', NULL, 'Otro');
INSERT INTO `ped_repuesto` VALUES (1317, 'R10093', 'Anillo Torico', 16, 'John Deere', NULL, 'Orring');
INSERT INTO `ped_repuesto` VALUES (1318, 'AN305056', 'Contador', 1, 'John Deere', NULL, 'Otro');
INSERT INTO `ped_repuesto` VALUES (1319, 'AKK23982', 'Sensor', 1, 'John Deere', NULL, 'Sensor');
INSERT INTO `ped_repuesto` VALUES (1320, '19H3779', 'Tornillo', 8, 'John Deere', NULL, 'Tornillo');
INSERT INTO `ped_repuesto` VALUES (1321, 'KK18434', 'Anillo Elastico', 3, 'John Deere', NULL, 'Otro');
INSERT INTO `ped_repuesto` VALUES (1322, 'PM18100014', 'Anillo Elastico', 3, 'John Deere', NULL, 'Otro');
INSERT INTO `ped_repuesto` VALUES (1323, 'KK18435', 'Anillo Elastico', 3, 'John Deere', NULL, 'Otro');
INSERT INTO `ped_repuesto` VALUES (1324, 'RE181568 > RE229376', 'Unidad de Control', 0, 'John Deere', NULL, 'Otro');
INSERT INTO `ped_repuesto` VALUES (1325, 'RE273992', 'Interruptor', 1, 'John Deere', NULL, 'Otro');
INSERT INTO `ped_repuesto` VALUES (1326, 'CH17453', 'Rodamiento de Bolas', 1, 'John Deere', NULL, 'Oro');
INSERT INTO `ped_repuesto` VALUES (1327, 'R130895', 'Arbol', 1, 'John Deere', NULL, 'Otro');
INSERT INTO `ped_repuesto` VALUES (1328, 'R166485', 'Leva', 4, 'John Deere', NULL, 'Otro');
INSERT INTO `ped_repuesto` VALUES (1329, 'R105346', 'Junta', 1, 'John Deere', NULL, 'Otro');
INSERT INTO `ped_repuesto` VALUES (1330, '24H1305', 'Arandela', 4, 'John Deere', NULL, 'Otro');
INSERT INTO `ped_repuesto` VALUES (1331, 'SE501668', 'Turbo Compresor', 0, 'John Deere', NULL, 'Otro');
INSERT INTO `ped_repuesto` VALUES (1332, 'T11180', ' Racor Acodado', 1, 'John Deere', NULL, 'Otro');
INSERT INTO `ped_repuesto` VALUES (1333, 'M145519', '-', 12, 'John Deere', NULL, '-');
INSERT INTO `ped_repuesto` VALUES (1334, 'LCA63501', 'Reten', 2, 'John Deere', NULL, 'Reten');
INSERT INTO `ped_repuesto` VALUES (1335, 'DE19907', '-', 2, 'John Deere', NULL, '-');
INSERT INTO `ped_repuesto` VALUES (1336, 'DE19906', '-', 2, 'John Deere', NULL, '-');
INSERT INTO `ped_repuesto` VALUES (1337, 'DE30033', '-', 2, 'John Deere', NULL, '-');
INSERT INTO `ped_repuesto` VALUES (1338, 'AZ51954', '-', 2, 'John Deere', NULL, '-');
INSERT INTO `ped_repuesto` VALUES (1339, 'CE19572', '-', 2, 'John Deere', NULL, '-');
INSERT INTO `ped_repuesto` VALUES (1340, 'DE19306', '-', 2, 'John Deere', NULL, '-');
INSERT INTO `ped_repuesto` VALUES (1341, 'CE19565', '-', 1, 'John Deere', NULL, '-');
INSERT INTO `ped_repuesto` VALUES (1342, 'JD9346', '-', 2, 'John Deere', NULL, '-');
INSERT INTO `ped_repuesto` VALUES (1343, 'DE30099', '-', 4, 'John Deere', NULL, '-');
INSERT INTO `ped_repuesto` VALUES (1344, 'DE19311', '-', 1, 'John Deere', NULL, '-');
INSERT INTO `ped_repuesto` VALUES (1345, 'DE30142 > DE30587', ' Mando de engranajes Conicos', 1, 'John Deere', NULL, 'Otro');
INSERT INTO `ped_repuesto` VALUES (1346, '19M9560', '-', 4, 'John Deere', NULL, '-');
INSERT INTO `ped_repuesto` VALUES (1347, 'AXE13668', '-', 2, 'John Deere', NULL, '-');
INSERT INTO `ped_repuesto` VALUES (1348, 'T146246', 'Arrandela', 4, 'John Deere', NULL, 'Otro');
INSERT INTO `ped_repuesto` VALUES (1349, 'AH225672', '-', 4, 'John Deere', NULL, '-');
INSERT INTO `ped_repuesto` VALUES (1350, 'AH225673', '-', 4, 'John Deere', NULL, '-');
INSERT INTO `ped_repuesto` VALUES (1351, 'H213008', '-', 4, 'John Deere', NULL, '-');
INSERT INTO `ped_repuesto` VALUES (1352, 'H219964', '-', 2, 'John Deere', NULL, '-');
INSERT INTO `ped_repuesto` VALUES (1353, 'H205581', '-', 4, 'John Deere', NULL, '-');
INSERT INTO `ped_repuesto` VALUES (1354, 'H162148', '-', 2, 'John Deere', NULL, '-');
INSERT INTO `ped_repuesto` VALUES (1355, 'H162149', '-', 2, 'John Deere', NULL, '-');
INSERT INTO `ped_repuesto` VALUES (1356, 'AXE49681 > AXE58652', 'Conjunto Barra de Acople', 2, 'John Deere', NULL, '-');

-- ----------------------------
-- Table structure for ped_repuesto_empresa
-- ----------------------------
DROP TABLE IF EXISTS `ped_repuesto_empresa`;
CREATE TABLE `ped_repuesto_empresa`  (
  `id_empresa` bigint(20) NOT NULL,
  `id_repuesto` bigint(20) NOT NULL,
  INDEX `FK_empresa_repuesto`(`id_empresa`) USING BTREE,
  INDEX `FK_repuesto_empresa`(`id_repuesto`) USING BTREE,
  CONSTRAINT `FK_empresa_repuesto` FOREIGN KEY (`id_empresa`) REFERENCES `empresa` (`id_empresa`) ON DELETE RESTRICT ON UPDATE RESTRICT,
  CONSTRAINT `FK_repuesto_empresa` FOREIGN KEY (`id_repuesto`) REFERENCES `ped_repuesto` (`id_repuesto`) ON DELETE RESTRICT ON UPDATE RESTRICT
) ENGINE = InnoDB CHARACTER SET = latin1 COLLATE = latin1_swedish_ci ROW_FORMAT = Compact;

-- ----------------------------
-- Records of ped_repuesto_empresa
-- ----------------------------
INSERT INTO `ped_repuesto_empresa` VALUES (850, 1201);
INSERT INTO `ped_repuesto_empresa` VALUES (850, 1202);
INSERT INTO `ped_repuesto_empresa` VALUES (850, 1203);
INSERT INTO `ped_repuesto_empresa` VALUES (850, 1204);
INSERT INTO `ped_repuesto_empresa` VALUES (850, 1205);
INSERT INTO `ped_repuesto_empresa` VALUES (850, 1206);
INSERT INTO `ped_repuesto_empresa` VALUES (850, 1207);
INSERT INTO `ped_repuesto_empresa` VALUES (286, 1208);
INSERT INTO `ped_repuesto_empresa` VALUES (850, 1209);
INSERT INTO `ped_repuesto_empresa` VALUES (850, 1210);
INSERT INTO `ped_repuesto_empresa` VALUES (850, 1211);
INSERT INTO `ped_repuesto_empresa` VALUES (850, 1212);
INSERT INTO `ped_repuesto_empresa` VALUES (850, 1213);
INSERT INTO `ped_repuesto_empresa` VALUES (850, 1214);
INSERT INTO `ped_repuesto_empresa` VALUES (850, 1215);
INSERT INTO `ped_repuesto_empresa` VALUES (850, 1216);
INSERT INTO `ped_repuesto_empresa` VALUES (850, 1217);
INSERT INTO `ped_repuesto_empresa` VALUES (850, 1218);
INSERT INTO `ped_repuesto_empresa` VALUES (850, 1219);
INSERT INTO `ped_repuesto_empresa` VALUES (850, 1220);
INSERT INTO `ped_repuesto_empresa` VALUES (157, 1221);
INSERT INTO `ped_repuesto_empresa` VALUES (157, 1222);
INSERT INTO `ped_repuesto_empresa` VALUES (157, 1223);
INSERT INTO `ped_repuesto_empresa` VALUES (157, 1224);
INSERT INTO `ped_repuesto_empresa` VALUES (157, 1225);
INSERT INTO `ped_repuesto_empresa` VALUES (157, 1226);
INSERT INTO `ped_repuesto_empresa` VALUES (850, 1227);
INSERT INTO `ped_repuesto_empresa` VALUES (850, 1228);
INSERT INTO `ped_repuesto_empresa` VALUES (286, 1229);
INSERT INTO `ped_repuesto_empresa` VALUES (286, 1230);
INSERT INTO `ped_repuesto_empresa` VALUES (850, 1231);
INSERT INTO `ped_repuesto_empresa` VALUES (850, 1232);
INSERT INTO `ped_repuesto_empresa` VALUES (850, 1233);
INSERT INTO `ped_repuesto_empresa` VALUES (850, 1234);
INSERT INTO `ped_repuesto_empresa` VALUES (157, 1235);
INSERT INTO `ped_repuesto_empresa` VALUES (850, 1236);
INSERT INTO `ped_repuesto_empresa` VALUES (850, 1237);
INSERT INTO `ped_repuesto_empresa` VALUES (850, 1238);
INSERT INTO `ped_repuesto_empresa` VALUES (850, 1239);
INSERT INTO `ped_repuesto_empresa` VALUES (850, 1240);
INSERT INTO `ped_repuesto_empresa` VALUES (850, 1241);
INSERT INTO `ped_repuesto_empresa` VALUES (850, 1242);
INSERT INTO `ped_repuesto_empresa` VALUES (850, 1243);
INSERT INTO `ped_repuesto_empresa` VALUES (850, 1244);
INSERT INTO `ped_repuesto_empresa` VALUES (850, 1245);
INSERT INTO `ped_repuesto_empresa` VALUES (850, 1246);
INSERT INTO `ped_repuesto_empresa` VALUES (850, 1247);
INSERT INTO `ped_repuesto_empresa` VALUES (850, 1248);
INSERT INTO `ped_repuesto_empresa` VALUES (850, 1249);
INSERT INTO `ped_repuesto_empresa` VALUES (850, 1250);
INSERT INTO `ped_repuesto_empresa` VALUES (850, 1251);
INSERT INTO `ped_repuesto_empresa` VALUES (850, 1252);
INSERT INTO `ped_repuesto_empresa` VALUES (157, 1253);
INSERT INTO `ped_repuesto_empresa` VALUES (157, 1254);
INSERT INTO `ped_repuesto_empresa` VALUES (157, 1255);
INSERT INTO `ped_repuesto_empresa` VALUES (948, 1256);
INSERT INTO `ped_repuesto_empresa` VALUES (948, 1257);
INSERT INTO `ped_repuesto_empresa` VALUES (850, 1258);
INSERT INTO `ped_repuesto_empresa` VALUES (850, 1259);
INSERT INTO `ped_repuesto_empresa` VALUES (850, 1260);
INSERT INTO `ped_repuesto_empresa` VALUES (850, 1261);
INSERT INTO `ped_repuesto_empresa` VALUES (850, 1262);
INSERT INTO `ped_repuesto_empresa` VALUES (850, 1263);
INSERT INTO `ped_repuesto_empresa` VALUES (850, 1264);
INSERT INTO `ped_repuesto_empresa` VALUES (850, 1265);
INSERT INTO `ped_repuesto_empresa` VALUES (850, 1266);
INSERT INTO `ped_repuesto_empresa` VALUES (850, 1267);
INSERT INTO `ped_repuesto_empresa` VALUES (850, 1268);
INSERT INTO `ped_repuesto_empresa` VALUES (850, 1269);
INSERT INTO `ped_repuesto_empresa` VALUES (850, 1270);
INSERT INTO `ped_repuesto_empresa` VALUES (850, 1271);
INSERT INTO `ped_repuesto_empresa` VALUES (850, 1272);
INSERT INTO `ped_repuesto_empresa` VALUES (850, 1273);
INSERT INTO `ped_repuesto_empresa` VALUES (850, 1274);
INSERT INTO `ped_repuesto_empresa` VALUES (850, 1275);
INSERT INTO `ped_repuesto_empresa` VALUES (850, 1276);
INSERT INTO `ped_repuesto_empresa` VALUES (850, 1277);
INSERT INTO `ped_repuesto_empresa` VALUES (948, 1278);
INSERT INTO `ped_repuesto_empresa` VALUES (850, 1279);
INSERT INTO `ped_repuesto_empresa` VALUES (850, 1280);
INSERT INTO `ped_repuesto_empresa` VALUES (850, 1281);
INSERT INTO `ped_repuesto_empresa` VALUES (850, 1282);
INSERT INTO `ped_repuesto_empresa` VALUES (850, 1283);
INSERT INTO `ped_repuesto_empresa` VALUES (241, 1284);
INSERT INTO `ped_repuesto_empresa` VALUES (241, 1285);
INSERT INTO `ped_repuesto_empresa` VALUES (850, 1286);
INSERT INTO `ped_repuesto_empresa` VALUES (850, 1287);
INSERT INTO `ped_repuesto_empresa` VALUES (850, 1288);
INSERT INTO `ped_repuesto_empresa` VALUES (850, 1289);
INSERT INTO `ped_repuesto_empresa` VALUES (157, 1290);
INSERT INTO `ped_repuesto_empresa` VALUES (157, 1291);
INSERT INTO `ped_repuesto_empresa` VALUES (157, 1292);
INSERT INTO `ped_repuesto_empresa` VALUES (241, 1293);
INSERT INTO `ped_repuesto_empresa` VALUES (850, 1294);
INSERT INTO `ped_repuesto_empresa` VALUES (850, 1295);
INSERT INTO `ped_repuesto_empresa` VALUES (850, 1296);
INSERT INTO `ped_repuesto_empresa` VALUES (850, 1297);
INSERT INTO `ped_repuesto_empresa` VALUES (241, 1298);
INSERT INTO `ped_repuesto_empresa` VALUES (850, 1299);
INSERT INTO `ped_repuesto_empresa` VALUES (850, 1300);
INSERT INTO `ped_repuesto_empresa` VALUES (850, 1301);
INSERT INTO `ped_repuesto_empresa` VALUES (850, 1302);
INSERT INTO `ped_repuesto_empresa` VALUES (850, 1303);
INSERT INTO `ped_repuesto_empresa` VALUES (850, 1304);
INSERT INTO `ped_repuesto_empresa` VALUES (157, 1305);
INSERT INTO `ped_repuesto_empresa` VALUES (850, 1306);
INSERT INTO `ped_repuesto_empresa` VALUES (850, 1307);
INSERT INTO `ped_repuesto_empresa` VALUES (850, 1308);
INSERT INTO `ped_repuesto_empresa` VALUES (850, 1309);
INSERT INTO `ped_repuesto_empresa` VALUES (850, 1310);
INSERT INTO `ped_repuesto_empresa` VALUES (850, 1311);
INSERT INTO `ped_repuesto_empresa` VALUES (157, 1312);
INSERT INTO `ped_repuesto_empresa` VALUES (157, 1313);
INSERT INTO `ped_repuesto_empresa` VALUES (157, 1314);
INSERT INTO `ped_repuesto_empresa` VALUES (157, 1315);
INSERT INTO `ped_repuesto_empresa` VALUES (850, 1316);
INSERT INTO `ped_repuesto_empresa` VALUES (850, 1317);
INSERT INTO `ped_repuesto_empresa` VALUES (850, 1318);
INSERT INTO `ped_repuesto_empresa` VALUES (850, 1319);
INSERT INTO `ped_repuesto_empresa` VALUES (850, 1320);
INSERT INTO `ped_repuesto_empresa` VALUES (850, 1321);
INSERT INTO `ped_repuesto_empresa` VALUES (850, 1322);
INSERT INTO `ped_repuesto_empresa` VALUES (850, 1323);
INSERT INTO `ped_repuesto_empresa` VALUES (850, 1324);
INSERT INTO `ped_repuesto_empresa` VALUES (850, 1325);
INSERT INTO `ped_repuesto_empresa` VALUES (850, 1326);
INSERT INTO `ped_repuesto_empresa` VALUES (850, 1327);
INSERT INTO `ped_repuesto_empresa` VALUES (850, 1328);
INSERT INTO `ped_repuesto_empresa` VALUES (850, 1329);
INSERT INTO `ped_repuesto_empresa` VALUES (850, 1330);
INSERT INTO `ped_repuesto_empresa` VALUES (850, 1331);
INSERT INTO `ped_repuesto_empresa` VALUES (850, 1332);
INSERT INTO `ped_repuesto_empresa` VALUES (850, 1333);
INSERT INTO `ped_repuesto_empresa` VALUES (850, 1334);
INSERT INTO `ped_repuesto_empresa` VALUES (850, 1335);
INSERT INTO `ped_repuesto_empresa` VALUES (850, 1336);
INSERT INTO `ped_repuesto_empresa` VALUES (850, 1337);
INSERT INTO `ped_repuesto_empresa` VALUES (850, 1338);
INSERT INTO `ped_repuesto_empresa` VALUES (850, 1339);
INSERT INTO `ped_repuesto_empresa` VALUES (850, 1340);
INSERT INTO `ped_repuesto_empresa` VALUES (850, 1341);
INSERT INTO `ped_repuesto_empresa` VALUES (850, 1342);
INSERT INTO `ped_repuesto_empresa` VALUES (850, 1343);
INSERT INTO `ped_repuesto_empresa` VALUES (850, 1344);
INSERT INTO `ped_repuesto_empresa` VALUES (850, 1345);
INSERT INTO `ped_repuesto_empresa` VALUES (850, 1346);
INSERT INTO `ped_repuesto_empresa` VALUES (850, 1347);
INSERT INTO `ped_repuesto_empresa` VALUES (850, 1348);
INSERT INTO `ped_repuesto_empresa` VALUES (850, 1349);
INSERT INTO `ped_repuesto_empresa` VALUES (850, 1350);
INSERT INTO `ped_repuesto_empresa` VALUES (850, 1351);
INSERT INTO `ped_repuesto_empresa` VALUES (850, 1352);
INSERT INTO `ped_repuesto_empresa` VALUES (850, 1353);
INSERT INTO `ped_repuesto_empresa` VALUES (850, 1354);
INSERT INTO `ped_repuesto_empresa` VALUES (850, 1355);
INSERT INTO `ped_repuesto_empresa` VALUES (850, 1356);

-- ----------------------------
-- Table structure for ped_repuesto_eq_modelo
-- ----------------------------
DROP TABLE IF EXISTS `ped_repuesto_eq_modelo`;
CREATE TABLE `ped_repuesto_eq_modelo`  (
  `id_modelo` bigint(20) NOT NULL,
  `id_repuesto` bigint(20) NOT NULL,
  INDEX `FK_empresa_repuesto`(`id_modelo`) USING BTREE,
  INDEX `FK_repuesto_empresa`(`id_repuesto`) USING BTREE,
  CONSTRAINT `FK_modelo` FOREIGN KEY (`id_modelo`) REFERENCES `eq_modelo` (`id_modelo`) ON DELETE CASCADE ON UPDATE CASCADE,
  CONSTRAINT `FK_repuesto` FOREIGN KEY (`id_repuesto`) REFERENCES `ped_repuesto` (`id_repuesto`) ON DELETE CASCADE ON UPDATE CASCADE
) ENGINE = InnoDB CHARACTER SET = latin1 COLLATE = latin1_swedish_ci ROW_FORMAT = Compact;

-- ----------------------------
-- Records of ped_repuesto_eq_modelo
-- ----------------------------
INSERT INTO `ped_repuesto_eq_modelo` VALUES (23, 1);
INSERT INTO `ped_repuesto_eq_modelo` VALUES (9, 1);
INSERT INTO `ped_repuesto_eq_modelo` VALUES (12, 2);
INSERT INTO `ped_repuesto_eq_modelo` VALUES (9, 3);
INSERT INTO `ped_repuesto_eq_modelo` VALUES (67, 4);
INSERT INTO `ped_repuesto_eq_modelo` VALUES (22, 5);
INSERT INTO `ped_repuesto_eq_modelo` VALUES (22, 533);
INSERT INTO `ped_repuesto_eq_modelo` VALUES (12, 6);
INSERT INTO `ped_repuesto_eq_modelo` VALUES (24, 68);
INSERT INTO `ped_repuesto_eq_modelo` VALUES (13, 7);
INSERT INTO `ped_repuesto_eq_modelo` VALUES (6, 81);
INSERT INTO `ped_repuesto_eq_modelo` VALUES (12, 8);
INSERT INTO `ped_repuesto_eq_modelo` VALUES (13, 9);
INSERT INTO `ped_repuesto_eq_modelo` VALUES (24, 118);
INSERT INTO `ped_repuesto_eq_modelo` VALUES (67, 11);
INSERT INTO `ped_repuesto_eq_modelo` VALUES (9, 10);
INSERT INTO `ped_repuesto_eq_modelo` VALUES (9, 1200);
INSERT INTO `ped_repuesto_eq_modelo` VALUES (13, 1201);
INSERT INTO `ped_repuesto_eq_modelo` VALUES (13, 1202);
INSERT INTO `ped_repuesto_eq_modelo` VALUES (6, 12);
INSERT INTO `ped_repuesto_eq_modelo` VALUES (67, 1031);
INSERT INTO `ped_repuesto_eq_modelo` VALUES (67, 1102);
INSERT INTO `ped_repuesto_eq_modelo` VALUES (67, 1098);
INSERT INTO `ped_repuesto_eq_modelo` VALUES (67, 340);
INSERT INTO `ped_repuesto_eq_modelo` VALUES (67, 339);
INSERT INTO `ped_repuesto_eq_modelo` VALUES (67, 265);
INSERT INTO `ped_repuesto_eq_modelo` VALUES (67, 1027);
INSERT INTO `ped_repuesto_eq_modelo` VALUES (67, 854);
INSERT INTO `ped_repuesto_eq_modelo` VALUES (67, 1203);
INSERT INTO `ped_repuesto_eq_modelo` VALUES (67, 465);
INSERT INTO `ped_repuesto_eq_modelo` VALUES (67, 1204);
INSERT INTO `ped_repuesto_eq_modelo` VALUES (67, 1205);
INSERT INTO `ped_repuesto_eq_modelo` VALUES (67, 1206);
INSERT INTO `ped_repuesto_eq_modelo` VALUES (67, 1207);
INSERT INTO `ped_repuesto_eq_modelo` VALUES (67, 499);
INSERT INTO `ped_repuesto_eq_modelo` VALUES (19, 1048);
INSERT INTO `ped_repuesto_eq_modelo` VALUES (21, 1208);
INSERT INTO `ped_repuesto_eq_modelo` VALUES (9, 52);
INSERT INTO `ped_repuesto_eq_modelo` VALUES (10, 52);
INSERT INTO `ped_repuesto_eq_modelo` VALUES (12, 52);
INSERT INTO `ped_repuesto_eq_modelo` VALUES (9, 67);
INSERT INTO `ped_repuesto_eq_modelo` VALUES (10, 67);
INSERT INTO `ped_repuesto_eq_modelo` VALUES (12, 67);
INSERT INTO `ped_repuesto_eq_modelo` VALUES (6, 54);
INSERT INTO `ped_repuesto_eq_modelo` VALUES (12, 1209);
INSERT INTO `ped_repuesto_eq_modelo` VALUES (12, 1210);
INSERT INTO `ped_repuesto_eq_modelo` VALUES (12, 1211);
INSERT INTO `ped_repuesto_eq_modelo` VALUES (67, 1212);
INSERT INTO `ped_repuesto_eq_modelo` VALUES (67, 1213);
INSERT INTO `ped_repuesto_eq_modelo` VALUES (67, 51);
INSERT INTO `ped_repuesto_eq_modelo` VALUES (9, 1214);
INSERT INTO `ped_repuesto_eq_modelo` VALUES (9, 1215);
INSERT INTO `ped_repuesto_eq_modelo` VALUES (9, 1216);
INSERT INTO `ped_repuesto_eq_modelo` VALUES (9, 1217);
INSERT INTO `ped_repuesto_eq_modelo` VALUES (9, 1218);
INSERT INTO `ped_repuesto_eq_modelo` VALUES (9, 1219);
INSERT INTO `ped_repuesto_eq_modelo` VALUES (9, 1220);
INSERT INTO `ped_repuesto_eq_modelo` VALUES (18, 243);
INSERT INTO `ped_repuesto_eq_modelo` VALUES (19, 243);
INSERT INTO `ped_repuesto_eq_modelo` VALUES (18, 1106);
INSERT INTO `ped_repuesto_eq_modelo` VALUES (19, 1106);
INSERT INTO `ped_repuesto_eq_modelo` VALUES (57, 1221);
INSERT INTO `ped_repuesto_eq_modelo` VALUES (57, 1222);
INSERT INTO `ped_repuesto_eq_modelo` VALUES (57, 1223);
INSERT INTO `ped_repuesto_eq_modelo` VALUES (57, 1224);
INSERT INTO `ped_repuesto_eq_modelo` VALUES (57, 1225);
INSERT INTO `ped_repuesto_eq_modelo` VALUES (57, 1226);
INSERT INTO `ped_repuesto_eq_modelo` VALUES (9, 1227);
INSERT INTO `ped_repuesto_eq_modelo` VALUES (9, 638);
INSERT INTO `ped_repuesto_eq_modelo` VALUES (67, 564);
INSERT INTO `ped_repuesto_eq_modelo` VALUES (67, 565);
INSERT INTO `ped_repuesto_eq_modelo` VALUES (67, 1040);
INSERT INTO `ped_repuesto_eq_modelo` VALUES (12, 836);
INSERT INTO `ped_repuesto_eq_modelo` VALUES (12, 1228);
INSERT INTO `ped_repuesto_eq_modelo` VALUES (19, 1229);
INSERT INTO `ped_repuesto_eq_modelo` VALUES (70, 1230);
INSERT INTO `ped_repuesto_eq_modelo` VALUES (67, 1231);
INSERT INTO `ped_repuesto_eq_modelo` VALUES (67, 1232);
INSERT INTO `ped_repuesto_eq_modelo` VALUES (12, 762);
INSERT INTO `ped_repuesto_eq_modelo` VALUES (10, 762);
INSERT INTO `ped_repuesto_eq_modelo` VALUES (12, 25);
INSERT INTO `ped_repuesto_eq_modelo` VALUES (12, 195);
INSERT INTO `ped_repuesto_eq_modelo` VALUES (12, 1233);
INSERT INTO `ped_repuesto_eq_modelo` VALUES (12, 1234);
INSERT INTO `ped_repuesto_eq_modelo` VALUES (57, 1235);
INSERT INTO `ped_repuesto_eq_modelo` VALUES (67, 49);
INSERT INTO `ped_repuesto_eq_modelo` VALUES (10, 601);
INSERT INTO `ped_repuesto_eq_modelo` VALUES (12, 601);
INSERT INTO `ped_repuesto_eq_modelo` VALUES (10, 1236);
INSERT INTO `ped_repuesto_eq_modelo` VALUES (12, 1236);
INSERT INTO `ped_repuesto_eq_modelo` VALUES (13, 1237);
INSERT INTO `ped_repuesto_eq_modelo` VALUES (67, 1238);
INSERT INTO `ped_repuesto_eq_modelo` VALUES (19, 670);
INSERT INTO `ped_repuesto_eq_modelo` VALUES (9, 1074);
INSERT INTO `ped_repuesto_eq_modelo` VALUES (9, 1239);
INSERT INTO `ped_repuesto_eq_modelo` VALUES (9, 1240);
INSERT INTO `ped_repuesto_eq_modelo` VALUES (9, 1241);
INSERT INTO `ped_repuesto_eq_modelo` VALUES (9, 1242);
INSERT INTO `ped_repuesto_eq_modelo` VALUES (21, 1243);
INSERT INTO `ped_repuesto_eq_modelo` VALUES (67, 321);
INSERT INTO `ped_repuesto_eq_modelo` VALUES (67, 1033);
INSERT INTO `ped_repuesto_eq_modelo` VALUES (67, 1116);
INSERT INTO `ped_repuesto_eq_modelo` VALUES (67, 1244);
INSERT INTO `ped_repuesto_eq_modelo` VALUES (67, 1245);
INSERT INTO `ped_repuesto_eq_modelo` VALUES (67, 1246);
INSERT INTO `ped_repuesto_eq_modelo` VALUES (67, 1247);
INSERT INTO `ped_repuesto_eq_modelo` VALUES (67, 1248);
INSERT INTO `ped_repuesto_eq_modelo` VALUES (67, 1249);
INSERT INTO `ped_repuesto_eq_modelo` VALUES (67, 1250);
INSERT INTO `ped_repuesto_eq_modelo` VALUES (67, 329);
INSERT INTO `ped_repuesto_eq_modelo` VALUES (67, 1251);
INSERT INTO `ped_repuesto_eq_modelo` VALUES (67, 1252);
INSERT INTO `ped_repuesto_eq_modelo` VALUES (25, 497);
INSERT INTO `ped_repuesto_eq_modelo` VALUES (25, 524);
INSERT INTO `ped_repuesto_eq_modelo` VALUES (57, 1253);
INSERT INTO `ped_repuesto_eq_modelo` VALUES (39, 672);
INSERT INTO `ped_repuesto_eq_modelo` VALUES (57, 1254);
INSERT INTO `ped_repuesto_eq_modelo` VALUES (57, 1255);
INSERT INTO `ped_repuesto_eq_modelo` VALUES (6, 850);
INSERT INTO `ped_repuesto_eq_modelo` VALUES (6, 604);
INSERT INTO `ped_repuesto_eq_modelo` VALUES (39, 700);
INSERT INTO `ped_repuesto_eq_modelo` VALUES (26, 1256);
INSERT INTO `ped_repuesto_eq_modelo` VALUES (26, 1257);
INSERT INTO `ped_repuesto_eq_modelo` VALUES (67, 174);
INSERT INTO `ped_repuesto_eq_modelo` VALUES (67, 1258);
INSERT INTO `ped_repuesto_eq_modelo` VALUES (6, 1259);
INSERT INTO `ped_repuesto_eq_modelo` VALUES (12, 793);
INSERT INTO `ped_repuesto_eq_modelo` VALUES (12, 131);
INSERT INTO `ped_repuesto_eq_modelo` VALUES (12, 794);
INSERT INTO `ped_repuesto_eq_modelo` VALUES (12, 617);
INSERT INTO `ped_repuesto_eq_modelo` VALUES (12, 787);
INSERT INTO `ped_repuesto_eq_modelo` VALUES (12, 1227);
INSERT INTO `ped_repuesto_eq_modelo` VALUES (12, 1112);
INSERT INTO `ped_repuesto_eq_modelo` VALUES (12, 822);
INSERT INTO `ped_repuesto_eq_modelo` VALUES (67, 1260);
INSERT INTO `ped_repuesto_eq_modelo` VALUES (67, 1261);
INSERT INTO `ped_repuesto_eq_modelo` VALUES (67, 1262);
INSERT INTO `ped_repuesto_eq_modelo` VALUES (12, 1263);
INSERT INTO `ped_repuesto_eq_modelo` VALUES (17, 504);
INSERT INTO `ped_repuesto_eq_modelo` VALUES (67, 1264);
INSERT INTO `ped_repuesto_eq_modelo` VALUES (5, 292);
INSERT INTO `ped_repuesto_eq_modelo` VALUES (12, 1265);
INSERT INTO `ped_repuesto_eq_modelo` VALUES (12, 1266);
INSERT INTO `ped_repuesto_eq_modelo` VALUES (12, 1267);
INSERT INTO `ped_repuesto_eq_modelo` VALUES (67, 262);
INSERT INTO `ped_repuesto_eq_modelo` VALUES (17, 1268);
INSERT INTO `ped_repuesto_eq_modelo` VALUES (17, 1269);
INSERT INTO `ped_repuesto_eq_modelo` VALUES (17, 1270);
INSERT INTO `ped_repuesto_eq_modelo` VALUES (17, 535);
INSERT INTO `ped_repuesto_eq_modelo` VALUES (12, 1271);
INSERT INTO `ped_repuesto_eq_modelo` VALUES (12, 1272);
INSERT INTO `ped_repuesto_eq_modelo` VALUES (9, 1273);
INSERT INTO `ped_repuesto_eq_modelo` VALUES (9, 169);
INSERT INTO `ped_repuesto_eq_modelo` VALUES (12, 1274);
INSERT INTO `ped_repuesto_eq_modelo` VALUES (12, 807);
INSERT INTO `ped_repuesto_eq_modelo` VALUES (6, 1145);
INSERT INTO `ped_repuesto_eq_modelo` VALUES (6, 372);
INSERT INTO `ped_repuesto_eq_modelo` VALUES (38, 1275);
INSERT INTO `ped_repuesto_eq_modelo` VALUES (38, 1276);
INSERT INTO `ped_repuesto_eq_modelo` VALUES (38, 1277);
INSERT INTO `ped_repuesto_eq_modelo` VALUES (39, 873);
INSERT INTO `ped_repuesto_eq_modelo` VALUES (26, 1278);
INSERT INTO `ped_repuesto_eq_modelo` VALUES (39, 1279);
INSERT INTO `ped_repuesto_eq_modelo` VALUES (24, 513);
INSERT INTO `ped_repuesto_eq_modelo` VALUES (24, 514);
INSERT INTO `ped_repuesto_eq_modelo` VALUES (23, 513);
INSERT INTO `ped_repuesto_eq_modelo` VALUES (23, 514);
INSERT INTO `ped_repuesto_eq_modelo` VALUES (24, 507);
INSERT INTO `ped_repuesto_eq_modelo` VALUES (23, 507);
INSERT INTO `ped_repuesto_eq_modelo` VALUES (67, 1153);
INSERT INTO `ped_repuesto_eq_modelo` VALUES (67, 467);
INSERT INTO `ped_repuesto_eq_modelo` VALUES (12, 527);
INSERT INTO `ped_repuesto_eq_modelo` VALUES (13, 527);
INSERT INTO `ped_repuesto_eq_modelo` VALUES (6, 477);
INSERT INTO `ped_repuesto_eq_modelo` VALUES (6, 1280);
INSERT INTO `ped_repuesto_eq_modelo` VALUES (12, 926);
INSERT INTO `ped_repuesto_eq_modelo` VALUES (25, 502);
INSERT INTO `ped_repuesto_eq_modelo` VALUES (25, 503);
INSERT INTO `ped_repuesto_eq_modelo` VALUES (6, 1281);
INSERT INTO `ped_repuesto_eq_modelo` VALUES (6, 1282);
INSERT INTO `ped_repuesto_eq_modelo` VALUES (6, 1283);
INSERT INTO `ped_repuesto_eq_modelo` VALUES (1, 1284);
INSERT INTO `ped_repuesto_eq_modelo` VALUES (1, 1285);
INSERT INTO `ped_repuesto_eq_modelo` VALUES (12, 1189);
INSERT INTO `ped_repuesto_eq_modelo` VALUES (67, 1286);
INSERT INTO `ped_repuesto_eq_modelo` VALUES (10, 592);
INSERT INTO `ped_repuesto_eq_modelo` VALUES (10, 960);
INSERT INTO `ped_repuesto_eq_modelo` VALUES (67, 501);
INSERT INTO `ped_repuesto_eq_modelo` VALUES (12, 1287);
INSERT INTO `ped_repuesto_eq_modelo` VALUES (10, 1287);
INSERT INTO `ped_repuesto_eq_modelo` VALUES (12, 1288);
INSERT INTO `ped_repuesto_eq_modelo` VALUES (10, 1288);
INSERT INTO `ped_repuesto_eq_modelo` VALUES (8, 1289);
INSERT INTO `ped_repuesto_eq_modelo` VALUES (57, 1290);
INSERT INTO `ped_repuesto_eq_modelo` VALUES (57, 1291);
INSERT INTO `ped_repuesto_eq_modelo` VALUES (57, 1292);
INSERT INTO `ped_repuesto_eq_modelo` VALUES (67, 552);
INSERT INTO `ped_repuesto_eq_modelo` VALUES (1, 1293);
INSERT INTO `ped_repuesto_eq_modelo` VALUES (6, 646);
INSERT INTO `ped_repuesto_eq_modelo` VALUES (39, 1294);
INSERT INTO `ped_repuesto_eq_modelo` VALUES (17, 297);
INSERT INTO `ped_repuesto_eq_modelo` VALUES (17, 298);
INSERT INTO `ped_repuesto_eq_modelo` VALUES (17, 1295);
INSERT INTO `ped_repuesto_eq_modelo` VALUES (17, 1296);
INSERT INTO `ped_repuesto_eq_modelo` VALUES (17, 1297);
INSERT INTO `ped_repuesto_eq_modelo` VALUES (1, 1298);
INSERT INTO `ped_repuesto_eq_modelo` VALUES (5, 1299);
INSERT INTO `ped_repuesto_eq_modelo` VALUES (5, 1300);
INSERT INTO `ped_repuesto_eq_modelo` VALUES (5, 1301);
INSERT INTO `ped_repuesto_eq_modelo` VALUES (6, 79);
INSERT INTO `ped_repuesto_eq_modelo` VALUES (6, 534);
INSERT INTO `ped_repuesto_eq_modelo` VALUES (6, 1172);
INSERT INTO `ped_repuesto_eq_modelo` VALUES (6, 487);
INSERT INTO `ped_repuesto_eq_modelo` VALUES (6, 1302);
INSERT INTO `ped_repuesto_eq_modelo` VALUES (5, 165);
INSERT INTO `ped_repuesto_eq_modelo` VALUES (67, 901);
INSERT INTO `ped_repuesto_eq_modelo` VALUES (67, 649);
INSERT INTO `ped_repuesto_eq_modelo` VALUES (67, 648);
INSERT INTO `ped_repuesto_eq_modelo` VALUES (67, 647);
INSERT INTO `ped_repuesto_eq_modelo` VALUES (37, 872);
INSERT INTO `ped_repuesto_eq_modelo` VALUES (39, 872);
INSERT INTO `ped_repuesto_eq_modelo` VALUES (6, 1303);
INSERT INTO `ped_repuesto_eq_modelo` VALUES (6, 1304);
INSERT INTO `ped_repuesto_eq_modelo` VALUES (57, 1305);
INSERT INTO `ped_repuesto_eq_modelo` VALUES (39, 758);
INSERT INTO `ped_repuesto_eq_modelo` VALUES (37, 550);
INSERT INTO `ped_repuesto_eq_modelo` VALUES (39, 550);
INSERT INTO `ped_repuesto_eq_modelo` VALUES (37, 774);
INSERT INTO `ped_repuesto_eq_modelo` VALUES (39, 774);
INSERT INTO `ped_repuesto_eq_modelo` VALUES (67, 1306);
INSERT INTO `ped_repuesto_eq_modelo` VALUES (67, 1307);
INSERT INTO `ped_repuesto_eq_modelo` VALUES (67, 170);
INSERT INTO `ped_repuesto_eq_modelo` VALUES (67, 1308);
INSERT INTO `ped_repuesto_eq_modelo` VALUES (67, 853);
INSERT INTO `ped_repuesto_eq_modelo` VALUES (67, 342);
INSERT INTO `ped_repuesto_eq_modelo` VALUES (67, 918);
INSERT INTO `ped_repuesto_eq_modelo` VALUES (67, 858);
INSERT INTO `ped_repuesto_eq_modelo` VALUES (67, 97);
INSERT INTO `ped_repuesto_eq_modelo` VALUES (67, 1309);
INSERT INTO `ped_repuesto_eq_modelo` VALUES (67, 1310);
INSERT INTO `ped_repuesto_eq_modelo` VALUES (67, 1311);
INSERT INTO `ped_repuesto_eq_modelo` VALUES (57, 1312);
INSERT INTO `ped_repuesto_eq_modelo` VALUES (57, 1313);
INSERT INTO `ped_repuesto_eq_modelo` VALUES (57, 1314);
INSERT INTO `ped_repuesto_eq_modelo` VALUES (57, 1315);
INSERT INTO `ped_repuesto_eq_modelo` VALUES (10, 536);
INSERT INTO `ped_repuesto_eq_modelo` VALUES (12, 536);
INSERT INTO `ped_repuesto_eq_modelo` VALUES (10, 777);
INSERT INTO `ped_repuesto_eq_modelo` VALUES (12, 777);
INSERT INTO `ped_repuesto_eq_modelo` VALUES (13, 777);
INSERT INTO `ped_repuesto_eq_modelo` VALUES (12, 1316);
INSERT INTO `ped_repuesto_eq_modelo` VALUES (10, 1316);
INSERT INTO `ped_repuesto_eq_modelo` VALUES (24, 1317);
INSERT INTO `ped_repuesto_eq_modelo` VALUES (6, 257);
INSERT INTO `ped_repuesto_eq_modelo` VALUES (6, 1318);
INSERT INTO `ped_repuesto_eq_modelo` VALUES (6, 1319);
INSERT INTO `ped_repuesto_eq_modelo` VALUES (6, 608);
INSERT INTO `ped_repuesto_eq_modelo` VALUES (37, 356);
INSERT INTO `ped_repuesto_eq_modelo` VALUES (5, 1320);
INSERT INTO `ped_repuesto_eq_modelo` VALUES (11, 485);
INSERT INTO `ped_repuesto_eq_modelo` VALUES (6, 720);
INSERT INTO `ped_repuesto_eq_modelo` VALUES (6, 327);
INSERT INTO `ped_repuesto_eq_modelo` VALUES (6, 1321);
INSERT INTO `ped_repuesto_eq_modelo` VALUES (6, 1322);
INSERT INTO `ped_repuesto_eq_modelo` VALUES (6, 1323);
INSERT INTO `ped_repuesto_eq_modelo` VALUES (10, 1324);
INSERT INTO `ped_repuesto_eq_modelo` VALUES (24, 1325);
INSERT INTO `ped_repuesto_eq_modelo` VALUES (10, 907);
INSERT INTO `ped_repuesto_eq_modelo` VALUES (10, 1326);
INSERT INTO `ped_repuesto_eq_modelo` VALUES (10, 1327);
INSERT INTO `ped_repuesto_eq_modelo` VALUES (9, 1328);
INSERT INTO `ped_repuesto_eq_modelo` VALUES (12, 626);
INSERT INTO `ped_repuesto_eq_modelo` VALUES (12, 1329);
INSERT INTO `ped_repuesto_eq_modelo` VALUES (12, 1066);
INSERT INTO `ped_repuesto_eq_modelo` VALUES (12, 1330);
INSERT INTO `ped_repuesto_eq_modelo` VALUES (12, 1331);
INSERT INTO `ped_repuesto_eq_modelo` VALUES (12, 1332);
INSERT INTO `ped_repuesto_eq_modelo` VALUES (67, 920);
INSERT INTO `ped_repuesto_eq_modelo` VALUES (67, 388);
INSERT INTO `ped_repuesto_eq_modelo` VALUES (25, 55);
INSERT INTO `ped_repuesto_eq_modelo` VALUES (13, 516);
INSERT INTO `ped_repuesto_eq_modelo` VALUES (37, 658);
INSERT INTO `ped_repuesto_eq_modelo` VALUES (39, 658);
INSERT INTO `ped_repuesto_eq_modelo` VALUES (67, 1333);
INSERT INTO `ped_repuesto_eq_modelo` VALUES (67, 1334);
INSERT INTO `ped_repuesto_eq_modelo` VALUES (67, 1335);
INSERT INTO `ped_repuesto_eq_modelo` VALUES (67, 1336);
INSERT INTO `ped_repuesto_eq_modelo` VALUES (67, 1337);
INSERT INTO `ped_repuesto_eq_modelo` VALUES (67, 1338);
INSERT INTO `ped_repuesto_eq_modelo` VALUES (67, 1339);
INSERT INTO `ped_repuesto_eq_modelo` VALUES (67, 1340);
INSERT INTO `ped_repuesto_eq_modelo` VALUES (67, 1341);
INSERT INTO `ped_repuesto_eq_modelo` VALUES (67, 1342);
INSERT INTO `ped_repuesto_eq_modelo` VALUES (67, 1343);
INSERT INTO `ped_repuesto_eq_modelo` VALUES (67, 1344);
INSERT INTO `ped_repuesto_eq_modelo` VALUES (67, 1345);
INSERT INTO `ped_repuesto_eq_modelo` VALUES (67, 1346);
INSERT INTO `ped_repuesto_eq_modelo` VALUES (67, 1347);
INSERT INTO `ped_repuesto_eq_modelo` VALUES (67, 1348);
INSERT INTO `ped_repuesto_eq_modelo` VALUES (67, 1349);
INSERT INTO `ped_repuesto_eq_modelo` VALUES (67, 1350);
INSERT INTO `ped_repuesto_eq_modelo` VALUES (67, 1351);
INSERT INTO `ped_repuesto_eq_modelo` VALUES (67, 1352);
INSERT INTO `ped_repuesto_eq_modelo` VALUES (67, 1353);
INSERT INTO `ped_repuesto_eq_modelo` VALUES (67, 1354);
INSERT INTO `ped_repuesto_eq_modelo` VALUES (67, 1355);
INSERT INTO `ped_repuesto_eq_modelo` VALUES (67, 1356);
INSERT INTO `ped_repuesto_eq_modelo` VALUES (22, 540);
INSERT INTO `ped_repuesto_eq_modelo` VALUES (24, 531);
INSERT INTO `ped_repuesto_eq_modelo` VALUES (12, 525);
INSERT INTO `ped_repuesto_eq_modelo` VALUES (24, 396);

-- ----------------------------
-- Table structure for ped_repuesto_equipo
-- ----------------------------
DROP TABLE IF EXISTS `ped_repuesto_equipo`;
CREATE TABLE `ped_repuesto_equipo`  (
  `id_repuesto` bigint(20) NULL DEFAULT NULL,
  `id_equipo` bigint(20) NULL DEFAULT NULL,
  INDEX `FK_repuesto_equipo`(`id_repuesto`) USING BTREE,
  INDEX `FK_equipo_repuesto`(`id_equipo`) USING BTREE,
  CONSTRAINT `FK_equipo_repuesto` FOREIGN KEY (`id_equipo`) REFERENCES `eq_equipo` (`id_equipo`) ON DELETE CASCADE ON UPDATE CASCADE,
  CONSTRAINT `FK_repuesto_equipo` FOREIGN KEY (`id_repuesto`) REFERENCES `ped_repuesto` (`id_repuesto`) ON DELETE CASCADE ON UPDATE CASCADE
) ENGINE = InnoDB CHARACTER SET = latin1 COLLATE = latin1_swedish_ci ROW_FORMAT = Compact;

-- ----------------------------
-- Table structure for ped_repuesto_marca
-- ----------------------------
DROP TABLE IF EXISTS `ped_repuesto_marca`;
CREATE TABLE `ped_repuesto_marca`  (
  `id_repuesto` bigint(20) NULL DEFAULT NULL,
  `id_marca` bigint(20) NULL DEFAULT NULL,
  INDEX `FK_repuesto_equipo`(`id_repuesto`) USING BTREE,
  INDEX `FK_equipo_repuesto`(`id_marca`) USING BTREE,
  CONSTRAINT `ped_repuesto_marca_ibfk_1` FOREIGN KEY (`id_marca`) REFERENCES `aux_marca` (`id_marca`) ON DELETE CASCADE ON UPDATE CASCADE,
  CONSTRAINT `ped_repuesto_marca_ibfk_2` FOREIGN KEY (`id_repuesto`) REFERENCES `ped_repuesto` (`id_repuesto`) ON DELETE CASCADE ON UPDATE CASCADE
) ENGINE = InnoDB CHARACTER SET = latin1 COLLATE = latin1_swedish_ci ROW_FORMAT = Compact;

-- ----------------------------
-- Table structure for pro_neumatico
-- ----------------------------
DROP TABLE IF EXISTS `pro_neumatico`;
CREATE TABLE `pro_neumatico`  (
  `id_neumatico` bigint(9) NOT NULL AUTO_INCREMENT,
  `medida` varchar(50) CHARACTER SET utf8 COLLATE utf8_spanish_ci NULL DEFAULT NULL,
  `info` varchar(100) CHARACTER SET utf8 COLLATE utf8_spanish_ci NULL DEFAULT NULL,
  PRIMARY KEY (`id_neumatico`) USING BTREE
) ENGINE = InnoDB AUTO_INCREMENT = 1 CHARACTER SET = utf8 COLLATE = utf8_spanish_ci ROW_FORMAT = Compact;

-- ----------------------------
-- Table structure for pro_presentacion
-- ----------------------------
DROP TABLE IF EXISTS `pro_presentacion`;
CREATE TABLE `pro_presentacion`  (
  `id_presentacion` bigint(9) NOT NULL,
  `nombre` varchar(20) CHARACTER SET utf8 COLLATE utf8_spanish_ci NULL DEFAULT NULL,
  `codigo` varchar(10) CHARACTER SET utf8 COLLATE utf8_spanish_ci NULL DEFAULT NULL,
  `valor` double(10, 0) NULL DEFAULT 1,
  `info` varchar(100) CHARACTER SET utf8 COLLATE utf8_spanish_ci NULL DEFAULT NULL,
  PRIMARY KEY (`id_presentacion`) USING BTREE
) ENGINE = InnoDB CHARACTER SET = utf8 COLLATE = utf8_spanish_ci ROW_FORMAT = Compact;

-- ----------------------------
-- Table structure for pro_producto
-- ----------------------------
DROP TABLE IF EXISTS `pro_producto`;
CREATE TABLE `pro_producto`  (
  `id_producto` bigint(9) NOT NULL AUTO_INCREMENT,
  `nombre` varchar(50) CHARACTER SET utf8 COLLATE utf8_spanish_ci NULL DEFAULT NULL,
  `codigo` varchar(10) CHARACTER SET utf8 COLLATE utf8_spanish_ci NULL DEFAULT NULL,
  `marca` bigint(9) NULL DEFAULT NULL,
  `info` varchar(100) CHARACTER SET utf8 COLLATE utf8_spanish_ci NULL DEFAULT NULL,
  `presentacion` bigint(9) NULL DEFAULT NULL,
  PRIMARY KEY (`id_producto`) USING BTREE,
  INDEX `pro_producto_presentacion_fk`(`presentacion`) USING BTREE,
  CONSTRAINT `pro_producto_presentacion_fk` FOREIGN KEY (`presentacion`) REFERENCES `pro_presentacion` (`id_presentacion`) ON DELETE RESTRICT ON UPDATE RESTRICT
) ENGINE = InnoDB AUTO_INCREMENT = 1 CHARACTER SET = utf8 COLLATE = utf8_spanish_ci ROW_FORMAT = Compact;

-- ----------------------------
-- Table structure for pro_producto_empresa
-- ----------------------------
DROP TABLE IF EXISTS `pro_producto_empresa`;
CREATE TABLE `pro_producto_empresa`  (
  `id_producto` bigint(9) NOT NULL,
  `id_empresa` bigint(9) NOT NULL,
  INDEX `pro_producto_marca_fk01`(`id_producto`) USING BTREE,
  INDEX `pro_producto_marca_fk02`(`id_empresa`) USING BTREE,
  CONSTRAINT `pro_producto_empresa_ibfk_1` FOREIGN KEY (`id_producto`) REFERENCES `pro_producto` (`id_producto`) ON DELETE RESTRICT ON UPDATE RESTRICT,
  CONSTRAINT `pro_producto_empresa_ibfk_2` FOREIGN KEY (`id_empresa`) REFERENCES `empresa` (`id_empresa`) ON DELETE RESTRICT ON UPDATE RESTRICT
) ENGINE = InnoDB CHARACTER SET = utf8 COLLATE = utf8_spanish_ci ROW_FORMAT = Compact;

-- ----------------------------
-- Table structure for pro_producto_marca
-- ----------------------------
DROP TABLE IF EXISTS `pro_producto_marca`;
CREATE TABLE `pro_producto_marca`  (
  `id_producto` bigint(9) NOT NULL,
  `id_marca` bigint(9) NOT NULL,
  INDEX `pro_producto_marca_fk01`(`id_producto`) USING BTREE,
  INDEX `pro_producto_marca_fk02`(`id_marca`) USING BTREE,
  CONSTRAINT `pro_producto_marca_fk01` FOREIGN KEY (`id_producto`) REFERENCES `pro_producto` (`id_producto`) ON DELETE RESTRICT ON UPDATE RESTRICT,
  CONSTRAINT `pro_producto_marca_fk02` FOREIGN KEY (`id_marca`) REFERENCES `aux_marca` (`id_marca`) ON DELETE RESTRICT ON UPDATE RESTRICT
) ENGINE = InnoDB CHARACTER SET = utf8 COLLATE = utf8_spanish_ci ROW_FORMAT = Compact;

-- ----------------------------
-- Table structure for rh_categoria
-- ----------------------------
DROP TABLE IF EXISTS `rh_categoria`;
CREATE TABLE `rh_categoria`  (
  `id_categoria` bigint(20) NOT NULL,
  `nombre` varchar(255) CHARACTER SET latin1 COLLATE latin1_swedish_ci NULL DEFAULT NULL,
  `info` varchar(255) CHARACTER SET latin1 COLLATE latin1_swedish_ci NULL DEFAULT NULL,
  PRIMARY KEY (`id_categoria`) USING BTREE
) ENGINE = InnoDB CHARACTER SET = latin1 COLLATE = latin1_swedish_ci ROW_FORMAT = Compact;

-- ----------------------------
-- Records of rh_categoria
-- ----------------------------
INSERT INTO `rh_categoria` VALUES (1, 'Administrativo', 'Oficina');
INSERT INTO `rh_categoria` VALUES (2, 'Conductor', 'Transporte de Cereal, Tractor, Pulverizadora, etc');
INSERT INTO `rh_categoria` VALUES (3, 'Profecional', 'Abogados, Ingenieros, Contadores, ets...');
INSERT INTO `rh_categoria` VALUES (4, 'General', 'Rural, Encargado, Operadores, etc...');
INSERT INTO `rh_categoria` VALUES (5, 'Otro', 'Desconocido');

-- ----------------------------
-- Table structure for rh_empleado
-- ----------------------------
DROP TABLE IF EXISTS `rh_empleado`;
CREATE TABLE `rh_empleado`  (
  `id_persona` bigint(9) NULL DEFAULT NULL,
  `id_empleado` bigint(9) NOT NULL AUTO_INCREMENT,
  `categoria` bigint(9) NULL DEFAULT NULL,
  `puesto` bigint(9) NULL DEFAULT NULL,
  `fecha_alta` date NULL DEFAULT NULL,
  `fecha_baja` date NULL DEFAULT NULL,
  `info` varchar(100) CHARACTER SET utf8 COLLATE utf8_general_ci NULL DEFAULT NULL,
  `estado` enum('Activo','Inactivo') CHARACTER SET utf8 COLLATE utf8_general_ci NULL DEFAULT 'Activo',
  `empresa` bigint(9) NULL DEFAULT NULL,
  `seguro` bigint(9) NULL DEFAULT -1,
  PRIMARY KEY (`id_empleado`) USING BTREE,
  INDEX `FK_empleado_categoria`(`categoria`) USING BTREE,
  INDEX `FK_empleado_puesto`(`puesto`) USING BTREE,
  INDEX `FK_rh_empleado_empresa`(`empresa`) USING BTREE,
  INDEX `FK_empleado_persona`(`id_persona`) USING BTREE,
  INDEX `FK_empleado_seguro`(`seguro`) USING BTREE,
  CONSTRAINT `FK_empleado_categoria` FOREIGN KEY (`categoria`) REFERENCES `rh_categoria` (`id_categoria`) ON DELETE CASCADE ON UPDATE CASCADE,
  CONSTRAINT `FK_empleado_persona` FOREIGN KEY (`id_persona`) REFERENCES `rh_persona` (`id_persona`) ON DELETE CASCADE ON UPDATE CASCADE,
  CONSTRAINT `FK_empleado_puesto` FOREIGN KEY (`puesto`) REFERENCES `rh_puesto` (`id_puesto`) ON DELETE CASCADE ON UPDATE CASCADE,
  CONSTRAINT `FK_empleado_seguro` FOREIGN KEY (`seguro`) REFERENCES `doc_seguro` (`id_seguro`) ON DELETE CASCADE ON UPDATE CASCADE,
  CONSTRAINT `FK_rh_empleado_empresa` FOREIGN KEY (`empresa`) REFERENCES `empresa` (`id_empresa`) ON DELETE CASCADE ON UPDATE CASCADE
) ENGINE = InnoDB AUTO_INCREMENT = 19 CHARACTER SET = utf8 COLLATE = utf8_general_ci ROW_FORMAT = Compact;

-- ----------------------------
-- Records of rh_empleado
-- ----------------------------
INSERT INTO `rh_empleado` VALUES (1, 1, 1, 10, '2010-07-01', NULL, NULL, 'Activo', 2, NULL);
INSERT INTO `rh_empleado` VALUES (2, 2, 1, 7, '2016-04-22', NULL, NULL, 'Activo', 2, NULL);
INSERT INTO `rh_empleado` VALUES (3, 3, 4, 5, '2013-03-08', NULL, NULL, 'Activo', 2, NULL);
INSERT INTO `rh_empleado` VALUES (4, 4, 1, 7, '2013-08-16', NULL, NULL, 'Activo', 2, NULL);
INSERT INTO `rh_empleado` VALUES (5, 5, 1, 7, '2010-08-06', NULL, NULL, 'Activo', 2, NULL);
INSERT INTO `rh_empleado` VALUES (17, 6, 2, 2, '1993-09-01', NULL, NULL, 'Activo', 2, NULL);
INSERT INTO `rh_empleado` VALUES (18, 7, 2, 2, '2017-11-01', '2020-01-30', NULL, 'Activo', 2, NULL);
INSERT INTO `rh_empleado` VALUES (19, 8, 2, 2, '2011-11-01', NULL, NULL, 'Activo', 2, NULL);
INSERT INTO `rh_empleado` VALUES (20, 9, 2, 2, '2016-08-01', '2020-01-30', NULL, 'Activo', 2, NULL);
INSERT INTO `rh_empleado` VALUES (21, 10, 2, 2, '2010-05-15', NULL, NULL, 'Activo', 2, NULL);
INSERT INTO `rh_empleado` VALUES (22, 11, 2, 2, '2016-05-01', '2020-01-30', NULL, 'Activo', 2, NULL);
INSERT INTO `rh_empleado` VALUES (23, 12, 2, 2, '2011-04-06', NULL, NULL, 'Activo', 2, NULL);
INSERT INTO `rh_empleado` VALUES (24, 13, 2, 2, '2019-04-09', NULL, NULL, 'Activo', 2, NULL);
INSERT INTO `rh_empleado` VALUES (25, 14, 2, 2, '2019-12-05', NULL, NULL, 'Activo', 2, NULL);
INSERT INTO `rh_empleado` VALUES (26, 15, 2, 2, '2018-11-27', NULL, NULL, 'Activo', 2, NULL);
INSERT INTO `rh_empleado` VALUES (27, 16, 2, 2, '2019-12-04', NULL, NULL, 'Activo', 2, NULL);
INSERT INTO `rh_empleado` VALUES (28, 17, 2, 2, '2019-12-04', NULL, NULL, 'Activo', 2, NULL);
INSERT INTO `rh_empleado` VALUES (29, 18, 5, 9, '2019-01-10', '2020-01-30', NULL, 'Activo', 2, NULL);

-- ----------------------------
-- Table structure for rh_empleado_contacto
-- ----------------------------
DROP TABLE IF EXISTS `rh_empleado_contacto`;
CREATE TABLE `rh_empleado_contacto`  (
  `id_empleado` bigint(20) NULL DEFAULT NULL,
  `id_contacto` bigint(20) NULL DEFAULT NULL,
  INDEX `FK_rh_empleado_contacto`(`id_empleado`) USING BTREE,
  INDEX `FK_contacto_rh_empleado`(`id_contacto`) USING BTREE,
  CONSTRAINT `FK_contacto_rh_empleado` FOREIGN KEY (`id_contacto`) REFERENCES `contacto` (`id_contacto`) ON DELETE CASCADE ON UPDATE CASCADE,
  CONSTRAINT `FK_rh_empleado_contacto` FOREIGN KEY (`id_empleado`) REFERENCES `rh_empleado` (`id_empleado`) ON DELETE CASCADE ON UPDATE CASCADE
) ENGINE = InnoDB CHARACTER SET = utf8 COLLATE = utf8_general_ci ROW_FORMAT = Compact;

-- ----------------------------
-- Table structure for rh_familia
-- ----------------------------
DROP TABLE IF EXISTS `rh_familia`;
CREATE TABLE `rh_familia`  (
  `id_persona` bigint(11) NULL DEFAULT NULL,
  `id_familia` bigint(11) NOT NULL AUTO_INCREMENT,
  `pariente` bigint(11) NULL DEFAULT NULL,
  `relacion` enum('Esposo/a','Hijo/a','Padre','Madre','Abuelo/a','Otro') CHARACTER SET utf8 COLLATE utf8_general_ci NULL DEFAULT NULL,
  `info` varchar(255) CHARACTER SET utf8 COLLATE utf8_general_ci NULL DEFAULT NULL,
  PRIMARY KEY (`id_familia`) USING BTREE,
  INDEX `fk_familia_persona`(`id_persona`) USING BTREE,
  INDEX `fk_familia_pariente`(`pariente`) USING BTREE,
  CONSTRAINT `fk_familia_pariente` FOREIGN KEY (`pariente`) REFERENCES `rh_persona` (`id_persona`) ON DELETE RESTRICT ON UPDATE RESTRICT,
  CONSTRAINT `fk_familia_persona` FOREIGN KEY (`id_persona`) REFERENCES `rh_persona` (`id_persona`) ON DELETE CASCADE ON UPDATE CASCADE
) ENGINE = InnoDB AUTO_INCREMENT = 9 CHARACTER SET = utf8 COLLATE = utf8_general_ci ROW_FORMAT = Compact;

-- ----------------------------
-- Records of rh_familia
-- ----------------------------
INSERT INTO `rh_familia` VALUES (3, 5, 2, 'Hijo/a', NULL);
INSERT INTO `rh_familia` VALUES (4, 6, 2, 'Hijo/a', NULL);
INSERT INTO `rh_familia` VALUES (15, 7, 2, 'Hijo/a', NULL);
INSERT INTO `rh_familia` VALUES (16, 8, 2, 'Hijo/a', NULL);

-- ----------------------------
-- Table structure for rh_persona
-- ----------------------------
DROP TABLE IF EXISTS `rh_persona`;
CREATE TABLE `rh_persona`  (
  `id_persona` bigint(11) NOT NULL AUTO_INCREMENT,
  `nombre` char(50) CHARACTER SET utf8 COLLATE utf8_general_ci NOT NULL DEFAULT '',
  `apellido` char(50) CHARACTER SET utf8 COLLATE utf8_general_ci NOT NULL DEFAULT '',
  `nacimiento` date NULL DEFAULT NULL,
  `dni` char(10) CHARACTER SET utf8 COLLATE utf8_general_ci NULL DEFAULT '',
  `cuil` varchar(15) CHARACTER SET utf8 COLLATE utf8_general_ci NULL DEFAULT NULL,
  `genero` int(1) NULL DEFAULT 0,
  `estado_civil` int(1) NULL DEFAULT 0,
  `info` varchar(255) CHARACTER SET utf8 COLLATE utf8_general_ci NULL DEFAULT NULL,
  `domicilio` bigint(20) NULL DEFAULT NULL,
  `estado` int(1) NULL DEFAULT 0,
  `hijo` int(10) NULL DEFAULT 0,
  `dtype` varchar(31) CHARACTER SET utf8 COLLATE utf8_general_ci NULL DEFAULT NULL,
  PRIMARY KEY (`id_persona`) USING BTREE,
  INDEX `FK_rh_persona_domicilio`(`domicilio`) USING BTREE,
  CONSTRAINT `FK_rh_persona_domicilio` FOREIGN KEY (`domicilio`) REFERENCES `ubi_direccion` (`id_direccion`) ON DELETE CASCADE ON UPDATE CASCADE
) ENGINE = InnoDB AUTO_INCREMENT = 30 CHARACTER SET = utf8 COLLATE = utf8_general_ci ROW_FORMAT = Compact;

-- ----------------------------
-- Records of rh_persona
-- ----------------------------
INSERT INTO `rh_persona` VALUES (1, 'Lalo', 'Lamda', '1980-01-01', '30.567.250', '20-30567250-6', 0, 0, NULL, 1167, 0, 0, 'Empleado');
INSERT INTO `rh_persona` VALUES (2, 'Luis', 'Serna', '2000-03-31', '12.345.678', '12-12345678-9', 1, 0, NULL, NULL, 0, 0, 'Empleado');
INSERT INTO `rh_persona` VALUES (3, 'Hernan', 'Starna', '1982-08-13', '', NULL, 1, 0, NULL, NULL, 0, 0, 'Empleado');
INSERT INTO `rh_persona` VALUES (4, 'Rodrigo', 'Gallardo', '1999-08-12', NULL, NULL, 0, 0, NULL, NULL, 0, 0, 'Empleado');
INSERT INTO `rh_persona` VALUES (5, 'Martin', 'Vazquez', '1984-05-31', NULL, NULL, 0, 0, NULL, NULL, 0, 0, 'Empleado');
INSERT INTO `rh_persona` VALUES (15, 'Familia 1', 'Apellido', NULL, NULL, NULL, 0, 0, NULL, NULL, 0, 0, 'Familia');
INSERT INTO `rh_persona` VALUES (16, 'Familia 2', 'Apellido', NULL, NULL, NULL, 0, 0, NULL, NULL, 0, 0, 'Familia');
INSERT INTO `rh_persona` VALUES (17, 'Alberto Higinio', 'Mancuello', '1969-04-26', NULL, NULL, 0, 0, NULL, NULL, 0, 0, 'Empleado');
INSERT INTO `rh_persona` VALUES (18, 'Mario Lucas', 'Ferreyra', '1986-01-01', NULL, NULL, 0, 0, '', NULL, 1, 0, 'Empleado');
INSERT INTO `rh_persona` VALUES (19, 'Claudio Rodolfo', 'Monando', '1968-03-29', NULL, NULL, 0, 0, NULL, NULL, 0, 0, 'Empleado');
INSERT INTO `rh_persona` VALUES (20, 'Danilo Armando', 'Paniagua', '1990-01-05', NULL, NULL, 0, 0, '', NULL, 0, 0, 'Empleado');
INSERT INTO `rh_persona` VALUES (21, 'Miguel Angel', 'Romero', '1978-03-11', NULL, NULL, 0, 0, NULL, NULL, 0, 0, 'Empleado');
INSERT INTO `rh_persona` VALUES (22, 'Jose Maria', 'Ruvatta', '1981-04-03', NULL, NULL, 0, 5, '', NULL, 1, 0, 'Empleado');
INSERT INTO `rh_persona` VALUES (23, 'Dario Antonio', 'Torrez', '1971-11-23', NULL, NULL, 0, 0, NULL, NULL, 0, 0, 'Empleado');
INSERT INTO `rh_persona` VALUES (24, 'Javier Anibal', 'Coronel', '1995-12-24', NULL, NULL, 0, 4, NULL, NULL, 0, 0, 'Empleado');
INSERT INTO `rh_persona` VALUES (25, 'Ruben Maximiliano', 'Arriola', '1993-04-23', NULL, NULL, 0, 0, NULL, NULL, 0, 0, 'Empleado');
INSERT INTO `rh_persona` VALUES (26, 'Victor Anacleto', 'Torrez', '1981-04-12', NULL, NULL, 0, 0, NULL, NULL, 0, 0, 'Empleado');
INSERT INTO `rh_persona` VALUES (27, 'Marcelo Esteban', 'Nuñez', '1987-04-09', NULL, NULL, 0, 0, NULL, NULL, 0, 0, 'Empleado');
INSERT INTO `rh_persona` VALUES (28, 'Ovidio Francisco', 'Salto', '1988-03-08', NULL, NULL, 0, 0, NULL, NULL, 0, 0, 'Empleado');
INSERT INTO `rh_persona` VALUES (29, 'Aaa', 'Aaaa', '2020-01-30', NULL, '', 0, 5, '', NULL, 1, 0, 'Empleado');

-- ----------------------------
-- Table structure for rh_persona_contacto
-- ----------------------------
DROP TABLE IF EXISTS `rh_persona_contacto`;
CREATE TABLE `rh_persona_contacto`  (
  `id_persona` bigint(20) NULL DEFAULT NULL,
  `id_contacto` bigint(20) NULL DEFAULT NULL,
  INDEX `FK_rh_persona_contacto`(`id_persona`) USING BTREE,
  INDEX `FK_contacto_rh_persona`(`id_contacto`) USING BTREE,
  CONSTRAINT `FK_contacto_rh_persona` FOREIGN KEY (`id_contacto`) REFERENCES `contacto` (`id_contacto`) ON DELETE CASCADE ON UPDATE CASCADE,
  CONSTRAINT `FK_rh_persona_contacto` FOREIGN KEY (`id_persona`) REFERENCES `rh_persona` (`id_persona`) ON DELETE CASCADE ON UPDATE CASCADE
) ENGINE = InnoDB CHARACTER SET = utf8 COLLATE = utf8_general_ci ROW_FORMAT = Compact;

-- ----------------------------
-- Records of rh_persona_contacto
-- ----------------------------
INSERT INTO `rh_persona_contacto` VALUES (1, 1314);

-- ----------------------------
-- Table structure for rh_puesto
-- ----------------------------
DROP TABLE IF EXISTS `rh_puesto`;
CREATE TABLE `rh_puesto`  (
  `id_puesto` bigint(20) NOT NULL,
  `nombre` varchar(255) CHARACTER SET latin1 COLLATE latin1_swedish_ci NULL DEFAULT NULL,
  `info` varchar(255) CHARACTER SET latin1 COLLATE latin1_swedish_ci NULL DEFAULT NULL,
  PRIMARY KEY (`id_puesto`) USING BTREE
) ENGINE = InnoDB CHARACTER SET = latin1 COLLATE = latin1_swedish_ci ROW_FORMAT = Compact;

-- ----------------------------
-- Records of rh_puesto
-- ----------------------------
INSERT INTO `rh_puesto` VALUES (1, 'Abogados', 'Profecional');
INSERT INTO `rh_puesto` VALUES (2, 'Chofer', 'Conductores de Camiones Pesados');
INSERT INTO `rh_puesto` VALUES (3, 'Contadores', 'Varios Administrativos');
INSERT INTO `rh_puesto` VALUES (4, 'Domesticos', 'Limpieza, Jardin');
INSERT INTO `rh_puesto` VALUES (5, 'Encargado', 'Ecargado Rural, de Planta');
INSERT INTO `rh_puesto` VALUES (6, 'Ingenieros', 'Profecional');
INSERT INTO `rh_puesto` VALUES (7, 'Oficina', 'Otros Oficinistas');
INSERT INTO `rh_puesto` VALUES (8, 'Operadores', 'Tractor, Pulverizador, Cosechadora, etc');
INSERT INTO `rh_puesto` VALUES (9, 'Otros', 'Desconocidos');
INSERT INTO `rh_puesto` VALUES (10, 'Rural', 'Peon Rural');

-- ----------------------------
-- Table structure for rubro
-- ----------------------------
DROP TABLE IF EXISTS `rubro`;
CREATE TABLE `rubro`  (
  `id_rubro` bigint(11) NOT NULL AUTO_INCREMENT,
  `nombre` varchar(15) CHARACTER SET utf8 COLLATE utf8_unicode_ci NULL DEFAULT NULL,
  `codigo` int(5) NULL DEFAULT NULL,
  `descripcion` varchar(50) CHARACTER SET utf8 COLLATE utf8_unicode_ci NULL DEFAULT NULL,
  PRIMARY KEY (`id_rubro`) USING BTREE
) ENGINE = InnoDB AUTO_INCREMENT = 140 CHARACTER SET = utf8 COLLATE = utf8_unicode_ci ROW_FORMAT = Compact;

-- ----------------------------
-- Records of rubro
-- ----------------------------
INSERT INTO `rubro` VALUES (100, 'Agroquimicos', NULL, ' ');
INSERT INTO `rubro` VALUES (101, 'Arquitecto', NULL, ' ');
INSERT INTO `rubro` VALUES (102, 'Arrendador', NULL, ' ');
INSERT INTO `rubro` VALUES (103, 'Carpinteria', NULL, ' ');
INSERT INTO `rubro` VALUES (104, 'Combustibles', NULL, ' ');
INSERT INTO `rubro` VALUES (105, 'Comercio', NULL, ' ');
INSERT INTO `rubro` VALUES (106, 'Comunicaciones', NULL, ' ');
INSERT INTO `rubro` VALUES (107, 'Concesionario', NULL, ' ');
INSERT INTO `rubro` VALUES (108, 'Contadora', NULL, ' ');
INSERT INTO `rubro` VALUES (109, 'Corralon', NULL, ' ');
INSERT INTO `rubro` VALUES (110, 'Corredor', NULL, ' ');
INSERT INTO `rubro` VALUES (111, 'Cosechas', NULL, ' ');
INSERT INTO `rubro` VALUES (112, 'Desmotadora', NULL, ' ');
INSERT INTO `rubro` VALUES (113, 'Ferreteria', NULL, ' ');
INSERT INTO `rubro` VALUES (114, 'Fumigacion', NULL, ' ');
INSERT INTO `rubro` VALUES (115, 'Ingeniero', NULL, ' ');
INSERT INTO `rubro` VALUES (116, 'Metalurgica', NULL, ' ');
INSERT INTO `rubro` VALUES (117, 'Neumaticos', NULL, ' ');
INSERT INTO `rubro` VALUES (118, 'Otros', NULL, ' ');
INSERT INTO `rubro` VALUES (119, 'Pintureria', NULL, ' ');
INSERT INTO `rubro` VALUES (120, 'Proveedor', NULL, ' ');
INSERT INTO `rubro` VALUES (121, 'Repuestos', NULL, ' ');
INSERT INTO `rubro` VALUES (122, 'Semillas', NULL, ' ');
INSERT INTO `rubro` VALUES (123, 'Servicios', NULL, ' ');
INSERT INTO `rubro` VALUES (124, 'Siembra', NULL, ' ');
INSERT INTO `rubro` VALUES (125, 'Silos', NULL, ' ');
INSERT INTO `rubro` VALUES (126, 'Talleres', NULL, ' ');
INSERT INTO `rubro` VALUES (127, 'Transportista', NULL, ' ');
INSERT INTO `rubro` VALUES (128, 'Trillador', NULL, ' ');
INSERT INTO `rubro` VALUES (129, 'Productor', NULL, NULL);
INSERT INTO `rubro` VALUES (130, 'Banco', NULL, '');
INSERT INTO `rubro` VALUES (131, 'Ecomiendas', NULL, '');
INSERT INTO `rubro` VALUES (132, 'Empleado RRR', NULL, NULL);
INSERT INTO `rubro` VALUES (133, 'Escribano', NULL, '');
INSERT INTO `rubro` VALUES (134, 'Informatica', NULL, NULL);
INSERT INTO `rubro` VALUES (135, 'Comuna', NULL, '');
INSERT INTO `rubro` VALUES (136, 'Seguros', NULL, NULL);
INSERT INTO `rubro` VALUES (137, 'Herramienta', NULL, NULL);
INSERT INTO `rubro` VALUES (138, 'Molinos', NULL, NULL);
INSERT INTO `rubro` VALUES (139, 'Abogado', NULL, NULL);

-- ----------------------------
-- Table structure for rubro_sub
-- ----------------------------
DROP TABLE IF EXISTS `rubro_sub`;
CREATE TABLE `rubro_sub`  (
  `id_sub` bigint(11) NOT NULL AUTO_INCREMENT,
  `nombre` varchar(15) CHARACTER SET utf8 COLLATE utf8_unicode_ci NULL DEFAULT NULL,
  `codigo` int(5) NULL DEFAULT NULL,
  `descripcion` varchar(50) CHARACTER SET utf8 COLLATE utf8_unicode_ci NULL DEFAULT NULL,
  `rubro` bigint(11) NULL DEFAULT NULL,
  PRIMARY KEY (`id_sub`) USING BTREE,
  INDEX `rubro_sub_rubro`(`rubro`) USING BTREE,
  CONSTRAINT `rubro_sub_rubro` FOREIGN KEY (`rubro`) REFERENCES `rubro` (`id_rubro`) ON DELETE RESTRICT ON UPDATE RESTRICT
) ENGINE = InnoDB AUTO_INCREMENT = 1 CHARACTER SET = utf8 COLLATE = utf8_unicode_ci ROW_FORMAT = Compact;

-- ----------------------------
-- Table structure for ubi_coordenada
-- ----------------------------
DROP TABLE IF EXISTS `ubi_coordenada`;
CREATE TABLE `ubi_coordenada`  (
  `id_coordenada` bigint(20) NOT NULL,
  `info` varchar(50) CHARACTER SET utf8 COLLATE utf8_general_ci NULL DEFAULT NULL,
  `latitud` double NULL DEFAULT NULL,
  `longitud` double NULL DEFAULT NULL,
  `poly` varchar(255) CHARACTER SET utf8 COLLATE utf8_general_ci NULL DEFAULT NULL,
  `id_direccion` bigint(20) NULL DEFAULT NULL,
  PRIMARY KEY (`id_coordenada`) USING BTREE,
  INDEX `FK_coordena_direccion`(`id_direccion`) USING BTREE,
  CONSTRAINT `FK_coordena_direccion` FOREIGN KEY (`id_direccion`) REFERENCES `ubi_direccion` (`id_direccion`) ON DELETE CASCADE ON UPDATE CASCADE
) ENGINE = InnoDB CHARACTER SET = utf8 COLLATE = utf8_general_ci ROW_FORMAT = Compact;

-- ----------------------------
-- Table structure for ubi_direccion
-- ----------------------------
DROP TABLE IF EXISTS `ubi_direccion`;
CREATE TABLE `ubi_direccion`  (
  `id_direccion` bigint(11) NOT NULL AUTO_INCREMENT,
  `nombre` varchar(20) CHARACTER SET utf8 COLLATE utf8_unicode_ci NULL DEFAULT NULL,
  `calle` varchar(100) CHARACTER SET utf8 COLLATE utf8_unicode_ci NULL DEFAULT NULL,
  `numero` varchar(6) CHARACTER SET utf8 COLLATE utf8_unicode_ci NULL DEFAULT NULL,
  `codigo` varchar(4) CHARACTER SET utf8 COLLATE utf8_unicode_ci NULL DEFAULT NULL,
  `info` varchar(50) CHARACTER SET utf8 COLLATE utf8_unicode_ci NULL DEFAULT NULL,
  `localidad` bigint(11) NULL DEFAULT NULL,
  PRIMARY KEY (`id_direccion`) USING BTREE,
  INDEX `FK_direccion_localidad`(`localidad`) USING BTREE,
  CONSTRAINT `FK_direccion_localidad` FOREIGN KEY (`localidad`) REFERENCES `ubi_localidad` (`id_localidad`) ON DELETE RESTRICT ON UPDATE RESTRICT
) ENGINE = InnoDB AUTO_INCREMENT = 1168 CHARACTER SET = utf8 COLLATE = utf8_unicode_ci ROW_FORMAT = Compact;

-- ----------------------------
-- Records of ubi_direccion
-- ----------------------------
INSERT INTO `ubi_direccion` VALUES (1, NULL, 'San Martin 843', NULL, NULL, NULL, 1);
INSERT INTO `ubi_direccion` VALUES (2, 'Comercial', 'San Martin', '843', '', '', 95);
INSERT INTO `ubi_direccion` VALUES (3, NULL, 'Desconocida', NULL, NULL, NULL, 1);
INSERT INTO `ubi_direccion` VALUES (100, NULL, 'Ruta 9 Km 443', NULL, NULL, NULL, 1);
INSERT INTO `ubi_direccion` VALUES (102, NULL, 'Ruta 292 s', NULL, NULL, NULL, 95);
INSERT INTO `ubi_direccion` VALUES (104, NULL, 'Victor Hugo 563', NULL, NULL, NULL, 1);
INSERT INTO `ubi_direccion` VALUES (105, '', 'Gral Jones 2512', '', '', '', 1);
INSERT INTO `ubi_direccion` VALUES (106, NULL, 'Ruta 94 Km 72', NULL, NULL, NULL, 1);
INSERT INTO `ubi_direccion` VALUES (107, NULL, 'BV. PTE. J.A. ROCA 1097', NULL, NULL, NULL, 1);
INSERT INTO `ubi_direccion` VALUES (108, NULL, 'Libertad 606', NULL, NULL, NULL, 1);
INSERT INTO `ubi_direccion` VALUES (111, NULL, 'E. Lopez 594', NULL, NULL, NULL, 1);
INSERT INTO `ubi_direccion` VALUES (113, NULL, 'Ruta 34 Km 231,7', NULL, NULL, NULL, 1);
INSERT INTO `ubi_direccion` VALUES (114, NULL, 'Entre Rios 925', NULL, NULL, NULL, 1);
INSERT INTO `ubi_direccion` VALUES (115, NULL, 'Peron S/N', NULL, NULL, NULL, 1);
INSERT INTO `ubi_direccion` VALUES (116, NULL, 'CALLE 65 Nº 1748', NULL, NULL, NULL, 1);
INSERT INTO `ubi_direccion` VALUES (117, NULL, 'Ricardo Balbin s/n', NULL, NULL, NULL, 1);
INSERT INTO `ubi_direccion` VALUES (118, NULL, '', NULL, NULL, NULL, 1);
INSERT INTO `ubi_direccion` VALUES (120, NULL, '', NULL, NULL, NULL, 1);
INSERT INTO `ubi_direccion` VALUES (121, NULL, 'Bv Colon 2505', NULL, NULL, NULL, 1);
INSERT INTO `ubi_direccion` VALUES (122, NULL, '', NULL, NULL, NULL, 1);
INSERT INTO `ubi_direccion` VALUES (123, NULL, 'Colon 549', NULL, NULL, NULL, 1);
INSERT INTO `ubi_direccion` VALUES (126, NULL, 'Ruta Nac.9 Nº300', NULL, NULL, NULL, 1);
INSERT INTO `ubi_direccion` VALUES (128, NULL, 'Ruta 42 Km 1 S/N', NULL, NULL, NULL, 1);
INSERT INTO `ubi_direccion` VALUES (129, NULL, 'Elpidio Gonzalez 915', NULL, NULL, NULL, 1);
INSERT INTO `ubi_direccion` VALUES (130, NULL, '', NULL, NULL, NULL, 1);
INSERT INTO `ubi_direccion` VALUES (131, NULL, 'Ayacucho 1831 Dpto', NULL, NULL, NULL, 1);
INSERT INTO `ubi_direccion` VALUES (132, NULL, 'Zona Rural 0', NULL, NULL, NULL, 1);
INSERT INTO `ubi_direccion` VALUES (133, NULL, '', NULL, NULL, NULL, 1);
INSERT INTO `ubi_direccion` VALUES (135, NULL, 'Av Santa Fe 2054', NULL, NULL, NULL, 1);
INSERT INTO `ubi_direccion` VALUES (137, NULL, 'Rivadavia 264', NULL, NULL, NULL, 1);
INSERT INTO `ubi_direccion` VALUES (138, NULL, 'Almirante Brown 1520', NULL, NULL, NULL, 1);
INSERT INTO `ubi_direccion` VALUES (139, NULL, 'Rosario de Santa Fe 2256', NULL, NULL, NULL, 1);
INSERT INTO `ubi_direccion` VALUES (141, NULL, 'Cruce de ruta 13 y 65', NULL, NULL, NULL, 1);
INSERT INTO `ubi_direccion` VALUES (142, NULL, 'Av Libertad 626', NULL, NULL, NULL, 1);
INSERT INTO `ubi_direccion` VALUES (143, NULL, 'Ruta 8 Km 301,78', NULL, NULL, NULL, 1);
INSERT INTO `ubi_direccion` VALUES (144, NULL, 'Lote 92 Secc. XII Col. Gral Necochea', NULL, NULL, NULL, 1);
INSERT INTO `ubi_direccion` VALUES (146, NULL, 'Av Santa Fe 2147', NULL, NULL, NULL, 1);
INSERT INTO `ubi_direccion` VALUES (147, NULL, '', NULL, NULL, NULL, 1);
INSERT INTO `ubi_direccion` VALUES (150, NULL, 'Zona Urbana', NULL, NULL, NULL, 1);
INSERT INTO `ubi_direccion` VALUES (152, NULL, 'Buenos Aires 3440', NULL, NULL, NULL, 1);
INSERT INTO `ubi_direccion` VALUES (153, NULL, 'S/Ruta 94 entre Gral Pinedo', NULL, NULL, NULL, 1);
INSERT INTO `ubi_direccion` VALUES (154, NULL, '1º de Mayo 34', NULL, NULL, NULL, 1);
INSERT INTO `ubi_direccion` VALUES (155, NULL, '', NULL, NULL, NULL, 1);
INSERT INTO `ubi_direccion` VALUES (156, NULL, '', NULL, NULL, NULL, 1);
INSERT INTO `ubi_direccion` VALUES (157, NULL, '', NULL, NULL, NULL, 65);
INSERT INTO `ubi_direccion` VALUES (159, NULL, 'Mz. 2 Pc. 14 Bº San Juan', NULL, NULL, NULL, 1);
INSERT INTO `ubi_direccion` VALUES (160, NULL, 'Belgrano 471', NULL, NULL, NULL, 1);
INSERT INTO `ubi_direccion` VALUES (161, NULL, 'Mariano Moreno 302', NULL, NULL, NULL, 25);
INSERT INTO `ubi_direccion` VALUES (165, NULL, 'San Martin 1033', NULL, NULL, NULL, 1);
INSERT INTO `ubi_direccion` VALUES (166, NULL, 'San Martin 3340', NULL, NULL, NULL, 1);
INSERT INTO `ubi_direccion` VALUES (167, NULL, 'Saavedra 2842', NULL, NULL, NULL, 1);
INSERT INTO `ubi_direccion` VALUES (168, NULL, 'Av. De los Agricultores y Maipu', NULL, NULL, NULL, 1);
INSERT INTO `ubi_direccion` VALUES (169, NULL, 'Pc 83 Circunsc VII', NULL, NULL, NULL, 1);
INSERT INTO `ubi_direccion` VALUES (170, NULL, '', NULL, NULL, NULL, 1);
INSERT INTO `ubi_direccion` VALUES (172, NULL, 'Lote 44 Parc. 14 Circunsc III', NULL, NULL, NULL, 1);
INSERT INTO `ubi_direccion` VALUES (174, NULL, 'Fray Luis Beltran 667', NULL, NULL, NULL, 1);
INSERT INTO `ubi_direccion` VALUES (176, NULL, 'Lopez 1276', NULL, NULL, NULL, 1);
INSERT INTO `ubi_direccion` VALUES (178, NULL, 'Manzana 6 Pcla 11 B. Malvinas Argentinas', NULL, NULL, NULL, 1);
INSERT INTO `ubi_direccion` VALUES (180, NULL, 'Benito Juarez 1276', NULL, NULL, NULL, 1);
INSERT INTO `ubi_direccion` VALUES (181, NULL, '', NULL, NULL, NULL, 1);
INSERT INTO `ubi_direccion` VALUES (183, NULL, 'Ruta 7 km 208', NULL, NULL, NULL, 1);
INSERT INTO `ubi_direccion` VALUES (184, NULL, 'Jujuy 1227', NULL, NULL, NULL, 1);
INSERT INTO `ubi_direccion` VALUES (185, NULL, '', NULL, NULL, NULL, 1);
INSERT INTO `ubi_direccion` VALUES (189, NULL, '', NULL, NULL, NULL, 1);
INSERT INTO `ubi_direccion` VALUES (190, NULL, 'Casilla de Correo 449', NULL, NULL, NULL, 1);
INSERT INTO `ubi_direccion` VALUES (191, NULL, 'Zona Rural', NULL, NULL, NULL, 1);
INSERT INTO `ubi_direccion` VALUES (192, NULL, 'Zona Rural', NULL, NULL, NULL, 1);
INSERT INTO `ubi_direccion` VALUES (194, NULL, 'Belgrano 821', NULL, NULL, NULL, 1);
INSERT INTO `ubi_direccion` VALUES (196, NULL, 'Parc. 5 Chacra 76 Acc. Centro', NULL, NULL, NULL, 1);
INSERT INTO `ubi_direccion` VALUES (198, NULL, '', NULL, NULL, NULL, 1);
INSERT INTO `ubi_direccion` VALUES (201, NULL, 'Belgrano 471', NULL, NULL, NULL, 1);
INSERT INTO `ubi_direccion` VALUES (202, NULL, 'Av. Santa Fe 298', NULL, NULL, NULL, 1);
INSERT INTO `ubi_direccion` VALUES (203, NULL, '', NULL, NULL, NULL, 1);
INSERT INTO `ubi_direccion` VALUES (204, NULL, '', NULL, NULL, NULL, 1);
INSERT INTO `ubi_direccion` VALUES (205, NULL, '', NULL, NULL, NULL, 1);
INSERT INTO `ubi_direccion` VALUES (206, NULL, '', NULL, NULL, NULL, 1);
INSERT INTO `ubi_direccion` VALUES (207, NULL, '', NULL, NULL, NULL, 95);
INSERT INTO `ubi_direccion` VALUES (209, NULL, 'San Martin', NULL, NULL, NULL, 1);
INSERT INTO `ubi_direccion` VALUES (212, NULL, 'Rivadavia 807', NULL, NULL, NULL, 1);
INSERT INTO `ubi_direccion` VALUES (213, NULL, 'San Lorenzo 1450', NULL, NULL, NULL, 1);
INSERT INTO `ubi_direccion` VALUES (215, NULL, 'Corriente 1568', NULL, NULL, NULL, 1);
INSERT INTO `ubi_direccion` VALUES (216, NULL, 'Reconquista 798', NULL, NULL, NULL, 1);
INSERT INTO `ubi_direccion` VALUES (217, NULL, 'Ciudad de la Paz 2544 piso 1', NULL, NULL, NULL, 1);
INSERT INTO `ubi_direccion` VALUES (219, NULL, 'Ricardo Gutierrez 3652', NULL, NULL, NULL, 1);
INSERT INTO `ubi_direccion` VALUES (220, NULL, '', NULL, NULL, NULL, 1);
INSERT INTO `ubi_direccion` VALUES (221, NULL, '', NULL, NULL, NULL, 1);
INSERT INTO `ubi_direccion` VALUES (222, NULL, '', NULL, NULL, NULL, 1);
INSERT INTO `ubi_direccion` VALUES (223, NULL, 'Jujuy y 9 de Julio', NULL, NULL, NULL, 1);
INSERT INTO `ubi_direccion` VALUES (225, NULL, 'Mendoza 1615', NULL, NULL, NULL, 1);
INSERT INTO `ubi_direccion` VALUES (226, NULL, 'San Martin 1490', NULL, NULL, NULL, 88);
INSERT INTO `ubi_direccion` VALUES (228, NULL, 'Maipu 129', NULL, NULL, NULL, 1);
INSERT INTO `ubi_direccion` VALUES (230, NULL, 'Calle 18 Nº3573', NULL, NULL, NULL, 1);
INSERT INTO `ubi_direccion` VALUES (231, NULL, '', NULL, NULL, NULL, 1);
INSERT INTO `ubi_direccion` VALUES (232, NULL, 'Colonizadores 1334', NULL, NULL, NULL, 1);
INSERT INTO `ubi_direccion` VALUES (233, NULL, 'San Lorenzo 463', NULL, NULL, NULL, 1);
INSERT INTO `ubi_direccion` VALUES (234, NULL, 'Ocampo 210 BIS', NULL, NULL, NULL, 1);
INSERT INTO `ubi_direccion` VALUES (235, NULL, 'Belgrano 545', NULL, NULL, NULL, 1);
INSERT INTO `ubi_direccion` VALUES (236, NULL, 'Hipolito Irigoyen 1256', NULL, NULL, NULL, 1);
INSERT INTO `ubi_direccion` VALUES (237, NULL, 'Lucas Funes 1924', NULL, NULL, NULL, 1);
INSERT INTO `ubi_direccion` VALUES (238, NULL, 'Planta Urbana', NULL, NULL, NULL, 1);
INSERT INTO `ubi_direccion` VALUES (239, NULL, 'Blas Parera 55', NULL, NULL, NULL, 22);
INSERT INTO `ubi_direccion` VALUES (241, NULL, 'Av. Alem 212', NULL, NULL, NULL, 1);
INSERT INTO `ubi_direccion` VALUES (242, NULL, 'Calle 322 Nº 297', NULL, NULL, NULL, 1);
INSERT INTO `ubi_direccion` VALUES (243, NULL, 'San Martin 1302 y Luis Reybet', NULL, NULL, NULL, 1);
INSERT INTO `ubi_direccion` VALUES (244, NULL, '', NULL, NULL, NULL, 1);
INSERT INTO `ubi_direccion` VALUES (246, NULL, 'Victoria 470 ', NULL, NULL, NULL, 1);
INSERT INTO `ubi_direccion` VALUES (247, NULL, 'Bs As Y 24 De Dic 0', NULL, NULL, NULL, 1);
INSERT INTO `ubi_direccion` VALUES (251, NULL, 'San Martin 340', NULL, NULL, NULL, 111);
INSERT INTO `ubi_direccion` VALUES (252, NULL, '', NULL, NULL, NULL, 1);
INSERT INTO `ubi_direccion` VALUES (253, NULL, '', NULL, NULL, NULL, 1);
INSERT INTO `ubi_direccion` VALUES (255, NULL, 'Mitre 1496', NULL, NULL, NULL, 1);
INSERT INTO `ubi_direccion` VALUES (256, NULL, '', NULL, NULL, NULL, 1);
INSERT INTO `ubi_direccion` VALUES (257, NULL, '', NULL, NULL, NULL, 1);
INSERT INTO `ubi_direccion` VALUES (258, NULL, 'Salta S/N ', NULL, NULL, NULL, 1);
INSERT INTO `ubi_direccion` VALUES (259, NULL, '', NULL, NULL, NULL, 1);
INSERT INTO `ubi_direccion` VALUES (260, NULL, 'sn', NULL, NULL, NULL, 95);
INSERT INTO `ubi_direccion` VALUES (261, NULL, '12 de Octubre 1522', NULL, NULL, NULL, 88);
INSERT INTO `ubi_direccion` VALUES (262, NULL, 'Sarmiento 166 ', NULL, NULL, NULL, 1);
INSERT INTO `ubi_direccion` VALUES (263, NULL, '', NULL, NULL, NULL, 1);
INSERT INTO `ubi_direccion` VALUES (265, NULL, 'Bv. San Martin 405', NULL, NULL, NULL, 1);
INSERT INTO `ubi_direccion` VALUES (268, NULL, 'Mexico Nº 106', NULL, NULL, NULL, 1);
INSERT INTO `ubi_direccion` VALUES (270, NULL, '', NULL, NULL, NULL, 1);
INSERT INTO `ubi_direccion` VALUES (271, NULL, 'nnn', NULL, NULL, NULL, 88);
INSERT INTO `ubi_direccion` VALUES (272, NULL, '', NULL, NULL, NULL, 1);
INSERT INTO `ubi_direccion` VALUES (273, NULL, '', NULL, NULL, NULL, 1);
INSERT INTO `ubi_direccion` VALUES (274, NULL, '', NULL, NULL, NULL, 1);
INSERT INTO `ubi_direccion` VALUES (275, NULL, '9 de Julio 422', NULL, NULL, NULL, 1);
INSERT INTO `ubi_direccion` VALUES (277, NULL, 'Blas Parera 648', NULL, NULL, NULL, 1);
INSERT INTO `ubi_direccion` VALUES (278, NULL, 'Ruta Nacional 16 Km. 207', NULL, NULL, NULL, 1);
INSERT INTO `ubi_direccion` VALUES (280, NULL, 'Ruta Nacional 16 Km. 207', NULL, NULL, NULL, 1);
INSERT INTO `ubi_direccion` VALUES (281, NULL, '25 de Mayo 1654', NULL, NULL, NULL, 100);
INSERT INTO `ubi_direccion` VALUES (284, NULL, '', NULL, NULL, NULL, 1);
INSERT INTO `ubi_direccion` VALUES (285, NULL, 'Avda Colon 5077', NULL, NULL, NULL, 1);
INSERT INTO `ubi_direccion` VALUES (286, NULL, 'San Martin 160', NULL, NULL, NULL, 72);
INSERT INTO `ubi_direccion` VALUES (287, NULL, 'Gato y Mancha 58', NULL, NULL, NULL, 1);
INSERT INTO `ubi_direccion` VALUES (288, NULL, '', NULL, NULL, NULL, 1);
INSERT INTO `ubi_direccion` VALUES (289, NULL, 'Av. Guemes 1515 ', NULL, NULL, NULL, 1);
INSERT INTO `ubi_direccion` VALUES (291, NULL, 'Ruta 292S s/n', NULL, NULL, NULL, 95);
INSERT INTO `ubi_direccion` VALUES (292, NULL, 'Corrientes 1454', NULL, NULL, NULL, 1);
INSERT INTO `ubi_direccion` VALUES (293, NULL, '', NULL, NULL, NULL, 1);
INSERT INTO `ubi_direccion` VALUES (295, NULL, 'Independecia 2264', NULL, NULL, NULL, 1);
INSERT INTO `ubi_direccion` VALUES (296, NULL, '', NULL, NULL, NULL, 65);
INSERT INTO `ubi_direccion` VALUES (298, NULL, 'Santa Fe 541', NULL, NULL, NULL, 1);
INSERT INTO `ubi_direccion` VALUES (299, NULL, '', NULL, NULL, NULL, 1);
INSERT INTO `ubi_direccion` VALUES (301, NULL, 'Av. Roque Saenz Peña 647', NULL, NULL, NULL, 1);
INSERT INTO `ubi_direccion` VALUES (302, NULL, 'Santa Fe 385', NULL, NULL, NULL, 1);
INSERT INTO `ubi_direccion` VALUES (303, NULL, 'Centenario 472', NULL, NULL, NULL, 1);
INSERT INTO `ubi_direccion` VALUES (304, NULL, '', NULL, NULL, NULL, 1);
INSERT INTO `ubi_direccion` VALUES (305, NULL, 'Centenario 472', NULL, NULL, NULL, 1);
INSERT INTO `ubi_direccion` VALUES (306, NULL, '', NULL, NULL, NULL, 1);
INSERT INTO `ubi_direccion` VALUES (307, NULL, '', NULL, NULL, NULL, 1);
INSERT INTO `ubi_direccion` VALUES (308, NULL, '', NULL, NULL, NULL, 1);
INSERT INTO `ubi_direccion` VALUES (309, NULL, '', NULL, NULL, NULL, 1);
INSERT INTO `ubi_direccion` VALUES (310, NULL, 'Ruta A 009 Km 11,2', NULL, NULL, NULL, 1);
INSERT INTO `ubi_direccion` VALUES (312, NULL, 'Reconquista 12', NULL, NULL, NULL, 1);
INSERT INTO `ubi_direccion` VALUES (313, NULL, '', NULL, NULL, NULL, 1);
INSERT INTO `ubi_direccion` VALUES (314, NULL, 'Ruta 34 Km 72', NULL, NULL, NULL, 1);
INSERT INTO `ubi_direccion` VALUES (315, NULL, 'Ruta Provincial 4 Km 40', NULL, NULL, NULL, 1);
INSERT INTO `ubi_direccion` VALUES (316, NULL, 'nnn', NULL, NULL, NULL, 104);
INSERT INTO `ubi_direccion` VALUES (317, NULL, '', NULL, NULL, NULL, 1);
INSERT INTO `ubi_direccion` VALUES (318, NULL, '', NULL, NULL, NULL, 1);
INSERT INTO `ubi_direccion` VALUES (319, NULL, '9 de Julio', NULL, NULL, NULL, 95);
INSERT INTO `ubi_direccion` VALUES (320, NULL, 'Sarmiento 1037', NULL, NULL, NULL, 1);
INSERT INTO `ubi_direccion` VALUES (321, NULL, '', NULL, NULL, NULL, 1);
INSERT INTO `ubi_direccion` VALUES (322, NULL, '', NULL, NULL, NULL, 1);
INSERT INTO `ubi_direccion` VALUES (324, NULL, 'Acceso Saavedra 320', NULL, NULL, NULL, 1);
INSERT INTO `ubi_direccion` VALUES (325, NULL, '', NULL, NULL, NULL, 1);
INSERT INTO `ubi_direccion` VALUES (326, NULL, '', NULL, NULL, NULL, 1);
INSERT INTO `ubi_direccion` VALUES (327, NULL, 'Ruta 188 km 50 y km 52', NULL, NULL, NULL, 1);
INSERT INTO `ubi_direccion` VALUES (328, NULL, 'Guemes 299', NULL, NULL, NULL, 1);
INSERT INTO `ubi_direccion` VALUES (329, NULL, 'Leandro N. Alem S/N', NULL, NULL, NULL, 1);
INSERT INTO `ubi_direccion` VALUES (330, NULL, '', NULL, NULL, NULL, 1);
INSERT INTO `ubi_direccion` VALUES (331, NULL, '', NULL, NULL, NULL, 1);
INSERT INTO `ubi_direccion` VALUES (332, NULL, 'Av. Pte. Peron 1147', NULL, NULL, NULL, 1);
INSERT INTO `ubi_direccion` VALUES (333, NULL, '', NULL, NULL, NULL, 1);
INSERT INTO `ubi_direccion` VALUES (334, NULL, 'Regis 702', NULL, NULL, NULL, 1);
INSERT INTO `ubi_direccion` VALUES (335, NULL, '', NULL, NULL, NULL, 1);
INSERT INTO `ubi_direccion` VALUES (336, NULL, '', NULL, NULL, NULL, 1);
INSERT INTO `ubi_direccion` VALUES (337, NULL, 'Entre Rios 1055', NULL, NULL, NULL, 1);
INSERT INTO `ubi_direccion` VALUES (338, NULL, '', NULL, NULL, NULL, 1);
INSERT INTO `ubi_direccion` VALUES (339, NULL, 'Martin Fierro 238', NULL, NULL, NULL, 1);
INSERT INTO `ubi_direccion` VALUES (340, NULL, 'Ruta Nac. N? 9 Km 397', NULL, NULL, NULL, 6);
INSERT INTO `ubi_direccion` VALUES (341, NULL, '1ro de Mayo 3576', NULL, NULL, NULL, 1);
INSERT INTO `ubi_direccion` VALUES (342, NULL, '', NULL, NULL, NULL, 1);
INSERT INTO `ubi_direccion` VALUES (344, NULL, 'Ruta 8, km 173,5', NULL, NULL, NULL, 1);
INSERT INTO `ubi_direccion` VALUES (345, NULL, '', NULL, NULL, NULL, 1);
INSERT INTO `ubi_direccion` VALUES (346, NULL, 'Blas Parera 867', NULL, NULL, NULL, 1);
INSERT INTO `ubi_direccion` VALUES (347, NULL, '', NULL, NULL, NULL, 1);
INSERT INTO `ubi_direccion` VALUES (348, NULL, 'Rosario De Santa Fe 1139', NULL, NULL, NULL, 1);
INSERT INTO `ubi_direccion` VALUES (349, NULL, '', NULL, NULL, NULL, 1);
INSERT INTO `ubi_direccion` VALUES (350, NULL, '', NULL, NULL, NULL, 1);
INSERT INTO `ubi_direccion` VALUES (352, NULL, 'Santa Fe 541', NULL, NULL, NULL, 1);
INSERT INTO `ubi_direccion` VALUES (353, NULL, 'nnn', NULL, NULL, NULL, 95);
INSERT INTO `ubi_direccion` VALUES (354, NULL, '', NULL, NULL, NULL, 1);
INSERT INTO `ubi_direccion` VALUES (356, NULL, 'San Martin 1351', NULL, NULL, NULL, 1);
INSERT INTO `ubi_direccion` VALUES (357, NULL, 'Acceso Saavedra 320', NULL, NULL, NULL, 12);
INSERT INTO `ubi_direccion` VALUES (358, NULL, 'Guemes 1515', NULL, NULL, NULL, 1);
INSERT INTO `ubi_direccion` VALUES (360, NULL, 'Guemes 1515', NULL, NULL, NULL, 1);
INSERT INTO `ubi_direccion` VALUES (361, NULL, 'Guemes 1515', NULL, NULL, NULL, 1);
INSERT INTO `ubi_direccion` VALUES (363, NULL, 'Juan Francisco Segui 4545 Pta Baja', NULL, NULL, NULL, 1);
INSERT INTO `ubi_direccion` VALUES (364, NULL, '', NULL, NULL, NULL, 1);
INSERT INTO `ubi_direccion` VALUES (366, NULL, 'San Martin 775', NULL, NULL, NULL, 1);
INSERT INTO `ubi_direccion` VALUES (367, NULL, '', NULL, NULL, NULL, 1);
INSERT INTO `ubi_direccion` VALUES (369, NULL, 'Laprida 345', NULL, NULL, NULL, 1);
INSERT INTO `ubi_direccion` VALUES (370, NULL, 'Independecia 2994', NULL, NULL, NULL, 1);
INSERT INTO `ubi_direccion` VALUES (371, NULL, 'Independecia 2994', NULL, NULL, NULL, 78);
INSERT INTO `ubi_direccion` VALUES (372, NULL, '', NULL, NULL, NULL, 1);
INSERT INTO `ubi_direccion` VALUES (373, NULL, 'Av Independecia 1675', NULL, NULL, NULL, 1);
INSERT INTO `ubi_direccion` VALUES (374, NULL, 'Independencia 1690', NULL, NULL, NULL, 1);
INSERT INTO `ubi_direccion` VALUES (375, NULL, '', NULL, NULL, NULL, 1);
INSERT INTO `ubi_direccion` VALUES (377, NULL, 'Zona Rural', NULL, NULL, NULL, 1);
INSERT INTO `ubi_direccion` VALUES (378, NULL, '', NULL, NULL, NULL, 1);
INSERT INTO `ubi_direccion` VALUES (379, NULL, 'Bv. Yrigoyen 815', NULL, NULL, NULL, 1);
INSERT INTO `ubi_direccion` VALUES (380, NULL, '', NULL, NULL, NULL, 1);
INSERT INTO `ubi_direccion` VALUES (382, NULL, '', NULL, NULL, NULL, 1);
INSERT INTO `ubi_direccion` VALUES (383, NULL, 'Derqui 1325', NULL, NULL, NULL, 79);
INSERT INTO `ubi_direccion` VALUES (384, NULL, '', NULL, NULL, NULL, 1);
INSERT INTO `ubi_direccion` VALUES (386, NULL, 'Alberdi s/n Acceso Oeste Ruta 95', NULL, NULL, NULL, 91);
INSERT INTO `ubi_direccion` VALUES (387, NULL, 'Alberdi s/n Acceso Oeste Ruta 95', NULL, NULL, NULL, 1);
INSERT INTO `ubi_direccion` VALUES (388, NULL, '', NULL, NULL, NULL, 1);
INSERT INTO `ubi_direccion` VALUES (389, NULL, '', NULL, NULL, NULL, 1);
INSERT INTO `ubi_direccion` VALUES (390, NULL, 'Ruta 178 y Tucum', NULL, NULL, NULL, 1);
INSERT INTO `ubi_direccion` VALUES (391, NULL, 'Ruta 178 y Tucumán', NULL, NULL, NULL, 1);
INSERT INTO `ubi_direccion` VALUES (392, NULL, '', NULL, NULL, NULL, 1);
INSERT INTO `ubi_direccion` VALUES (394, NULL, 'San Martin 2063', NULL, NULL, NULL, 1);
INSERT INTO `ubi_direccion` VALUES (395, NULL, 'Ituzaingo 76', NULL, NULL, NULL, 1);
INSERT INTO `ubi_direccion` VALUES (396, NULL, 'Ituzaingo 76', NULL, NULL, NULL, 1);
INSERT INTO `ubi_direccion` VALUES (397, NULL, 'Ruta 188 Km 479 y Ruta 35', NULL, NULL, NULL, 1);
INSERT INTO `ubi_direccion` VALUES (398, NULL, '12 De Octubre 1445', NULL, NULL, NULL, 1);
INSERT INTO `ubi_direccion` VALUES (400, NULL, 'Ruta 11 y Calle 19', NULL, NULL, NULL, 1);
INSERT INTO `ubi_direccion` VALUES (401, NULL, 'Tucuman y Entre Rios s/n', NULL, NULL, NULL, 1);
INSERT INTO `ubi_direccion` VALUES (402, NULL, 'San Martin 1801, Esq. Balcarce    ', NULL, NULL, NULL, 1);
INSERT INTO `ubi_direccion` VALUES (403, NULL, 'San Martin 1449', NULL, NULL, NULL, 88);
INSERT INTO `ubi_direccion` VALUES (404, NULL, '', NULL, NULL, NULL, 1);
INSERT INTO `ubi_direccion` VALUES (405, NULL, 'Ruta A 009 Km 11,2', NULL, NULL, NULL, 1);
INSERT INTO `ubi_direccion` VALUES (406, NULL, 'Independencia y 6 Caballeria ', NULL, NULL, NULL, 1);
INSERT INTO `ubi_direccion` VALUES (407, NULL, '', NULL, NULL, NULL, 1);
INSERT INTO `ubi_direccion` VALUES (408, NULL, 'Ruta A012 km 47,5 Pq. Ind.', NULL, NULL, NULL, 1);
INSERT INTO `ubi_direccion` VALUES (409, NULL, 'Laprida 225', NULL, NULL, NULL, 1);
INSERT INTO `ubi_direccion` VALUES (410, NULL, 'Calle 20 entre 19 y 21 Bº San Martin', NULL, NULL, NULL, 1);
INSERT INTO `ubi_direccion` VALUES (411, NULL, 'Sarmiento 546', NULL, NULL, NULL, 1);
INSERT INTO `ubi_direccion` VALUES (413, NULL, 'Calle Sarmiento y Ruta 94', NULL, NULL, NULL, 1);
INSERT INTO `ubi_direccion` VALUES (415, NULL, 'Brig. Lopez 2094', NULL, NULL, NULL, 1);
INSERT INTO `ubi_direccion` VALUES (416, NULL, 'Rivadavia 655', NULL, NULL, NULL, 1);
INSERT INTO `ubi_direccion` VALUES (418, NULL, 'Libertad 1265', NULL, NULL, NULL, 1);
INSERT INTO `ubi_direccion` VALUES (419, NULL, 'Bs As 1185', NULL, NULL, NULL, 1);
INSERT INTO `ubi_direccion` VALUES (420, NULL, 'America 481', NULL, NULL, NULL, 1);
INSERT INTO `ubi_direccion` VALUES (421, NULL, 'Ruta A005 km 2.5', NULL, NULL, NULL, 1);
INSERT INTO `ubi_direccion` VALUES (422, NULL, 'Rivadavia 654', NULL, NULL, NULL, 1);
INSERT INTO `ubi_direccion` VALUES (423, NULL, 'Belgrano 1401', NULL, NULL, NULL, 1);
INSERT INTO `ubi_direccion` VALUES (424, NULL, 'Juan de Garay 836', NULL, NULL, NULL, 1);
INSERT INTO `ubi_direccion` VALUES (426, NULL, 'Jujuy 1231', NULL, NULL, NULL, 1);
INSERT INTO `ubi_direccion` VALUES (427, NULL, 'Belgrano 1258', NULL, NULL, NULL, 1);
INSERT INTO `ubi_direccion` VALUES (428, NULL, 'nnn', NULL, NULL, NULL, 95);
INSERT INTO `ubi_direccion` VALUES (429, NULL, 'Sarmiento 185', NULL, NULL, NULL, 1);
INSERT INTO `ubi_direccion` VALUES (430, NULL, 'Moreno 240', NULL, NULL, NULL, 1);
INSERT INTO `ubi_direccion` VALUES (431, NULL, '', NULL, NULL, NULL, 1);
INSERT INTO `ubi_direccion` VALUES (434, NULL, 'Ruta 23 Km. 30', NULL, NULL, NULL, 76);
INSERT INTO `ubi_direccion` VALUES (435, NULL, 'Av. Aristobulo del Valle 588', NULL, NULL, NULL, 1);
INSERT INTO `ubi_direccion` VALUES (436, NULL, '', NULL, NULL, NULL, 1);
INSERT INTO `ubi_direccion` VALUES (437, NULL, '', NULL, NULL, NULL, 1);
INSERT INTO `ubi_direccion` VALUES (438, NULL, 'nnn', NULL, NULL, NULL, 88);
INSERT INTO `ubi_direccion` VALUES (439, NULL, 'Av Rivadavia 1133', NULL, NULL, NULL, 1);
INSERT INTO `ubi_direccion` VALUES (440, NULL, 'Zona Rural', NULL, NULL, NULL, 1);
INSERT INTO `ubi_direccion` VALUES (441, NULL, '', NULL, NULL, NULL, 1);
INSERT INTO `ubi_direccion` VALUES (442, NULL, '', NULL, NULL, NULL, 1);
INSERT INTO `ubi_direccion` VALUES (444, NULL, 'Blas Parera 55', NULL, NULL, NULL, 1);
INSERT INTO `ubi_direccion` VALUES (445, NULL, '', NULL, NULL, NULL, 1);
INSERT INTO `ubi_direccion` VALUES (446, NULL, '', NULL, NULL, NULL, 1);
INSERT INTO `ubi_direccion` VALUES (447, NULL, 'Zona Urbana - Ruta 91 Est', NULL, NULL, NULL, 1);
INSERT INTO `ubi_direccion` VALUES (448, NULL, '', NULL, NULL, NULL, 1);
INSERT INTO `ubi_direccion` VALUES (450, NULL, '', NULL, NULL, NULL, 1);
INSERT INTO `ubi_direccion` VALUES (451, NULL, '', NULL, NULL, NULL, 1);
INSERT INTO `ubi_direccion` VALUES (453, NULL, 'Av R.S. Pena 600', NULL, NULL, NULL, 1);
INSERT INTO `ubi_direccion` VALUES (454, NULL, '', NULL, NULL, NULL, 1);
INSERT INTO `ubi_direccion` VALUES (455, NULL, '', NULL, NULL, NULL, 1);
INSERT INTO `ubi_direccion` VALUES (456, NULL, '', NULL, NULL, NULL, 1);
INSERT INTO `ubi_direccion` VALUES (457, NULL, 'Sarmiento 601', NULL, NULL, NULL, 1);
INSERT INTO `ubi_direccion` VALUES (458, NULL, '', NULL, NULL, NULL, 1);
INSERT INTO `ubi_direccion` VALUES (459, NULL, '', NULL, NULL, NULL, 1);
INSERT INTO `ubi_direccion` VALUES (460, NULL, 'San Martin 905', NULL, NULL, NULL, 1);
INSERT INTO `ubi_direccion` VALUES (462, NULL, 'Av San Martin 1222 Bº La Floresta 3º S', NULL, NULL, NULL, 1);
INSERT INTO `ubi_direccion` VALUES (463, NULL, '', NULL, NULL, NULL, 1);
INSERT INTO `ubi_direccion` VALUES (464, NULL, 'Camino Bancalari 2955', NULL, NULL, NULL, 1);
INSERT INTO `ubi_direccion` VALUES (465, NULL, 'Ruta 11 Km 1006.2', NULL, NULL, NULL, 1);
INSERT INTO `ubi_direccion` VALUES (466, NULL, 'Av. Candido L. Carballo 901', NULL, NULL, NULL, 69);
INSERT INTO `ubi_direccion` VALUES (467, NULL, '', NULL, NULL, NULL, 1);
INSERT INTO `ubi_direccion` VALUES (468, NULL, 'Luis Braile 115', NULL, NULL, NULL, 1);
INSERT INTO `ubi_direccion` VALUES (469, NULL, 'Belgrano 899', NULL, NULL, NULL, 1);
INSERT INTO `ubi_direccion` VALUES (470, NULL, '', NULL, NULL, NULL, 1);
INSERT INTO `ubi_direccion` VALUES (471, NULL, 'San Juan 455   ', NULL, NULL, NULL, 1);
INSERT INTO `ubi_direccion` VALUES (473, NULL, 'Ruta 292 \"S\"', NULL, NULL, NULL, 1);
INSERT INTO `ubi_direccion` VALUES (475, NULL, 'Ruta Prov. NºS18 Km 56', NULL, NULL, NULL, 1);
INSERT INTO `ubi_direccion` VALUES (477, NULL, 'Santa Fe y Luis Agote', NULL, NULL, NULL, 76);
INSERT INTO `ubi_direccion` VALUES (478, NULL, '', NULL, NULL, NULL, 1);
INSERT INTO `ubi_direccion` VALUES (479, NULL, '', NULL, NULL, NULL, 1);
INSERT INTO `ubi_direccion` VALUES (481, NULL, 'Zona Rural', NULL, NULL, NULL, 1);
INSERT INTO `ubi_direccion` VALUES (483, NULL, 'Av. Paseo Colon 221 - Octavo Piso   ', NULL, NULL, NULL, 1);
INSERT INTO `ubi_direccion` VALUES (484, NULL, 'Salta 514', NULL, NULL, NULL, 73);
INSERT INTO `ubi_direccion` VALUES (485, NULL, 'Salta 514', NULL, NULL, NULL, 1);
INSERT INTO `ubi_direccion` VALUES (486, NULL, 'Costa Rica 1241', NULL, NULL, NULL, 1);
INSERT INTO `ubi_direccion` VALUES (488, NULL, 'Colon s/n', NULL, NULL, NULL, 1);
INSERT INTO `ubi_direccion` VALUES (489, NULL, '', NULL, NULL, NULL, 1);
INSERT INTO `ubi_direccion` VALUES (491, NULL, 'Rosario De Santa Fe 298', NULL, NULL, NULL, 1);
INSERT INTO `ubi_direccion` VALUES (492, NULL, 'Hipolito Yrigoten 741', NULL, NULL, NULL, 1);
INSERT INTO `ubi_direccion` VALUES (493, NULL, 'Ruta 89 Km 247,1', NULL, NULL, NULL, 1);
INSERT INTO `ubi_direccion` VALUES (494, NULL, '12 de Octubre 1445', NULL, NULL, NULL, 1);
INSERT INTO `ubi_direccion` VALUES (496, NULL, 'Lote 25 Pque. Induntrial Rqta.', NULL, NULL, NULL, 67);
INSERT INTO `ubi_direccion` VALUES (498, NULL, 'Amenabar 1109', NULL, NULL, NULL, 1);
INSERT INTO `ubi_direccion` VALUES (499, NULL, 'Av San Martin 168 E Km 6.1/2', NULL, NULL, NULL, 1);
INSERT INTO `ubi_direccion` VALUES (500, NULL, '', NULL, NULL, NULL, 1);
INSERT INTO `ubi_direccion` VALUES (501, NULL, 'Calle 15 N 564', NULL, NULL, NULL, 46);
INSERT INTO `ubi_direccion` VALUES (503, NULL, 'Sarmiento 38', NULL, NULL, NULL, 1);
INSERT INTO `ubi_direccion` VALUES (505, NULL, 'Gdor Crespo 700', NULL, NULL, NULL, 1);
INSERT INTO `ubi_direccion` VALUES (506, NULL, '', NULL, NULL, NULL, 1);
INSERT INTO `ubi_direccion` VALUES (507, NULL, '', NULL, NULL, NULL, 1);
INSERT INTO `ubi_direccion` VALUES (509, NULL, 'Patricio Diez 970', NULL, NULL, NULL, 1);
INSERT INTO `ubi_direccion` VALUES (510, NULL, 'Calle 15 Nº1071', NULL, NULL, NULL, 1);
INSERT INTO `ubi_direccion` VALUES (512, NULL, 'Bv. H. Irigoyen 1105-1123', NULL, NULL, NULL, 1);
INSERT INTO `ubi_direccion` VALUES (514, NULL, 'Las Heras 1690', NULL, NULL, NULL, 1);
INSERT INTO `ubi_direccion` VALUES (516, NULL, 'Felipe Merelo 45', NULL, NULL, NULL, 1);
INSERT INTO `ubi_direccion` VALUES (517, NULL, '', NULL, NULL, NULL, 1);
INSERT INTO `ubi_direccion` VALUES (518, NULL, 'Av Santa Fe(Ruta Nac. Nº 9) 785', NULL, NULL, NULL, 1);
INSERT INTO `ubi_direccion` VALUES (519, NULL, 'Rosario 889', NULL, NULL, NULL, 1);
INSERT INTO `ubi_direccion` VALUES (520, NULL, 'calle 102 Nº 635', NULL, NULL, NULL, 1);
INSERT INTO `ubi_direccion` VALUES (521, NULL, '', NULL, NULL, NULL, 1);
INSERT INTO `ubi_direccion` VALUES (522, NULL, 'nnn', NULL, NULL, NULL, 79);
INSERT INTO `ubi_direccion` VALUES (523, NULL, '', NULL, NULL, NULL, 1);
INSERT INTO `ubi_direccion` VALUES (524, NULL, 'Chacabuco 1756', NULL, NULL, NULL, 1);
INSERT INTO `ubi_direccion` VALUES (525, NULL, '', NULL, NULL, NULL, 1);
INSERT INTO `ubi_direccion` VALUES (526, NULL, 'Ayaucho 747', NULL, NULL, NULL, 1);
INSERT INTO `ubi_direccion` VALUES (527, NULL, 'Monseñor de Carlo 732', NULL, NULL, NULL, 1);
INSERT INTO `ubi_direccion` VALUES (528, NULL, '', NULL, NULL, NULL, 1);
INSERT INTO `ubi_direccion` VALUES (529, NULL, 'Junin 457', NULL, NULL, NULL, 1);
INSERT INTO `ubi_direccion` VALUES (530, NULL, 'Gustavo Grenda y 25 de Mayo', NULL, NULL, NULL, 1);
INSERT INTO `ubi_direccion` VALUES (531, NULL, '', NULL, NULL, NULL, 1);
INSERT INTO `ubi_direccion` VALUES (532, NULL, '12 De Octubre 1372', NULL, NULL, NULL, 88);
INSERT INTO `ubi_direccion` VALUES (533, NULL, 'Juan J. Ginochio 234', NULL, NULL, NULL, 1);
INSERT INTO `ubi_direccion` VALUES (534, NULL, 'Lewis Jones 550', NULL, NULL, NULL, 1);
INSERT INTO `ubi_direccion` VALUES (535, NULL, 'Av. San Martin 818', NULL, NULL, NULL, 1);
INSERT INTO `ubi_direccion` VALUES (537, NULL, 'Florentino Ameghino 97', NULL, NULL, NULL, 1);
INSERT INTO `ubi_direccion` VALUES (538, NULL, 'Mar Chiquita 495', NULL, NULL, NULL, 1);
INSERT INTO `ubi_direccion` VALUES (539, NULL, 'Mar Chiquita 495', NULL, NULL, NULL, 1);
INSERT INTO `ubi_direccion` VALUES (540, NULL, 'Las Heras 270', NULL, NULL, NULL, 1);
INSERT INTO `ubi_direccion` VALUES (541, NULL, 'Las Heras 270', NULL, NULL, NULL, 1);
INSERT INTO `ubi_direccion` VALUES (542, NULL, 'Rivadavia y Sarmiento 215', NULL, NULL, NULL, 1);
INSERT INTO `ubi_direccion` VALUES (543, NULL, '', NULL, NULL, NULL, 1);
INSERT INTO `ubi_direccion` VALUES (544, NULL, 'Ruta 89 (Acceso Ciudad)', NULL, NULL, NULL, 1);
INSERT INTO `ubi_direccion` VALUES (545, NULL, 'Bv. Sarmiento 448', NULL, NULL, NULL, 69);
INSERT INTO `ubi_direccion` VALUES (546, NULL, '', NULL, NULL, NULL, 1);
INSERT INTO `ubi_direccion` VALUES (547, NULL, 'Juan Orsetti 481', NULL, NULL, NULL, 1);
INSERT INTO `ubi_direccion` VALUES (548, NULL, 'Lucas Funes 539', NULL, NULL, NULL, 1);
INSERT INTO `ubi_direccion` VALUES (549, NULL, '', NULL, NULL, NULL, 1);
INSERT INTO `ubi_direccion` VALUES (550, NULL, '', NULL, NULL, NULL, 1);
INSERT INTO `ubi_direccion` VALUES (552, NULL, 'San Lorenzo 898', NULL, NULL, NULL, 1);
INSERT INTO `ubi_direccion` VALUES (553, NULL, 'Calle 44 Nº1420 - Bº Paq Ind.', NULL, NULL, NULL, 1);
INSERT INTO `ubi_direccion` VALUES (554, NULL, 'Calle 23 N 253', NULL, NULL, NULL, 1);
INSERT INTO `ubi_direccion` VALUES (555, NULL, 'Calle 23 N°253', NULL, NULL, NULL, 1);
INSERT INTO `ubi_direccion` VALUES (557, NULL, 'Ruta 94 y Acceso Gral Pinedo', NULL, NULL, NULL, 37);
INSERT INTO `ubi_direccion` VALUES (558, NULL, 'nnn', NULL, NULL, NULL, 95);
INSERT INTO `ubi_direccion` VALUES (559, NULL, '', NULL, NULL, NULL, 1);
INSERT INTO `ubi_direccion` VALUES (560, NULL, 'Colon y Esq. Urquiza', NULL, NULL, NULL, 95);
INSERT INTO `ubi_direccion` VALUES (562, NULL, 'Blas Parera 6498', NULL, NULL, NULL, 1);
INSERT INTO `ubi_direccion` VALUES (563, NULL, 'Urquiza 678', NULL, NULL, NULL, 1);
INSERT INTO `ubi_direccion` VALUES (564, NULL, '', NULL, NULL, NULL, 1);
INSERT INTO `ubi_direccion` VALUES (565, NULL, '', NULL, NULL, NULL, 1);
INSERT INTO `ubi_direccion` VALUES (567, NULL, '', NULL, NULL, NULL, 1);
INSERT INTO `ubi_direccion` VALUES (568, NULL, '', NULL, NULL, NULL, 1);
INSERT INTO `ubi_direccion` VALUES (570, NULL, 'Pje Formosa 817', NULL, NULL, NULL, 1);
INSERT INTO `ubi_direccion` VALUES (571, NULL, 'Paraguay 1307 - 5º \"45\"', NULL, NULL, NULL, 1);
INSERT INTO `ubi_direccion` VALUES (572, NULL, '', NULL, NULL, NULL, 1);
INSERT INTO `ubi_direccion` VALUES (573, NULL, 'Ruta Nac 9 km', NULL, NULL, NULL, 1);
INSERT INTO `ubi_direccion` VALUES (574, NULL, 'Bv Lehmann 1275', NULL, NULL, NULL, 1);
INSERT INTO `ubi_direccion` VALUES (575, NULL, 'Ruta Nacional N.9 km.397', NULL, NULL, NULL, 1);
INSERT INTO `ubi_direccion` VALUES (576, NULL, 'A. Brown y J. J. Paso', NULL, NULL, NULL, 1);
INSERT INTO `ubi_direccion` VALUES (577, NULL, 'A. Brown y J. J. Paso', NULL, NULL, NULL, 1);
INSERT INTO `ubi_direccion` VALUES (579, NULL, 'Juan Orsetti 481', NULL, NULL, NULL, 1);
INSERT INTO `ubi_direccion` VALUES (580, NULL, 'Ruta 94 Km. 28,5', NULL, NULL, NULL, 1);
INSERT INTO `ubi_direccion` VALUES (583, NULL, 'Molleyaco 8336', NULL, NULL, NULL, 1);
INSERT INTO `ubi_direccion` VALUES (584, NULL, 'Belgrano', NULL, NULL, NULL, 102);
INSERT INTO `ubi_direccion` VALUES (586, NULL, 'Juan F. Segui 42', NULL, NULL, NULL, 34);
INSERT INTO `ubi_direccion` VALUES (587, NULL, 'Parque Industrial Lote 9', NULL, NULL, NULL, 84);
INSERT INTO `ubi_direccion` VALUES (589, NULL, '2 de Abril s/n', NULL, NULL, NULL, 1);
INSERT INTO `ubi_direccion` VALUES (590, NULL, 'Corrientes931', NULL, NULL, NULL, 1);
INSERT INTO `ubi_direccion` VALUES (591, NULL, '', NULL, NULL, NULL, 1);
INSERT INTO `ubi_direccion` VALUES (592, NULL, 'Florida 1005', NULL, NULL, NULL, 1);
INSERT INTO `ubi_direccion` VALUES (593, NULL, '', NULL, NULL, NULL, 1);
INSERT INTO `ubi_direccion` VALUES (594, NULL, '9 De Julio 2352', NULL, NULL, NULL, 1);
INSERT INTO `ubi_direccion` VALUES (595, NULL, '9 De Julio 2352', NULL, NULL, NULL, 1);
INSERT INTO `ubi_direccion` VALUES (597, NULL, 'Belgrano 520', NULL, NULL, NULL, 1);
INSERT INTO `ubi_direccion` VALUES (598, NULL, 'Buenos Aires 1280', NULL, NULL, NULL, 1);
INSERT INTO `ubi_direccion` VALUES (599, NULL, 'Isabel la Catolica (s) 427', NULL, NULL, NULL, 1);
INSERT INTO `ubi_direccion` VALUES (600, NULL, '', NULL, NULL, NULL, 1);
INSERT INTO `ubi_direccion` VALUES (601, NULL, 'Planta Urbana s/n', NULL, NULL, NULL, 1);
INSERT INTO `ubi_direccion` VALUES (602, NULL, 'Ruta 89 Acceso Norte', NULL, NULL, NULL, 1);
INSERT INTO `ubi_direccion` VALUES (603, NULL, 'Ruta 89 Acceso Norte', NULL, NULL, NULL, 1);
INSERT INTO `ubi_direccion` VALUES (604, NULL, '', NULL, NULL, NULL, 1);
INSERT INTO `ubi_direccion` VALUES (605, NULL, 'Rivadavia 1143', NULL, NULL, NULL, 1);
INSERT INTO `ubi_direccion` VALUES (606, NULL, 'Congreso 4095', NULL, NULL, NULL, 1);
INSERT INTO `ubi_direccion` VALUES (608, NULL, 'San Lorenzo 528', NULL, NULL, NULL, 95);
INSERT INTO `ubi_direccion` VALUES (610, NULL, '24 de Septiembre 1861', NULL, NULL, NULL, 1);
INSERT INTO `ubi_direccion` VALUES (611, NULL, '25 De Mayo 1118', NULL, NULL, NULL, 1);
INSERT INTO `ubi_direccion` VALUES (613, NULL, '9 de Julio 653', NULL, NULL, NULL, 1);
INSERT INTO `ubi_direccion` VALUES (614, NULL, '9 De Julio 653', NULL, NULL, NULL, 1);
INSERT INTO `ubi_direccion` VALUES (615, NULL, 'Santa Fe 0', NULL, NULL, NULL, 1);
INSERT INTO `ubi_direccion` VALUES (616, NULL, '', NULL, NULL, NULL, 1);
INSERT INTO `ubi_direccion` VALUES (617, NULL, '', NULL, NULL, NULL, 1);
INSERT INTO `ubi_direccion` VALUES (618, NULL, '', NULL, NULL, NULL, 1);
INSERT INTO `ubi_direccion` VALUES (619, NULL, 'nnn', NULL, NULL, NULL, NULL);
INSERT INTO `ubi_direccion` VALUES (620, NULL, 'Lote Nº 97 \"Campo Ugarte\"', NULL, NULL, NULL, 1);
INSERT INTO `ubi_direccion` VALUES (621, NULL, 'Lote N 97 \"Campo Ugarte\"', NULL, NULL, NULL, 1);
INSERT INTO `ubi_direccion` VALUES (622, NULL, 'Coronel Denis 678', NULL, NULL, NULL, 105);
INSERT INTO `ubi_direccion` VALUES (623, NULL, 'Chacabuco 571', NULL, NULL, NULL, 1);
INSERT INTO `ubi_direccion` VALUES (624, NULL, '', NULL, NULL, NULL, 1);
INSERT INTO `ubi_direccion` VALUES (625, NULL, 'Junin 457', NULL, NULL, NULL, 1);
INSERT INTO `ubi_direccion` VALUES (626, NULL, 'nnn', NULL, NULL, NULL, 88);
INSERT INTO `ubi_direccion` VALUES (627, NULL, 'Fco. Angeloni 3199 ', NULL, NULL, NULL, 1);
INSERT INTO `ubi_direccion` VALUES (628, NULL, '', NULL, NULL, NULL, 1);
INSERT INTO `ubi_direccion` VALUES (632, NULL, 'Estanislao Lopez 524', NULL, NULL, NULL, 1);
INSERT INTO `ubi_direccion` VALUES (633, NULL, '', NULL, NULL, NULL, 1);
INSERT INTO `ubi_direccion` VALUES (635, NULL, 'Juan De Garay 923', NULL, NULL, NULL, 1);
INSERT INTO `ubi_direccion` VALUES (636, NULL, 'Ruta 91 s/n', NULL, NULL, NULL, 1);
INSERT INTO `ubi_direccion` VALUES (637, NULL, '', NULL, NULL, NULL, 1);
INSERT INTO `ubi_direccion` VALUES (638, NULL, '12 De Octubre 1360', NULL, NULL, NULL, 1);
INSERT INTO `ubi_direccion` VALUES (639, NULL, 'nnn', NULL, NULL, NULL, 95);
INSERT INTO `ubi_direccion` VALUES (640, NULL, 'Colonia el Jacaranda', NULL, NULL, NULL, 1);
INSERT INTO `ubi_direccion` VALUES (642, NULL, 'Espora 2165 ', NULL, NULL, NULL, 1);
INSERT INTO `ubi_direccion` VALUES (643, NULL, 'Mariano Moreno 2367', NULL, NULL, NULL, 1);
INSERT INTO `ubi_direccion` VALUES (644, NULL, '', NULL, NULL, NULL, 1);
INSERT INTO `ubi_direccion` VALUES (646, NULL, 'Mendoza 558', NULL, NULL, NULL, 1);
INSERT INTO `ubi_direccion` VALUES (647, NULL, 'San Martin 763', NULL, NULL, NULL, 1);
INSERT INTO `ubi_direccion` VALUES (648, NULL, 'Av Rivadavia 1133', NULL, NULL, NULL, 1);
INSERT INTO `ubi_direccion` VALUES (649, NULL, '', NULL, NULL, NULL, 1);
INSERT INTO `ubi_direccion` VALUES (650, NULL, '25 de Mayo 636', NULL, NULL, NULL, 1);
INSERT INTO `ubi_direccion` VALUES (651, NULL, 'Av San Martin S/N', NULL, NULL, NULL, 1);
INSERT INTO `ubi_direccion` VALUES (652, NULL, '', NULL, NULL, NULL, 79);
INSERT INTO `ubi_direccion` VALUES (654, NULL, 'Urquiza 3081 1ªC', NULL, NULL, NULL, 1);
INSERT INTO `ubi_direccion` VALUES (655, NULL, '', NULL, NULL, NULL, 1);
INSERT INTO `ubi_direccion` VALUES (656, NULL, '', NULL, NULL, NULL, 1);
INSERT INTO `ubi_direccion` VALUES (657, NULL, '25 de Mayo 565', NULL, NULL, NULL, 1);
INSERT INTO `ubi_direccion` VALUES (658, NULL, '', NULL, NULL, NULL, 1);
INSERT INTO `ubi_direccion` VALUES (659, NULL, '', NULL, NULL, NULL, 1);
INSERT INTO `ubi_direccion` VALUES (660, NULL, 'Lote N? 18 Colonia Pampa Porte?a', NULL, NULL, NULL, 82);
INSERT INTO `ubi_direccion` VALUES (661, NULL, ' San Martin 160', NULL, NULL, NULL, 1);
INSERT INTO `ubi_direccion` VALUES (662, NULL, 'Ruta Nac. 11 km 792', NULL, NULL, NULL, 9);
INSERT INTO `ubi_direccion` VALUES (663, NULL, 'Ruta 11 km 792', NULL, NULL, NULL, 1);
INSERT INTO `ubi_direccion` VALUES (664, NULL, 'Gobernador Crespo s/n', NULL, NULL, NULL, 1);
INSERT INTO `ubi_direccion` VALUES (666, NULL, 'Zona Rural', NULL, NULL, NULL, 1);
INSERT INTO `ubi_direccion` VALUES (667, NULL, 'Independencia 2264', NULL, NULL, NULL, 1);
INSERT INTO `ubi_direccion` VALUES (668, NULL, '', NULL, NULL, NULL, 1);
INSERT INTO `ubi_direccion` VALUES (670, NULL, 'Sarmiento 306', NULL, NULL, NULL, 1);
INSERT INTO `ubi_direccion` VALUES (671, NULL, 'Zona Rural', NULL, NULL, NULL, 1);
INSERT INTO `ubi_direccion` VALUES (672, NULL, '', NULL, NULL, NULL, 1);
INSERT INTO `ubi_direccion` VALUES (673, NULL, 'Av. San Martin 154', NULL, NULL, NULL, 106);
INSERT INTO `ubi_direccion` VALUES (674, NULL, 'Calle 1710 N3570 PA', NULL, NULL, NULL, 1);
INSERT INTO `ubi_direccion` VALUES (676, NULL, '', NULL, NULL, NULL, 1);
INSERT INTO `ubi_direccion` VALUES (677, NULL, '', NULL, NULL, NULL, 1);
INSERT INTO `ubi_direccion` VALUES (678, NULL, 'Reconquista 715', NULL, NULL, NULL, 1);
INSERT INTO `ubi_direccion` VALUES (679, NULL, '', NULL, NULL, NULL, 1);
INSERT INTO `ubi_direccion` VALUES (680, NULL, 'Belgrano 938', NULL, NULL, NULL, 1);
INSERT INTO `ubi_direccion` VALUES (682, NULL, 'Belgrano 823', NULL, NULL, NULL, 1);
INSERT INTO `ubi_direccion` VALUES (684, NULL, 'Belgrano 823', NULL, NULL, NULL, 1);
INSERT INTO `ubi_direccion` VALUES (685, NULL, '', NULL, NULL, NULL, 1);
INSERT INTO `ubi_direccion` VALUES (686, NULL, 'Juan de Garay 6050', NULL, NULL, NULL, 1);
INSERT INTO `ubi_direccion` VALUES (687, NULL, 'Ruta 178 Nº1034', NULL, NULL, NULL, 1);
INSERT INTO `ubi_direccion` VALUES (688, NULL, 'Avda. Rivadavia 1231', NULL, NULL, NULL, 1);
INSERT INTO `ubi_direccion` VALUES (689, NULL, '', NULL, NULL, NULL, 1);
INSERT INTO `ubi_direccion` VALUES (691, NULL, '12 de Octubre', NULL, NULL, NULL, 1);
INSERT INTO `ubi_direccion` VALUES (692, NULL, '', NULL, NULL, NULL, 1);
INSERT INTO `ubi_direccion` VALUES (693, NULL, '', NULL, NULL, NULL, 1);
INSERT INTO `ubi_direccion` VALUES (695, NULL, 'Hipolito Yrigoyen 331', NULL, NULL, NULL, 1);
INSERT INTO `ubi_direccion` VALUES (696, NULL, 'Acceso Ruta 292', NULL, NULL, NULL, 1);
INSERT INTO `ubi_direccion` VALUES (698, NULL, 'Maipu 240', NULL, NULL, NULL, 1);
INSERT INTO `ubi_direccion` VALUES (699, NULL, '', NULL, NULL, NULL, 1);
INSERT INTO `ubi_direccion` VALUES (700, NULL, 'Avenida Dickinson 1053', NULL, NULL, NULL, 1);
INSERT INTO `ubi_direccion` VALUES (701, NULL, 'Calle 316 Nº130', NULL, NULL, NULL, 1);
INSERT INTO `ubi_direccion` VALUES (702, NULL, 'Santiago del Estero 164', NULL, NULL, NULL, 1);
INSERT INTO `ubi_direccion` VALUES (703, NULL, 'Mendoza 3246', NULL, NULL, NULL, 69);
INSERT INTO `ubi_direccion` VALUES (704, NULL, '', NULL, NULL, NULL, 1);
INSERT INTO `ubi_direccion` VALUES (706, NULL, '', NULL, NULL, NULL, 1);
INSERT INTO `ubi_direccion` VALUES (707, NULL, 'Pellegrini 296', NULL, NULL, NULL, 12);
INSERT INTO `ubi_direccion` VALUES (709, NULL, '', NULL, NULL, NULL, 1);
INSERT INTO `ubi_direccion` VALUES (710, NULL, 'Nuñez y Burges 1673', NULL, NULL, NULL, 1);
INSERT INTO `ubi_direccion` VALUES (711, NULL, 'Hermana Carina 2154', NULL, NULL, NULL, 1);
INSERT INTO `ubi_direccion` VALUES (713, NULL, 'Dr. N. Sylvester. Casa 21 Bº FO.NA.VI', NULL, NULL, NULL, 1);
INSERT INTO `ubi_direccion` VALUES (716, NULL, 'Bv. H. Irigoyen 381', NULL, NULL, NULL, 1);
INSERT INTO `ubi_direccion` VALUES (717, NULL, 'Bv. H. Irigoyen 381', NULL, NULL, NULL, 65);
INSERT INTO `ubi_direccion` VALUES (718, NULL, '', NULL, NULL, NULL, 1);
INSERT INTO `ubi_direccion` VALUES (719, NULL, 'Luces Funes 529', NULL, NULL, NULL, 67);
INSERT INTO `ubi_direccion` VALUES (720, NULL, 'Ruta Prov. Nº 42 Km 1', NULL, NULL, NULL, 1);
INSERT INTO `ubi_direccion` VALUES (721, NULL, '', NULL, NULL, NULL, 1);
INSERT INTO `ubi_direccion` VALUES (722, NULL, 'Martin Fierro 238', NULL, NULL, NULL, 1);
INSERT INTO `ubi_direccion` VALUES (724, NULL, 'Calle 40 Nº.553 Bº.Moreno', NULL, NULL, NULL, 1);
INSERT INTO `ubi_direccion` VALUES (725, NULL, 'Reconquista 715 - 6ª Piso - Dpto A/B', NULL, NULL, NULL, 1);
INSERT INTO `ubi_direccion` VALUES (726, NULL, 'Reconquista 715 P 6º \"A\"', NULL, NULL, NULL, 1);
INSERT INTO `ubi_direccion` VALUES (728, NULL, 'Alvear 2243', NULL, NULL, NULL, 1);
INSERT INTO `ubi_direccion` VALUES (729, NULL, 'Grecia 2064', NULL, NULL, NULL, 1);
INSERT INTO `ubi_direccion` VALUES (730, NULL, '', NULL, NULL, NULL, 1);
INSERT INTO `ubi_direccion` VALUES (731, NULL, '', NULL, NULL, NULL, 1);
INSERT INTO `ubi_direccion` VALUES (732, NULL, '', NULL, NULL, NULL, 1);
INSERT INTO `ubi_direccion` VALUES (733, NULL, '', NULL, NULL, NULL, 1);
INSERT INTO `ubi_direccion` VALUES (734, NULL, '', NULL, NULL, NULL, 1);
INSERT INTO `ubi_direccion` VALUES (735, NULL, '', NULL, NULL, NULL, 1);
INSERT INTO `ubi_direccion` VALUES (736, NULL, '', NULL, NULL, NULL, 1);
INSERT INTO `ubi_direccion` VALUES (737, NULL, '27 De Febrero 3468', NULL, NULL, NULL, 69);
INSERT INTO `ubi_direccion` VALUES (739, NULL, 'Av. Paseo Colon 505', NULL, NULL, NULL, 1);
INSERT INTO `ubi_direccion` VALUES (741, NULL, 'Avda. San Martin 259', NULL, NULL, NULL, 1);
INSERT INTO `ubi_direccion` VALUES (742, NULL, 'Maestro Cortes 296', NULL, NULL, NULL, 1);
INSERT INTO `ubi_direccion` VALUES (743, NULL, '', NULL, NULL, NULL, 1);
INSERT INTO `ubi_direccion` VALUES (744, NULL, '', NULL, NULL, NULL, 1);
INSERT INTO `ubi_direccion` VALUES (745, NULL, 'San Lorenzo 590', NULL, NULL, NULL, 1);
INSERT INTO `ubi_direccion` VALUES (746, NULL, 'nnn', NULL, NULL, NULL, 95);
INSERT INTO `ubi_direccion` VALUES (747, NULL, '', NULL, NULL, NULL, 1);
INSERT INTO `ubi_direccion` VALUES (748, NULL, '', NULL, NULL, NULL, 1);
INSERT INTO `ubi_direccion` VALUES (749, NULL, 'Mitre 701', NULL, NULL, NULL, 60);
INSERT INTO `ubi_direccion` VALUES (750, NULL, 'Bme. Mitre 701', NULL, NULL, NULL, 1);
INSERT INTO `ubi_direccion` VALUES (751, NULL, '', NULL, NULL, NULL, 1);
INSERT INTO `ubi_direccion` VALUES (752, NULL, 'Zona Rural', NULL, NULL, NULL, 1);
INSERT INTO `ubi_direccion` VALUES (753, NULL, '', NULL, NULL, NULL, 1);
INSERT INTO `ubi_direccion` VALUES (754, NULL, 'Mendoza 2837', NULL, NULL, NULL, 79);
INSERT INTO `ubi_direccion` VALUES (755, NULL, '', NULL, NULL, NULL, 1);
INSERT INTO `ubi_direccion` VALUES (756, NULL, 'Zona Rural', NULL, NULL, NULL, 1);
INSERT INTO `ubi_direccion` VALUES (757, NULL, 'Monseñor de Carlo 732', NULL, NULL, NULL, 1);
INSERT INTO `ubi_direccion` VALUES (758, NULL, 'Monseñor de Carlo 732', NULL, NULL, NULL, 1);
INSERT INTO `ubi_direccion` VALUES (759, NULL, 'P Chiodi 526', NULL, NULL, NULL, 1);
INSERT INTO `ubi_direccion` VALUES (761, NULL, 'Av. Hyrigoyen 2210', NULL, NULL, NULL, 1);
INSERT INTO `ubi_direccion` VALUES (763, NULL, 'Salta S/N ', NULL, NULL, NULL, 95);
INSERT INTO `ubi_direccion` VALUES (765, NULL, 'Caseros s/n', NULL, NULL, NULL, 1);
INSERT INTO `ubi_direccion` VALUES (766, NULL, 'Sarmiento 513', NULL, NULL, NULL, 1);
INSERT INTO `ubi_direccion` VALUES (767, NULL, 'Av. San Martin 653', NULL, NULL, NULL, 1);
INSERT INTO `ubi_direccion` VALUES (768, NULL, 'DANTE ALIGHIERI 856', NULL, NULL, NULL, 65);
INSERT INTO `ubi_direccion` VALUES (769, NULL, '', NULL, NULL, NULL, 1);
INSERT INTO `ubi_direccion` VALUES (770, NULL, '', NULL, NULL, NULL, 1);
INSERT INTO `ubi_direccion` VALUES (773, NULL, 'Lavalle 1424', NULL, NULL, NULL, 1);
INSERT INTO `ubi_direccion` VALUES (774, NULL, 'Av. Almafuerte 4089', NULL, NULL, NULL, 1);
INSERT INTO `ubi_direccion` VALUES (775, NULL, 'Entre Rios 658', NULL, NULL, NULL, 1);
INSERT INTO `ubi_direccion` VALUES (776, NULL, '', NULL, NULL, NULL, 1);
INSERT INTO `ubi_direccion` VALUES (778, NULL, 'calle 20 nº 430', NULL, NULL, NULL, 1);
INSERT INTO `ubi_direccion` VALUES (779, NULL, 'Costa Rica 1241', NULL, NULL, NULL, 1);
INSERT INTO `ubi_direccion` VALUES (781, NULL, 'Santa Fe 714', NULL, NULL, NULL, 47);
INSERT INTO `ubi_direccion` VALUES (782, NULL, '', NULL, NULL, NULL, 1);
INSERT INTO `ubi_direccion` VALUES (783, NULL, 'nnn', NULL, NULL, NULL, 88);
INSERT INTO `ubi_direccion` VALUES (785, NULL, 'Av. Minetti 1089', NULL, NULL, NULL, 1);
INSERT INTO `ubi_direccion` VALUES (786, NULL, '', NULL, NULL, NULL, 1);
INSERT INTO `ubi_direccion` VALUES (787, NULL, 'calle 312 Nº 44', NULL, NULL, NULL, 1);
INSERT INTO `ubi_direccion` VALUES (788, NULL, 'Ruta Prov. Nº10 Km 0.7 Dto. A', NULL, NULL, NULL, 1);
INSERT INTO `ubi_direccion` VALUES (789, NULL, 'Maipu y AV. de los Agricultores', NULL, NULL, NULL, 12);
INSERT INTO `ubi_direccion` VALUES (790, NULL, 'Ruta N.98 Km 288,4', NULL, NULL, NULL, 1);
INSERT INTO `ubi_direccion` VALUES (792, NULL, 'San Martin', NULL, NULL, NULL, 95);
INSERT INTO `ubi_direccion` VALUES (794, NULL, '25 de Mayo 105', NULL, NULL, NULL, 1);
INSERT INTO `ubi_direccion` VALUES (796, NULL, 'Bolivar 1268', NULL, NULL, NULL, 1);
INSERT INTO `ubi_direccion` VALUES (797, NULL, '', NULL, NULL, NULL, 1);
INSERT INTO `ubi_direccion` VALUES (798, NULL, 'Monseñor de Carlo 399', NULL, NULL, NULL, 1);
INSERT INTO `ubi_direccion` VALUES (799, NULL, 'BV. PTE. J.A. ROCA 1097 ESQ. MONTEAGUDO', NULL, NULL, NULL, 65);
INSERT INTO `ubi_direccion` VALUES (800, NULL, 'Belgrano 885', NULL, NULL, NULL, 1);
INSERT INTO `ubi_direccion` VALUES (802, NULL, 'Maipu 670', NULL, NULL, NULL, 1);
INSERT INTO `ubi_direccion` VALUES (803, NULL, '', NULL, NULL, NULL, 1);
INSERT INTO `ubi_direccion` VALUES (804, NULL, 'Sarmiento 1122', NULL, NULL, NULL, 1);
INSERT INTO `ubi_direccion` VALUES (806, NULL, 'calle 15 Nº 1367', NULL, NULL, NULL, 1);
INSERT INTO `ubi_direccion` VALUES (807, NULL, '12 de Octubre 1476', NULL, NULL, NULL, 1);
INSERT INTO `ubi_direccion` VALUES (809, NULL, 'M. Moreno 385', NULL, NULL, NULL, 1);
INSERT INTO `ubi_direccion` VALUES (810, NULL, '', NULL, NULL, NULL, 1);
INSERT INTO `ubi_direccion` VALUES (812, NULL, 'Mercante y Moreno', NULL, NULL, NULL, 1);
INSERT INTO `ubi_direccion` VALUES (814, NULL, 'Ameghino 594', NULL, NULL, NULL, 1);
INSERT INTO `ubi_direccion` VALUES (815, NULL, '', NULL, NULL, NULL, 1);
INSERT INTO `ubi_direccion` VALUES (817, NULL, 'Independencia 1486', NULL, NULL, NULL, 1);
INSERT INTO `ubi_direccion` VALUES (818, NULL, 'Habegger 1944', NULL, NULL, NULL, 1);
INSERT INTO `ubi_direccion` VALUES (820, NULL, '25 de Mayo 355', NULL, NULL, NULL, 1);
INSERT INTO `ubi_direccion` VALUES (821, NULL, 'Polledo Barnaldes 2470', NULL, NULL, NULL, 69);
INSERT INTO `ubi_direccion` VALUES (822, NULL, 'Juan Pablo II 6750', NULL, NULL, NULL, 1);
INSERT INTO `ubi_direccion` VALUES (824, NULL, 'Santa Fe 4671', NULL, NULL, NULL, 69);
INSERT INTO `ubi_direccion` VALUES (826, NULL, 'Gral. Uriburu 293', NULL, NULL, NULL, 1);
INSERT INTO `ubi_direccion` VALUES (827, NULL, 'Pellegrini 296', NULL, NULL, NULL, 1);
INSERT INTO `ubi_direccion` VALUES (828, NULL, 'Gral Juan Jose Viamonte 202', NULL, NULL, NULL, 65);
INSERT INTO `ubi_direccion` VALUES (830, NULL, 'Zona Rural', NULL, NULL, NULL, 1);
INSERT INTO `ubi_direccion` VALUES (831, NULL, 'Calle 2 de Abril 2456', NULL, NULL, NULL, 1);
INSERT INTO `ubi_direccion` VALUES (833, NULL, 'Porfirio Seppey y Av. Mercedario', NULL, NULL, NULL, 1);
INSERT INTO `ubi_direccion` VALUES (834, NULL, '', NULL, NULL, NULL, 1);
INSERT INTO `ubi_direccion` VALUES (835, NULL, 'Ernesto Gronda S/N', NULL, NULL, NULL, 1);
INSERT INTO `ubi_direccion` VALUES (836, NULL, '9 de Julio 615', NULL, NULL, NULL, 1);
INSERT INTO `ubi_direccion` VALUES (837, NULL, '', NULL, NULL, NULL, 1);
INSERT INTO `ubi_direccion` VALUES (838, NULL, 'Av. Francia 3562', NULL, NULL, NULL, 69);
INSERT INTO `ubi_direccion` VALUES (839, NULL, '', NULL, NULL, NULL, 1);
INSERT INTO `ubi_direccion` VALUES (840, NULL, 'Santa Virginia 165', NULL, NULL, NULL, 1);
INSERT INTO `ubi_direccion` VALUES (841, NULL, '', NULL, NULL, NULL, 1);
INSERT INTO `ubi_direccion` VALUES (843, NULL, 'San Martin 843', NULL, NULL, NULL, 95);
INSERT INTO `ubi_direccion` VALUES (844, NULL, 'Ruta Prov Nº70 - Km 76.210', NULL, NULL, NULL, 1);
INSERT INTO `ubi_direccion` VALUES (845, NULL, 'Calle 322 N. 297', NULL, NULL, NULL, 9);
INSERT INTO `ubi_direccion` VALUES (847, NULL, 'Ruta 292S', NULL, NULL, NULL, 95);
INSERT INTO `ubi_direccion` VALUES (848, NULL, '', NULL, NULL, NULL, 1);
INSERT INTO `ubi_direccion` VALUES (850, NULL, 'Bv. Santa Fe 2112', NULL, NULL, NULL, 65);
INSERT INTO `ubi_direccion` VALUES (851, NULL, '12 de Octubre 256', NULL, NULL, NULL, 1);
INSERT INTO `ubi_direccion` VALUES (852, NULL, '12 de Octubre 256', NULL, NULL, NULL, 1);
INSERT INTO `ubi_direccion` VALUES (853, NULL, 'Albert Einstein 2723', NULL, NULL, NULL, 1);
INSERT INTO `ubi_direccion` VALUES (854, NULL, 'Caseros 2041', NULL, NULL, NULL, 1);
INSERT INTO `ubi_direccion` VALUES (855, NULL, '', NULL, NULL, NULL, 1);
INSERT INTO `ubi_direccion` VALUES (857, NULL, 'Calle 17 Nº1455', NULL, NULL, NULL, 1);
INSERT INTO `ubi_direccion` VALUES (859, NULL, 'San Luis 2600', NULL, NULL, NULL, 1);
INSERT INTO `ubi_direccion` VALUES (860, NULL, '', NULL, NULL, NULL, 1);
INSERT INTO `ubi_direccion` VALUES (861, NULL, 'Saavedra 25', NULL, NULL, NULL, 1);
INSERT INTO `ubi_direccion` VALUES (862, NULL, 'Saavedra 25', NULL, NULL, NULL, 1);
INSERT INTO `ubi_direccion` VALUES (863, NULL, 'Llorena 3345', NULL, NULL, NULL, 1);
INSERT INTO `ubi_direccion` VALUES (865, NULL, 'Marcelo T. de Alvear 4266', NULL, NULL, NULL, 1);
INSERT INTO `ubi_direccion` VALUES (866, NULL, '15 de Agosto 42', NULL, NULL, NULL, 1);
INSERT INTO `ubi_direccion` VALUES (867, NULL, '15 de Agosto 42', NULL, NULL, NULL, 1);
INSERT INTO `ubi_direccion` VALUES (869, NULL, '1º De Mayo 1235', NULL, NULL, NULL, 1);
INSERT INTO `ubi_direccion` VALUES (870, NULL, 'Bv. Pte Peron 800', NULL, NULL, NULL, 1);
INSERT INTO `ubi_direccion` VALUES (871, NULL, 'Bv. Pte. Peron 800', NULL, NULL, NULL, 1);
INSERT INTO `ubi_direccion` VALUES (872, NULL, '', NULL, NULL, NULL, 1);
INSERT INTO `ubi_direccion` VALUES (873, NULL, 'Av. Dr. Arturo Frondizi Nº 1150 - Calle 1 - Parque Industrial', NULL, NULL, NULL, 1);
INSERT INTO `ubi_direccion` VALUES (874, NULL, 'RUTA NACIONAL 98 S/N', NULL, NULL, NULL, 1);
INSERT INTO `ubi_direccion` VALUES (875, NULL, 'Monteagudo 143', NULL, NULL, NULL, 1);
INSERT INTO `ubi_direccion` VALUES (877, NULL, 'Saenz Peña 212', NULL, NULL, NULL, 1);
INSERT INTO `ubi_direccion` VALUES (878, NULL, 'Lote 20 - Bº 40 Viviendas', NULL, NULL, NULL, 1);
INSERT INTO `ubi_direccion` VALUES (880, NULL, 'Av Minetti s/n', NULL, NULL, NULL, 1);
INSERT INTO `ubi_direccion` VALUES (881, NULL, 'Maipu 143 ', NULL, NULL, NULL, 1);
INSERT INTO `ubi_direccion` VALUES (883, NULL, 'Guemes 956', NULL, NULL, NULL, 1);
INSERT INTO `ubi_direccion` VALUES (884, NULL, '', NULL, NULL, NULL, 1);
INSERT INTO `ubi_direccion` VALUES (885, NULL, '', NULL, NULL, NULL, 1);
INSERT INTO `ubi_direccion` VALUES (886, NULL, 'San Martin 945', NULL, NULL, NULL, 1);
INSERT INTO `ubi_direccion` VALUES (887, NULL, '', NULL, NULL, NULL, 1);
INSERT INTO `ubi_direccion` VALUES (888, NULL, '', NULL, NULL, NULL, 1);
INSERT INTO `ubi_direccion` VALUES (889, NULL, 'Almirante Brown 1022', NULL, NULL, NULL, 1);
INSERT INTO `ubi_direccion` VALUES (890, NULL, 'Almirante Brown 1022', NULL, NULL, NULL, 1);
INSERT INTO `ubi_direccion` VALUES (891, NULL, '', NULL, NULL, NULL, 1);
INSERT INTO `ubi_direccion` VALUES (892, NULL, 'Mz 01 Pc 25', NULL, NULL, NULL, 1);
INSERT INTO `ubi_direccion` VALUES (893, NULL, 'San Martin 734', NULL, NULL, NULL, 1);
INSERT INTO `ubi_direccion` VALUES (894, NULL, 'San Martin 734', NULL, NULL, NULL, 1);
INSERT INTO `ubi_direccion` VALUES (895, NULL, '', NULL, NULL, NULL, 1);
INSERT INTO `ubi_direccion` VALUES (896, NULL, 'Ruta Provincial 34 Suplem Nº 3666', NULL, NULL, NULL, 1);
INSERT INTO `ubi_direccion` VALUES (897, NULL, 'Brig. Lopez 2124', NULL, NULL, NULL, 1);
INSERT INTO `ubi_direccion` VALUES (898, NULL, '', NULL, NULL, NULL, 1);
INSERT INTO `ubi_direccion` VALUES (899, NULL, 'Pueyrredon 2596', NULL, NULL, NULL, 1);
INSERT INTO `ubi_direccion` VALUES (900, NULL, '', NULL, NULL, NULL, 1);
INSERT INTO `ubi_direccion` VALUES (902, NULL, 'Rivadavia 1143', NULL, NULL, NULL, 1);
INSERT INTO `ubi_direccion` VALUES (904, NULL, 'Guemes 1059 P.1 Dpto 8', NULL, NULL, NULL, 1);
INSERT INTO `ubi_direccion` VALUES (905, NULL, '', NULL, NULL, NULL, 1);
INSERT INTO `ubi_direccion` VALUES (906, NULL, 'Colon y Sarmiento', NULL, NULL, NULL, 1);
INSERT INTO `ubi_direccion` VALUES (907, NULL, '', NULL, NULL, NULL, 1);
INSERT INTO `ubi_direccion` VALUES (908, NULL, 'Av. Madres de Plaza 25 de Mayo 3020 P. 7 Of. 6', NULL, NULL, NULL, 1);
INSERT INTO `ubi_direccion` VALUES (909, NULL, '', NULL, NULL, NULL, 1);
INSERT INTO `ubi_direccion` VALUES (910, NULL, 'Sarmiento 681', NULL, NULL, NULL, 1);
INSERT INTO `ubi_direccion` VALUES (911, NULL, '', NULL, NULL, NULL, 1);
INSERT INTO `ubi_direccion` VALUES (912, NULL, 'Mexico y España', NULL, NULL, NULL, 1);
INSERT INTO `ubi_direccion` VALUES (914, NULL, 'Calle 15 Nº.1502', NULL, NULL, NULL, 1);
INSERT INTO `ubi_direccion` VALUES (915, NULL, '', NULL, NULL, NULL, 1);
INSERT INTO `ubi_direccion` VALUES (916, NULL, 'Calle 1810 875', NULL, NULL, NULL, 1);
INSERT INTO `ubi_direccion` VALUES (917, NULL, 'Hipolito Yrigoyen 2210', NULL, NULL, NULL, 85);
INSERT INTO `ubi_direccion` VALUES (918, NULL, '', NULL, NULL, NULL, 1);
INSERT INTO `ubi_direccion` VALUES (919, NULL, '9 de Julio 550', NULL, NULL, NULL, 1);
INSERT INTO `ubi_direccion` VALUES (920, NULL, '9 de Julio 550', NULL, NULL, NULL, 1);
INSERT INTO `ubi_direccion` VALUES (922, NULL, 'Belgrano 1041', NULL, NULL, NULL, 1);
INSERT INTO `ubi_direccion` VALUES (924, NULL, 'S.Begnis 1444', NULL, NULL, NULL, 1);
INSERT INTO `ubi_direccion` VALUES (925, NULL, 'Ruta Nac N34 Km 54,8', NULL, NULL, NULL, 103);
INSERT INTO `ubi_direccion` VALUES (926, NULL, 'Av. Jose Roberti 720', NULL, NULL, NULL, 1);
INSERT INTO `ubi_direccion` VALUES (927, NULL, '', NULL, NULL, NULL, 1);
INSERT INTO `ubi_direccion` VALUES (928, NULL, 'Belgrano 648', NULL, NULL, NULL, 1);
INSERT INTO `ubi_direccion` VALUES (929, NULL, 'Dir. Stgo Cabral 635', NULL, NULL, NULL, 1);
INSERT INTO `ubi_direccion` VALUES (930, NULL, '', NULL, NULL, NULL, 1);
INSERT INTO `ubi_direccion` VALUES (931, NULL, 'Av. Dickinson 1151', NULL, NULL, NULL, 1);
INSERT INTO `ubi_direccion` VALUES (932, NULL, '', NULL, NULL, NULL, 1);
INSERT INTO `ubi_direccion` VALUES (933, NULL, '', NULL, NULL, NULL, 1);
INSERT INTO `ubi_direccion` VALUES (934, NULL, '', NULL, NULL, NULL, 1);
INSERT INTO `ubi_direccion` VALUES (935, NULL, '', NULL, NULL, NULL, 1);
INSERT INTO `ubi_direccion` VALUES (936, NULL, 'Libertad 812', NULL, NULL, NULL, 1);
INSERT INTO `ubi_direccion` VALUES (937, NULL, 'Campo Ugarte - Lote 97', NULL, NULL, NULL, 1);
INSERT INTO `ubi_direccion` VALUES (938, NULL, 'Campo Ugarte - Lote 97', NULL, NULL, NULL, 1);
INSERT INTO `ubi_direccion` VALUES (939, NULL, 'San Martin 1438', NULL, NULL, NULL, 1);
INSERT INTO `ubi_direccion` VALUES (940, NULL, 'Alvear 1325', NULL, NULL, NULL, 1);
INSERT INTO `ubi_direccion` VALUES (942, NULL, 'San Martin 1438', NULL, NULL, NULL, 88);
INSERT INTO `ubi_direccion` VALUES (943, NULL, 'San Nicolas 3324', NULL, NULL, NULL, 1);
INSERT INTO `ubi_direccion` VALUES (944, NULL, 'Pje Wood 3965 ( Alsina al 2200 )', NULL, NULL, NULL, 1);
INSERT INTO `ubi_direccion` VALUES (945, NULL, '', NULL, NULL, NULL, 1);
INSERT INTO `ubi_direccion` VALUES (946, NULL, '', NULL, NULL, NULL, 1);
INSERT INTO `ubi_direccion` VALUES (947, NULL, 'Zona Ind. Puerto de Santa Fe', NULL, NULL, NULL, 79);
INSERT INTO `ubi_direccion` VALUES (948, 'Central', 'Zona Indutrial Puerto Santa Fe', '', '', '', 79);
INSERT INTO `ubi_direccion` VALUES (950, NULL, 'Av. Fortin El Chañar 345', NULL, NULL, NULL, 1);
INSERT INTO `ubi_direccion` VALUES (951, NULL, 'Darwin 530', NULL, NULL, NULL, 1);
INSERT INTO `ubi_direccion` VALUES (952, NULL, 'Ruta 95', NULL, NULL, NULL, 88);
INSERT INTO `ubi_direccion` VALUES (953, NULL, '', NULL, NULL, NULL, 1);
INSERT INTO `ubi_direccion` VALUES (954, NULL, '', NULL, NULL, NULL, 1);
INSERT INTO `ubi_direccion` VALUES (955, NULL, '', NULL, NULL, NULL, 1);
INSERT INTO `ubi_direccion` VALUES (956, NULL, '', NULL, NULL, NULL, 1);
INSERT INTO `ubi_direccion` VALUES (957, NULL, 'Pje. Suarez 3659', NULL, NULL, NULL, 1);
INSERT INTO `ubi_direccion` VALUES (959, NULL, 'Av San Martin s/n', NULL, NULL, NULL, 1);
INSERT INTO `ubi_direccion` VALUES (960, NULL, '', NULL, NULL, NULL, 12);
INSERT INTO `ubi_direccion` VALUES (961, NULL, 'Ruta Prov. N6 Km 57', NULL, NULL, NULL, 1);
INSERT INTO `ubi_direccion` VALUES (962, NULL, '', NULL, NULL, NULL, 1);
INSERT INTO `ubi_direccion` VALUES (963, NULL, 'Viamonte 7123', NULL, NULL, NULL, 1);
INSERT INTO `ubi_direccion` VALUES (964, NULL, 'Belgrano 847', NULL, NULL, NULL, 1);
INSERT INTO `ubi_direccion` VALUES (965, NULL, '', NULL, NULL, NULL, 1);
INSERT INTO `ubi_direccion` VALUES (966, NULL, '', NULL, NULL, NULL, 1);
INSERT INTO `ubi_direccion` VALUES (968, NULL, 'Ruta Nac.11 Pq Ind. Lote 2', NULL, NULL, NULL, 1);
INSERT INTO `ubi_direccion` VALUES (969, NULL, '', NULL, NULL, NULL, 1);
INSERT INTO `ubi_direccion` VALUES (970, NULL, '9 de Julio 877', NULL, NULL, NULL, 1);
INSERT INTO `ubi_direccion` VALUES (971, NULL, '', NULL, NULL, NULL, 1);
INSERT INTO `ubi_direccion` VALUES (972, NULL, 'Ruta N? 89 y P 116', NULL, NULL, NULL, 101);
INSERT INTO `ubi_direccion` VALUES (973, NULL, 'Ruta xxx', NULL, NULL, NULL, NULL);
INSERT INTO `ubi_direccion` VALUES (974, NULL, 'San Martin 1184', NULL, NULL, NULL, 1);
INSERT INTO `ubi_direccion` VALUES (975, NULL, 'Ruta 91 s/n', NULL, NULL, NULL, 1);
INSERT INTO `ubi_direccion` VALUES (976, NULL, 'Av. Libertador 1855', NULL, NULL, NULL, 1);
INSERT INTO `ubi_direccion` VALUES (978, NULL, 'Av. Circunvalacion 3900', NULL, NULL, NULL, 1);
INSERT INTO `ubi_direccion` VALUES (980, NULL, 'Pedro Pradier 635', NULL, NULL, NULL, 1);
INSERT INTO `ubi_direccion` VALUES (981, NULL, '', NULL, NULL, NULL, 1);
INSERT INTO `ubi_direccion` VALUES (982, NULL, 'Chaco 1652', NULL, NULL, NULL, 1);
INSERT INTO `ubi_direccion` VALUES (983, NULL, 'Ruta 11 Km 335', NULL, NULL, NULL, 1);
INSERT INTO `ubi_direccion` VALUES (984, NULL, '', NULL, NULL, NULL, 1);
INSERT INTO `ubi_direccion` VALUES (985, NULL, 'Ruta 11 Nº  1475- km 334,5 ', NULL, NULL, NULL, 1);
INSERT INTO `ubi_direccion` VALUES (986, NULL, '', NULL, NULL, NULL, 1);
INSERT INTO `ubi_direccion` VALUES (987, NULL, 'Parque Ind. Parcela N?15', NULL, NULL, NULL, 85);
INSERT INTO `ubi_direccion` VALUES (988, NULL, '', NULL, NULL, NULL, 1);
INSERT INTO `ubi_direccion` VALUES (989, NULL, 'XXXX', NULL, NULL, NULL, 88);
INSERT INTO `ubi_direccion` VALUES (990, NULL, 'Belgrano 1310', NULL, NULL, NULL, 1);
INSERT INTO `ubi_direccion` VALUES (991, NULL, '', NULL, NULL, NULL, 1);
INSERT INTO `ubi_direccion` VALUES (992, NULL, '', NULL, NULL, NULL, 1);
INSERT INTO `ubi_direccion` VALUES (993, NULL, 'Barrio CGT M7 P11', NULL, NULL, NULL, 1);
INSERT INTO `ubi_direccion` VALUES (994, NULL, '', NULL, NULL, NULL, 1);
INSERT INTO `ubi_direccion` VALUES (995, NULL, '', NULL, NULL, NULL, 1);
INSERT INTO `ubi_direccion` VALUES (997, NULL, 'Arturo Frondizi 2112', NULL, NULL, NULL, 1);
INSERT INTO `ubi_direccion` VALUES (998, NULL, '', NULL, NULL, NULL, 1);
INSERT INTO `ubi_direccion` VALUES (999, NULL, 'XXXX', NULL, NULL, NULL, 65);
INSERT INTO `ubi_direccion` VALUES (1000, NULL, 'Av. Güemes Nº 1440', NULL, NULL, NULL, 1);
INSERT INTO `ubi_direccion` VALUES (1001, NULL, 'Av. Circunvalación 3900', NULL, NULL, NULL, 1);
INSERT INTO `ubi_direccion` VALUES (1002, NULL, 'Juan de Garay 4450', NULL, NULL, NULL, 1);
INSERT INTO `ubi_direccion` VALUES (1003, NULL, '', NULL, NULL, NULL, 1);
INSERT INTO `ubi_direccion` VALUES (1004, NULL, '', NULL, NULL, NULL, 88);
INSERT INTO `ubi_direccion` VALUES (1005, NULL, 'Acc Saavedra s/n', NULL, NULL, NULL, 1);
INSERT INTO `ubi_direccion` VALUES (1006, NULL, '', NULL, NULL, NULL, 1);
INSERT INTO `ubi_direccion` VALUES (1007, NULL, '', NULL, NULL, NULL, 1);
INSERT INTO `ubi_direccion` VALUES (1008, NULL, '', NULL, NULL, NULL, 1);
INSERT INTO `ubi_direccion` VALUES (1009, NULL, 'Av. Int. O. Zoboli 1725', NULL, NULL, NULL, 65);
INSERT INTO `ubi_direccion` VALUES (1010, NULL, 'Ruta Nac Nº11 Km 890,5', NULL, NULL, NULL, 1);
INSERT INTO `ubi_direccion` VALUES (1011, NULL, '12 de Octubre 1186', NULL, NULL, NULL, 88);
INSERT INTO `ubi_direccion` VALUES (1014, NULL, 'San Martin 1041', NULL, NULL, NULL, 1);
INSERT INTO `ubi_direccion` VALUES (1015, NULL, 'Ruta Nac 11 - KM 480.5', NULL, NULL, NULL, 1);
INSERT INTO `ubi_direccion` VALUES (1017, NULL, 'Velez Sarsfield 5850', NULL, NULL, NULL, 1);
INSERT INTO `ubi_direccion` VALUES (1018, NULL, 'Gregoria Matorras 205', NULL, NULL, NULL, 1);
INSERT INTO `ubi_direccion` VALUES (1019, NULL, '', NULL, NULL, NULL, 1);
INSERT INTO `ubi_direccion` VALUES (1020, NULL, '', NULL, NULL, NULL, 1);
INSERT INTO `ubi_direccion` VALUES (1022, NULL, 'M de Guemes y F. Esquiu s/n', NULL, NULL, NULL, 1);
INSERT INTO `ubi_direccion` VALUES (1023, NULL, 'Bv. Yrigoyen 815', NULL, NULL, NULL, 9);
INSERT INTO `ubi_direccion` VALUES (1024, NULL, '', NULL, NULL, NULL, 1);
INSERT INTO `ubi_direccion` VALUES (1025, NULL, 'Rosario 889', NULL, NULL, NULL, 1);
INSERT INTO `ubi_direccion` VALUES (1026, NULL, 'Ruta 2 y 6 de Caballeria', NULL, NULL, NULL, 88);
INSERT INTO `ubi_direccion` VALUES (1027, NULL, 'San Jeronimo 870', NULL, NULL, NULL, 1);
INSERT INTO `ubi_direccion` VALUES (1028, NULL, 'Calle Publica s/n - Bº San Felipe', NULL, NULL, NULL, 1);
INSERT INTO `ubi_direccion` VALUES (1029, NULL, '', NULL, NULL, NULL, 1);
INSERT INTO `ubi_direccion` VALUES (1030, NULL, 'Zona Rural', NULL, NULL, NULL, 1);
INSERT INTO `ubi_direccion` VALUES (1031, NULL, 'Zona Rural', NULL, NULL, NULL, 1);
INSERT INTO `ubi_direccion` VALUES (1032, NULL, '', NULL, NULL, NULL, 1);
INSERT INTO `ubi_direccion` VALUES (1033, NULL, '', NULL, NULL, NULL, 1);
INSERT INTO `ubi_direccion` VALUES (1035, NULL, 'Fernando Lorenz 24', NULL, NULL, NULL, 1);
INSERT INTO `ubi_direccion` VALUES (1036, NULL, 'General Paz 155', NULL, NULL, NULL, 1);
INSERT INTO `ubi_direccion` VALUES (1037, NULL, 'Zeballos 385', NULL, NULL, NULL, 1);
INSERT INTO `ubi_direccion` VALUES (1038, NULL, 'Belgrano 847', NULL, NULL, NULL, 1);
INSERT INTO `ubi_direccion` VALUES (1039, NULL, 'Belgrano ', NULL, NULL, NULL, 1);
INSERT INTO `ubi_direccion` VALUES (1040, NULL, 'Sarmineto 185', NULL, NULL, NULL, 1);
INSERT INTO `ubi_direccion` VALUES (1041, NULL, 'Pque Ind. Cañuelas I, R.P. Nº6 km 101,5', NULL, NULL, NULL, 1);
INSERT INTO `ubi_direccion` VALUES (1042, NULL, 'Zona Rural', NULL, NULL, NULL, 1);
INSERT INTO `ubi_direccion` VALUES (1043, NULL, '', NULL, NULL, NULL, 1);
INSERT INTO `ubi_direccion` VALUES (1045, NULL, 'Mons. De Calos 900', NULL, NULL, NULL, 1);
INSERT INTO `ubi_direccion` VALUES (1046, NULL, 'Washington 45', NULL, NULL, NULL, 1);
INSERT INTO `ubi_direccion` VALUES (1048, NULL, 'La Pampa 1145', NULL, NULL, NULL, 1);
INSERT INTO `ubi_direccion` VALUES (1050, NULL, 'España 1170', NULL, NULL, NULL, 1);
INSERT INTO `ubi_direccion` VALUES (1051, NULL, '', NULL, NULL, NULL, 1);
INSERT INTO `ubi_direccion` VALUES (1052, NULL, 'San Jeronimo 788', NULL, NULL, NULL, 1);
INSERT INTO `ubi_direccion` VALUES (1053, NULL, '', NULL, NULL, NULL, 1);
INSERT INTO `ubi_direccion` VALUES (1054, NULL, '', NULL, NULL, NULL, 1);
INSERT INTO `ubi_direccion` VALUES (1055, NULL, '', NULL, NULL, NULL, 1);
INSERT INTO `ubi_direccion` VALUES (1056, NULL, 'San Lorenzo 719', NULL, NULL, NULL, 1);
INSERT INTO `ubi_direccion` VALUES (1057, NULL, 'Juan de Garay y Rivadavia', NULL, NULL, NULL, 1);
INSERT INTO `ubi_direccion` VALUES (1058, NULL, 'Juan de Garay y Rivadavia', NULL, NULL, NULL, 1);
INSERT INTO `ubi_direccion` VALUES (1059, NULL, '', NULL, NULL, NULL, 1);
INSERT INTO `ubi_direccion` VALUES (1060, NULL, 'Calle 2 N156', NULL, NULL, NULL, 1);
INSERT INTO `ubi_direccion` VALUES (1061, NULL, '', NULL, NULL, NULL, 1);
INSERT INTO `ubi_direccion` VALUES (1062, NULL, 'Sargento Cabral 277', NULL, NULL, NULL, 1);
INSERT INTO `ubi_direccion` VALUES (1063, NULL, NULL, NULL, NULL, NULL, 1);
INSERT INTO `ubi_direccion` VALUES (1064, NULL, 'San Martin 843', NULL, NULL, NULL, 95);
INSERT INTO `ubi_direccion` VALUES (1065, NULL, '', NULL, NULL, NULL, 88);
INSERT INTO `ubi_direccion` VALUES (1066, NULL, 'Necochea 2857 PA', NULL, NULL, NULL, 79);
INSERT INTO `ubi_direccion` VALUES (1067, NULL, '', NULL, NULL, NULL, 91);
INSERT INTO `ubi_direccion` VALUES (1068, NULL, 'Cristobal Colon 794', NULL, NULL, NULL, 73);
INSERT INTO `ubi_direccion` VALUES (1069, NULL, NULL, NULL, NULL, NULL, 1);
INSERT INTO `ubi_direccion` VALUES (1070, NULL, NULL, NULL, NULL, NULL, 1);
INSERT INTO `ubi_direccion` VALUES (1071, NULL, NULL, NULL, NULL, NULL, 1);
INSERT INTO `ubi_direccion` VALUES (1072, NULL, NULL, NULL, NULL, NULL, 1);
INSERT INTO `ubi_direccion` VALUES (1073, NULL, NULL, NULL, NULL, NULL, 1);
INSERT INTO `ubi_direccion` VALUES (1074, NULL, 'zzz', NULL, NULL, NULL, 65);
INSERT INTO `ubi_direccion` VALUES (1075, NULL, 'sss', NULL, NULL, NULL, 88);
INSERT INTO `ubi_direccion` VALUES (1076, NULL, '1ro de Mayo 1335', NULL, NULL, NULL, 65);
INSERT INTO `ubi_direccion` VALUES (1077, NULL, NULL, NULL, NULL, NULL, 1);
INSERT INTO `ubi_direccion` VALUES (1078, NULL, NULL, NULL, NULL, NULL, 1);
INSERT INTO `ubi_direccion` VALUES (1079, NULL, 'Panam? 7795 -3 De Febrero', NULL, NULL, NULL, 14);
INSERT INTO `ubi_direccion` VALUES (1080, NULL, 'Av Aristobulo del Valle 1250', NULL, NULL, NULL, 65);
INSERT INTO `ubi_direccion` VALUES (1081, NULL, '25 de Mayo 248', NULL, NULL, NULL, 15);
INSERT INTO `ubi_direccion` VALUES (1082, NULL, 'Ruta 6 y 70', NULL, NULL, NULL, 100);
INSERT INTO `ubi_direccion` VALUES (1083, NULL, 'San martin 1278', NULL, NULL, NULL, 88);
INSERT INTO `ubi_direccion` VALUES (1084, NULL, NULL, NULL, NULL, NULL, NULL);
INSERT INTO `ubi_direccion` VALUES (1085, NULL, '1? de Mayo 1313', NULL, NULL, NULL, 69);
INSERT INTO `ubi_direccion` VALUES (1086, NULL, 'Artigas 253', NULL, NULL, NULL, 69);
INSERT INTO `ubi_direccion` VALUES (1087, NULL, 'San Martin 1830', NULL, NULL, NULL, 69);
INSERT INTO `ubi_direccion` VALUES (1088, NULL, 'Ruta Prov 1 1952', NULL, NULL, NULL, 57);
INSERT INTO `ubi_direccion` VALUES (1089, NULL, NULL, NULL, NULL, NULL, NULL);
INSERT INTO `ubi_direccion` VALUES (1090, NULL, NULL, NULL, NULL, NULL, NULL);
INSERT INTO `ubi_direccion` VALUES (1091, NULL, NULL, NULL, NULL, NULL, NULL);
INSERT INTO `ubi_direccion` VALUES (1092, NULL, NULL, NULL, NULL, NULL, NULL);
INSERT INTO `ubi_direccion` VALUES (1093, NULL, NULL, NULL, NULL, NULL, NULL);
INSERT INTO `ubi_direccion` VALUES (1094, NULL, NULL, NULL, NULL, NULL, NULL);
INSERT INTO `ubi_direccion` VALUES (1095, NULL, 'Lisandra de la Torre 963', NULL, NULL, NULL, 56);
INSERT INTO `ubi_direccion` VALUES (1096, NULL, 'Lisandro de La Torre 963', NULL, NULL, NULL, 56);
INSERT INTO `ubi_direccion` VALUES (1097, NULL, NULL, NULL, NULL, NULL, NULL);
INSERT INTO `ubi_direccion` VALUES (1098, NULL, 'Avenida Pelegrini 1843', NULL, NULL, NULL, NULL);
INSERT INTO `ubi_direccion` VALUES (1099, NULL, NULL, NULL, NULL, NULL, NULL);
INSERT INTO `ubi_direccion` VALUES (1100, NULL, 'Avellaneda 540', NULL, NULL, NULL, 79);
INSERT INTO `ubi_direccion` VALUES (1101, NULL, NULL, NULL, NULL, NULL, NULL);
INSERT INTO `ubi_direccion` VALUES (1102, NULL, NULL, NULL, NULL, NULL, NULL);
INSERT INTO `ubi_direccion` VALUES (1103, NULL, NULL, NULL, NULL, NULL, NULL);
INSERT INTO `ubi_direccion` VALUES (1104, NULL, NULL, NULL, NULL, NULL, NULL);
INSERT INTO `ubi_direccion` VALUES (1105, NULL, 'Entre Rios 742', NULL, NULL, NULL, 107);
INSERT INTO `ubi_direccion` VALUES (1106, NULL, NULL, NULL, NULL, NULL, NULL);
INSERT INTO `ubi_direccion` VALUES (1107, NULL, NULL, NULL, NULL, NULL, NULL);
INSERT INTO `ubi_direccion` VALUES (1108, NULL, NULL, NULL, NULL, NULL, NULL);
INSERT INTO `ubi_direccion` VALUES (1109, NULL, NULL, NULL, NULL, NULL, NULL);
INSERT INTO `ubi_direccion` VALUES (1110, NULL, 'Calle sn', NULL, NULL, NULL, 108);
INSERT INTO `ubi_direccion` VALUES (1111, NULL, NULL, NULL, NULL, NULL, NULL);
INSERT INTO `ubi_direccion` VALUES (1112, NULL, 'Lima 1156', NULL, NULL, NULL, 109);
INSERT INTO `ubi_direccion` VALUES (1113, NULL, NULL, NULL, NULL, NULL, NULL);
INSERT INTO `ubi_direccion` VALUES (1114, NULL, 'Remedios de Escalada 257', NULL, NULL, NULL, 65);
INSERT INTO `ubi_direccion` VALUES (1115, NULL, NULL, NULL, NULL, NULL, NULL);
INSERT INTO `ubi_direccion` VALUES (1116, NULL, '25 de Mayo s/n', NULL, NULL, NULL, 95);
INSERT INTO `ubi_direccion` VALUES (1117, NULL, NULL, NULL, NULL, NULL, NULL);
INSERT INTO `ubi_direccion` VALUES (1118, NULL, NULL, NULL, NULL, NULL, NULL);
INSERT INTO `ubi_direccion` VALUES (1119, NULL, NULL, NULL, NULL, NULL, NULL);
INSERT INTO `ubi_direccion` VALUES (1120, NULL, NULL, NULL, NULL, NULL, NULL);
INSERT INTO `ubi_direccion` VALUES (1121, NULL, NULL, NULL, NULL, NULL, NULL);
INSERT INTO `ubi_direccion` VALUES (1122, NULL, NULL, NULL, NULL, NULL, NULL);
INSERT INTO `ubi_direccion` VALUES (1123, NULL, NULL, NULL, NULL, NULL, NULL);
INSERT INTO `ubi_direccion` VALUES (1124, NULL, NULL, NULL, NULL, NULL, NULL);
INSERT INTO `ubi_direccion` VALUES (1125, NULL, NULL, NULL, NULL, NULL, NULL);
INSERT INTO `ubi_direccion` VALUES (1126, NULL, NULL, NULL, NULL, NULL, NULL);
INSERT INTO `ubi_direccion` VALUES (1127, NULL, NULL, NULL, NULL, NULL, NULL);
INSERT INTO `ubi_direccion` VALUES (1128, NULL, NULL, NULL, NULL, NULL, NULL);
INSERT INTO `ubi_direccion` VALUES (1129, NULL, NULL, NULL, NULL, NULL, NULL);
INSERT INTO `ubi_direccion` VALUES (1130, NULL, NULL, NULL, NULL, NULL, NULL);
INSERT INTO `ubi_direccion` VALUES (1131, NULL, 'Calle 23 N954', NULL, NULL, NULL, 46);
INSERT INTO `ubi_direccion` VALUES (1132, NULL, NULL, NULL, NULL, NULL, NULL);
INSERT INTO `ubi_direccion` VALUES (1133, NULL, NULL, NULL, NULL, NULL, NULL);
INSERT INTO `ubi_direccion` VALUES (1134, NULL, NULL, NULL, NULL, NULL, NULL);
INSERT INTO `ubi_direccion` VALUES (1135, NULL, NULL, NULL, NULL, NULL, NULL);
INSERT INTO `ubi_direccion` VALUES (1136, NULL, NULL, NULL, NULL, NULL, NULL);
INSERT INTO `ubi_direccion` VALUES (1137, NULL, 'Ruta 11 ? Km 1006,5', NULL, NULL, NULL, 110);
INSERT INTO `ubi_direccion` VALUES (1138, NULL, NULL, NULL, NULL, NULL, NULL);
INSERT INTO `ubi_direccion` VALUES (1139, NULL, 'Belgrano 1231', NULL, NULL, NULL, 88);
INSERT INTO `ubi_direccion` VALUES (1140, NULL, 'Francisco de Arteaga 2225', NULL, NULL, NULL, 31);
INSERT INTO `ubi_direccion` VALUES (1141, NULL, 's/n', NULL, NULL, NULL, 88);
INSERT INTO `ubi_direccion` VALUES (1142, NULL, ' Calle 10 808', NULL, NULL, NULL, 46);
INSERT INTO `ubi_direccion` VALUES (1143, NULL, NULL, NULL, NULL, NULL, NULL);
INSERT INTO `ubi_direccion` VALUES (1144, NULL, NULL, NULL, NULL, NULL, NULL);
INSERT INTO `ubi_direccion` VALUES (1145, NULL, 'GRAL.BME.MITRE 2055', NULL, NULL, NULL, 69);
INSERT INTO `ubi_direccion` VALUES (1146, NULL, NULL, NULL, NULL, NULL, NULL);
INSERT INTO `ubi_direccion` VALUES (1147, NULL, 'San Martin 4365', NULL, NULL, NULL, 79);
INSERT INTO `ubi_direccion` VALUES (1148, NULL, 'San Martin 1033', NULL, NULL, NULL, NULL);
INSERT INTO `ubi_direccion` VALUES (1149, NULL, NULL, NULL, NULL, NULL, NULL);
INSERT INTO `ubi_direccion` VALUES (1150, NULL, 'Av. Provincias Unidas 136', NULL, NULL, NULL, 69);
INSERT INTO `ubi_direccion` VALUES (1151, NULL, 'Sarmiento 1368', NULL, NULL, NULL, 88);
INSERT INTO `ubi_direccion` VALUES (1152, NULL, 'Antonio Roque Vittolo 255', NULL, NULL, NULL, 39);
INSERT INTO `ubi_direccion` VALUES (1153, NULL, 'Av Salva 349', NULL, NULL, NULL, 65);
INSERT INTO `ubi_direccion` VALUES (1154, 'Comercial', 'San Martin', '843', '', '', 95);
INSERT INTO `ubi_direccion` VALUES (1159, 'Central', 'Zona Ind Puerto Santa Fe', '0', '', '', 79);
INSERT INTO `ubi_direccion` VALUES (1160, 'Central', 'Ruta KM35', '', '', '', 69);
INSERT INTO `ubi_direccion` VALUES (1161, 'Central', 'Ruta Pilar km 35', '', '', '', 69);
INSERT INTO `ubi_direccion` VALUES (1162, 'Sucursal', 'Jose M. Rosa', '1781', '', 'Bis', 69);
INSERT INTO `ubi_direccion` VALUES (1163, 'Principal', 'Juan de Garay', '610', '', '', 95);
INSERT INTO `ubi_direccion` VALUES (1164, 'Principal', 'Azopardo', '0', '', '', 45);
INSERT INTO `ubi_direccion` VALUES (1165, 'Principal', 'Rivadavia', '0', '', '', 95);
INSERT INTO `ubi_direccion` VALUES (1166, 'Principal', 'asdasddas', '2323', '', '', 95);
INSERT INTO `ubi_direccion` VALUES (1167, 'Principal', 'asdasddas', '2323', '', '', 95);

-- ----------------------------
-- Table structure for ubi_localidad
-- ----------------------------
DROP TABLE IF EXISTS `ubi_localidad`;
CREATE TABLE `ubi_localidad`  (
  `id_localidad` bigint(20) NOT NULL AUTO_INCREMENT,
  `nombre` varchar(255) CHARACTER SET utf8 COLLATE utf8_unicode_ci NULL DEFAULT NULL,
  `codigo_postal` varchar(5) CHARACTER SET utf8 COLLATE utf8_unicode_ci NOT NULL,
  `provincia` bigint(20) NULL DEFAULT NULL,
  PRIMARY KEY (`id_localidad`) USING BTREE,
  INDEX `FK_localidad_provincia`(`provincia`) USING BTREE,
  CONSTRAINT `FK_localidad_provincia` FOREIGN KEY (`provincia`) REFERENCES `ubi_provincia` (`id_provincia`) ON DELETE RESTRICT ON UPDATE RESTRICT
) ENGINE = InnoDB AUTO_INCREMENT = 112 CHARACTER SET = utf8 COLLATE = utf8_unicode_ci ROW_FORMAT = Compact;

-- ----------------------------
-- Records of ubi_localidad
-- ----------------------------
INSERT INTO `ubi_localidad` VALUES (1, 'Desconocida', '9999', 100);
INSERT INTO `ubi_localidad` VALUES (2, '9 De Julio', '6500', 1);
INSERT INTO `ubi_localidad` VALUES (3, 'Alcorta', '2117', 20);
INSERT INTO `ubi_localidad` VALUES (4, 'Arequito', '2183', 20);
INSERT INTO `ubi_localidad` VALUES (5, 'Arias', '2624', 5);
INSERT INTO `ubi_localidad` VALUES (6, 'Armstrong', '2508', 20);
INSERT INTO `ubi_localidad` VALUES (7, 'Arrecifes', '2740', 1);
INSERT INTO `ubi_localidad` VALUES (8, 'Arroyo Ceibal', '3575', 20);
INSERT INTO `ubi_localidad` VALUES (9, 'Avellaneda', '3561', 20);
INSERT INTO `ubi_localidad` VALUES (10, 'Avia Terai', '3706', 3);
INSERT INTO `ubi_localidad` VALUES (11, 'Balnearia', '5141', 5);
INSERT INTO `ubi_localidad` VALUES (12, 'Bandera', '3064', 21);
INSERT INTO `ubi_localidad` VALUES (13, 'Bigand', '3061', 20);
INSERT INTO `ubi_localidad` VALUES (14, 'Buenos Aires', '1425', 1);
INSERT INTO `ubi_localidad` VALUES (15, 'Calchaqui', '3050', 20);
INSERT INTO `ubi_localidad` VALUES (16, 'Canals', '2650', 5);
INSERT INTO `ubi_localidad` VALUES (17, 'Caada de Gomez', '2500', 20);
INSERT INTO `ubi_localidad` VALUES (18, 'Caada Del Ucle', '2635', 20);
INSERT INTO `ubi_localidad` VALUES (19, 'Cañuelas', '1814', 1);
INSERT INTO `ubi_localidad` VALUES (20, 'Capital Federal', '1428', 1);
INSERT INTO `ubi_localidad` VALUES (21, 'Casilda', '2170', 20);
INSERT INTO `ubi_localidad` VALUES (22, 'Ceres', '2340', 20);
INSERT INTO `ubi_localidad` VALUES (23, 'Chabas', '2173', 20);
INSERT INTO `ubi_localidad` VALUES (24, 'Chacabuco', '6740', 1);
INSERT INTO `ubi_localidad` VALUES (25, 'Charata ', '3730', 3);
INSERT INTO `ubi_localidad` VALUES (26, 'Choroti', '3733', 3);
INSERT INTO `ubi_localidad` VALUES (27, 'Ciudadela', '1702', 1);
INSERT INTO `ubi_localidad` VALUES (28, 'Colonia Alpina', '3061', 20);
INSERT INTO `ubi_localidad` VALUES (29, 'Colonia Dora', '4332', 21);
INSERT INTO `ubi_localidad` VALUES (30, 'Colonia Rosa', '2351', 20);
INSERT INTO `ubi_localidad` VALUES (31, 'Cordoba', '5000', 5);
INSERT INTO `ubi_localidad` VALUES (32, 'Cordoba Capital', '5000', 5);
INSERT INTO `ubi_localidad` VALUES (33, 'Coronel Rodolfo S. Dominguez', '2105', 20);
INSERT INTO `ubi_localidad` VALUES (34, 'El Trebol', '2535', 20);
INSERT INTO `ubi_localidad` VALUES (35, 'Firmat', '2630', 20);
INSERT INTO `ubi_localidad` VALUES (36, 'Godoy', '2921', 20);
INSERT INTO `ubi_localidad` VALUES (37, 'Gral Pinedo', '3731', 3);
INSERT INTO `ubi_localidad` VALUES (38, 'Granadero Baigorria', '2152', 20);
INSERT INTO `ubi_localidad` VALUES (39, 'Hermoso Campo', '3733', 3);
INSERT INTO `ubi_localidad` VALUES (40, 'Hersilia', '2352', 20);
INSERT INTO `ubi_localidad` VALUES (41, 'Humberto 1', '2309', 20);
INSERT INTO `ubi_localidad` VALUES (42, 'Juan B. Molina', '2103', 20);
INSERT INTO `ubi_localidad` VALUES (43, 'La Banda', '4300', 21);
INSERT INTO `ubi_localidad` VALUES (44, 'La Playosa', '5911', 5);
INSERT INTO `ubi_localidad` VALUES (45, 'Las Breñas', '3722', 3);
INSERT INTO `ubi_localidad` VALUES (46, 'Las Parejas', '2505', 20);
INSERT INTO `ubi_localidad` VALUES (47, 'Las Rosas ', '2520', 20);
INSERT INTO `ubi_localidad` VALUES (48, 'Lehmann', '2305', 20);
INSERT INTO `ubi_localidad` VALUES (49, 'Los Juries', '3763', 21);
INSERT INTO `ubi_localidad` VALUES (50, 'Los Molinos', '2181', 20);
INSERT INTO `ubi_localidad` VALUES (51, 'Los Surgentes', '2581', 5);
INSERT INTO `ubi_localidad` VALUES (52, 'Malvinas Argentinas', '5125', 5);
INSERT INTO `ubi_localidad` VALUES (53, 'Margarita ', '3056', 20);
INSERT INTO `ubi_localidad` VALUES (54, 'Meson de Fierro', '3732', 3);
INSERT INTO `ubi_localidad` VALUES (55, 'Mison Nueva Ponpeya', '3705', 3);
INSERT INTO `ubi_localidad` VALUES (56, 'Montes de Oca', '2521', 20);
INSERT INTO `ubi_localidad` VALUES (57, 'Morteros', '2421', 5);
INSERT INTO `ubi_localidad` VALUES (58, 'Munro', '1605', 1);
INSERT INTO `ubi_localidad` VALUES (59, 'Necochea', '7630', 1);
INSERT INTO `ubi_localidad` VALUES (60, 'Oncativo', '5986', 5);
INSERT INTO `ubi_localidad` VALUES (61, 'P.R. Saenz Peña', '3700', 3);
INSERT INTO `ubi_localidad` VALUES (62, 'Pilar', '3085', 20);
INSERT INTO `ubi_localidad` VALUES (63, 'Progreso', '3023', 20);
INSERT INTO `ubi_localidad` VALUES (64, 'Puerto Madrid ', '9120', 4);
INSERT INTO `ubi_localidad` VALUES (65, 'Rafaela ', '2300', 20);
INSERT INTO `ubi_localidad` VALUES (66, 'Realic', '6200', 10);
INSERT INTO `ubi_localidad` VALUES (67, 'Reconquista', '3560', 20);
INSERT INTO `ubi_localidad` VALUES (68, 'Roldan', '2134', 20);
INSERT INTO `ubi_localidad` VALUES (69, 'Rosario', '2000', 20);
INSERT INTO `ubi_localidad` VALUES (70, 'Sa Pereira', '3011', 20);
INSERT INTO `ubi_localidad` VALUES (71, 'San Bernardo', '3061', 20);
INSERT INTO `ubi_localidad` VALUES (72, 'San Carlos Centro', '3013', 20);
INSERT INTO `ubi_localidad` VALUES (73, 'San Cristobal', '3070', 20);
INSERT INTO `ubi_localidad` VALUES (74, 'San Fernando', '1646', 1);
INSERT INTO `ubi_localidad` VALUES (75, 'San Francisco', '2400', 5);
INSERT INTO `ubi_localidad` VALUES (76, 'San Guillermo', '2347', 20);
INSERT INTO `ubi_localidad` VALUES (77, 'San Javier', '3005', 20);
INSERT INTO `ubi_localidad` VALUES (78, 'San Justo', '3040', 20);
INSERT INTO `ubi_localidad` VALUES (79, 'Santa Fe', '3000', 20);
INSERT INTO `ubi_localidad` VALUES (80, 'Santa Isabel', '2605', 20);
INSERT INTO `ubi_localidad` VALUES (81, 'Santa Margarita', '3061', 20);
INSERT INTO `ubi_localidad` VALUES (82, 'Santa Sylvina', '3542', 3);
INSERT INTO `ubi_localidad` VALUES (83, 'Santa Teresa', '2111', 20);
INSERT INTO `ubi_localidad` VALUES (84, 'Sauce Viejo', '3017', 20);
INSERT INTO `ubi_localidad` VALUES (85, 'Sunchales', '2322', 20);
INSERT INTO `ubi_localidad` VALUES (86, 'Teodelina', '6009', 20);
INSERT INTO `ubi_localidad` VALUES (88, 'Tostado', '3060', 20);
INSERT INTO `ubi_localidad` VALUES (89, 'Tres Isletas', '3703', 3);
INSERT INTO `ubi_localidad` VALUES (90, 'Venado Tuerto', '2600', 20);
INSERT INTO `ubi_localidad` VALUES (91, 'Villa Angela', '3540', 3);
INSERT INTO `ubi_localidad` VALUES (92, 'Villa Ballester', '1653', 1);
INSERT INTO `ubi_localidad` VALUES (93, 'Villa Eloisa', '2503', 20);
INSERT INTO `ubi_localidad` VALUES (94, 'Villa Maria', '5900', 5);
INSERT INTO `ubi_localidad` VALUES (95, 'Villa Minetti', '3061', 20);
INSERT INTO `ubi_localidad` VALUES (96, 'Villa Ocampo', '3580', 20);
INSERT INTO `ubi_localidad` VALUES (97, 'Villa Ramallo', '2914', 1);
INSERT INTO `ubi_localidad` VALUES (98, 'Villa Trinidad', '2345', 20);
INSERT INTO `ubi_localidad` VALUES (99, 'Galvez', '2252', 20);
INSERT INTO `ubi_localidad` VALUES (100, 'Esperanza', '3080', 20);
INSERT INTO `ubi_localidad` VALUES (101, 'Quimili', '3740', 21);
INSERT INTO `ubi_localidad` VALUES (102, 'Lincoln', '6070', 1);
INSERT INTO `ubi_localidad` VALUES (103, 'Totoras', '2144', 20);
INSERT INTO `ubi_localidad` VALUES (104, 'Pozo Borrado', '3061', 20);
INSERT INTO `ubi_localidad` VALUES (105, 'San Jeronimo Norte', '3015', 20);
INSERT INTO `ubi_localidad` VALUES (106, 'Puerto General San Martin', '2202', 20);
INSERT INTO `ubi_localidad` VALUES (107, 'Ferre', '6027', 1);
INSERT INTO `ubi_localidad` VALUES (108, 'Los Laureles', '3567', 20);
INSERT INTO `ubi_localidad` VALUES (109, 'Martinez', '1640', 1);
INSERT INTO `ubi_localidad` VALUES (110, 'Resistencia', '3500', 3);
INSERT INTO `ubi_localidad` VALUES (111, 'Bustinza', '2501', 20);

-- ----------------------------
-- Table structure for ubi_provincia
-- ----------------------------
DROP TABLE IF EXISTS `ubi_provincia`;
CREATE TABLE `ubi_provincia`  (
  `id_provincia` bigint(11) NOT NULL AUTO_INCREMENT,
  `nombre` varchar(100) CHARACTER SET utf8 COLLATE utf8_unicode_ci NULL DEFAULT NULL,
  `codigo` char(4) CHARACTER SET utf8 COLLATE utf8_unicode_ci NULL DEFAULT NULL,
  PRIMARY KEY (`id_provincia`) USING BTREE
) ENGINE = InnoDB AUTO_INCREMENT = 101 CHARACTER SET = utf8 COLLATE = utf8_unicode_ci ROW_FORMAT = Compact;

-- ----------------------------
-- Records of ubi_provincia
-- ----------------------------
INSERT INTO `ubi_provincia` VALUES (1, 'Buenos Aires', 'A');
INSERT INTO `ubi_provincia` VALUES (2, 'Catamarca', 'K');
INSERT INTO `ubi_provincia` VALUES (3, 'Chaco', 'H');
INSERT INTO `ubi_provincia` VALUES (4, 'Chubut', 'U');
INSERT INTO `ubi_provincia` VALUES (5, 'Cordoba', 'X');
INSERT INTO `ubi_provincia` VALUES (6, 'Corrientes', 'W');
INSERT INTO `ubi_provincia` VALUES (7, 'Entre Rios', 'E');
INSERT INTO `ubi_provincia` VALUES (8, 'Formosa', 'P');
INSERT INTO `ubi_provincia` VALUES (9, 'Jujuy', 'Y');
INSERT INTO `ubi_provincia` VALUES (10, 'La Pampa', 'L');
INSERT INTO `ubi_provincia` VALUES (11, 'La Rioja', 'F');
INSERT INTO `ubi_provincia` VALUES (12, 'Mendoza', 'M');
INSERT INTO `ubi_provincia` VALUES (13, 'Misiones', 'N');
INSERT INTO `ubi_provincia` VALUES (14, 'Neuquen', 'Q');
INSERT INTO `ubi_provincia` VALUES (15, 'Rio Negro', 'R');
INSERT INTO `ubi_provincia` VALUES (16, 'Salta', 'A');
INSERT INTO `ubi_provincia` VALUES (17, 'San Juan', 'J');
INSERT INTO `ubi_provincia` VALUES (18, 'San Luis', 'D');
INSERT INTO `ubi_provincia` VALUES (19, 'Santa Cruz', 'Z');
INSERT INTO `ubi_provincia` VALUES (20, 'Santa Fe', 'S');
INSERT INTO `ubi_provincia` VALUES (21, 'Santiago del Estero', 'G');
INSERT INTO `ubi_provincia` VALUES (22, 'Tierra de Fuego', 'V');
INSERT INTO `ubi_provincia` VALUES (23, 'Tucuman', 'T');
INSERT INTO `ubi_provincia` VALUES (24, 'Ciudad Autonoma de Buenos Aires', 'C');
INSERT INTO `ubi_provincia` VALUES (100, 'Desconocida', '-');

-- ----------------------------
-- Table structure for users
-- ----------------------------
DROP TABLE IF EXISTS `users`;
CREATE TABLE `users`  (
  `id` bigint(20) UNSIGNED NOT NULL AUTO_INCREMENT,
  `name` varchar(255) CHARACTER SET utf8mb4 COLLATE utf8mb4_unicode_ci NOT NULL,
  `email` varchar(255) CHARACTER SET utf8mb4 COLLATE utf8mb4_unicode_ci NOT NULL,
  `email_verified_at` timestamp(0) NULL DEFAULT NULL,
  `password` varchar(255) CHARACTER SET utf8mb4 COLLATE utf8mb4_unicode_ci NOT NULL,
  `remember_token` varchar(100) CHARACTER SET utf8mb4 COLLATE utf8mb4_unicode_ci NULL DEFAULT NULL,
  `created_at` timestamp(0) NULL DEFAULT NULL,
  `updated_at` timestamp(0) NULL DEFAULT NULL,
  PRIMARY KEY (`id`) USING BTREE
) ENGINE = InnoDB AUTO_INCREMENT = 1 CHARACTER SET = utf8mb4 COLLATE = utf8mb4_unicode_ci ROW_FORMAT = Compact;

-- ----------------------------
-- Table structure for usr_grupo
-- ----------------------------
DROP TABLE IF EXISTS `usr_grupo`;
CREATE TABLE `usr_grupo`  (
  `id_grupo` bigint(20) NOT NULL AUTO_INCREMENT,
  `nombre` varchar(30) CHARACTER SET utf8 COLLATE utf8_general_ci NULL DEFAULT NULL,
  `code` int(11) NULL DEFAULT NULL,
  `info` varchar(255) CHARACTER SET utf8 COLLATE utf8_general_ci NULL DEFAULT NULL,
  PRIMARY KEY (`id_grupo`) USING BTREE
) ENGINE = InnoDB AUTO_INCREMENT = 6 CHARACTER SET = utf8 COLLATE = utf8_general_ci ROW_FORMAT = Compact;

-- ----------------------------
-- Records of usr_grupo
-- ----------------------------
INSERT INTO `usr_grupo` VALUES (1, 'Administrador', 101, 'Full ');
INSERT INTO `usr_grupo` VALUES (2, 'Oficina ADM', 201, 'Semi-Full');
INSERT INTO `usr_grupo` VALUES (3, 'Oficina', 251, 'Semi-Low');
INSERT INTO `usr_grupo` VALUES (4, 'Planta ADM', 301, 'Semi-Full');
INSERT INTO `usr_grupo` VALUES (5, 'Planta', 351, 'Semi-Low');

-- ----------------------------
-- Table structure for usr_menu
-- ----------------------------
DROP TABLE IF EXISTS `usr_menu`;
CREATE TABLE `usr_menu`  (
  `id_menu` bigint(20) NOT NULL AUTO_INCREMENT,
  `nombre` varchar(30) CHARACTER SET utf8 COLLATE utf8_general_ci NULL DEFAULT NULL,
  `code` int(11) NULL DEFAULT NULL,
  PRIMARY KEY (`id_menu`) USING BTREE
) ENGINE = InnoDB AUTO_INCREMENT = 4 CHARACTER SET = utf8 COLLATE = utf8_general_ci ROW_FORMAT = Compact;

-- ----------------------------
-- Records of usr_menu
-- ----------------------------
INSERT INTO `usr_menu` VALUES (1, 'Todo', 11);
INSERT INTO `usr_menu` VALUES (2, 'Empresa', 101);
INSERT INTO `usr_menu` VALUES (3, 'Planta', 201);

-- ----------------------------
-- Table structure for usr_usuario
-- ----------------------------
DROP TABLE IF EXISTS `usr_usuario`;
CREATE TABLE `usr_usuario`  (
  `id_usuario` bigint(20) NOT NULL AUTO_INCREMENT,
  `username` varchar(20) CHARACTER SET utf8 COLLATE utf8_general_ci NULL DEFAULT NULL,
  `password` varchar(20) CHARACTER SET utf8 COLLATE utf8_general_ci NULL DEFAULT NULL,
  `email` varchar(50) CHARACTER SET utf8 COLLATE utf8_general_ci NULL DEFAULT NULL,
  `grupo` bigint(20) NULL DEFAULT NULL,
  `info` varchar(255) CHARACTER SET utf8 COLLATE utf8_general_ci NULL DEFAULT NULL,
  `estado` enum('Activo','Inactivo') CHARACTER SET utf8 COLLATE utf8_general_ci NULL DEFAULT 'Activo',
  PRIMARY KEY (`id_usuario`) USING BTREE,
  INDEX `FK_usuario_grupo`(`grupo`) USING BTREE,
  CONSTRAINT `FK_usuario_grupo` FOREIGN KEY (`grupo`) REFERENCES `usr_grupo` (`id_grupo`) ON DELETE CASCADE ON UPDATE CASCADE,
  CONSTRAINT `FK_usuario_persona` FOREIGN KEY (`id_usuario`) REFERENCES `rh_persona` (`id_persona`) ON DELETE CASCADE ON UPDATE CASCADE
) ENGINE = InnoDB AUTO_INCREMENT = 5 CHARACTER SET = utf8 COLLATE = utf8_general_ci ROW_FORMAT = Compact;

-- ----------------------------
-- Records of usr_usuario
-- ----------------------------
INSERT INTO `usr_usuario` VALUES (1, 'lalo', 'lalo', 'lalo@rcmsa.com.ar', 1, 'a', 'Activo');
INSERT INTO `usr_usuario` VALUES (2, 'luis', 'luis', 'luis@rcmsa.com.ar', 3, 'b', 'Activo');
INSERT INTO `usr_usuario` VALUES (3, 'planta', 'planta', 'planta@rcmsa.com.ar', 5, 'c', 'Activo');
INSERT INTO `usr_usuario` VALUES (4, 'rodrigo', 'rodrigo', 'rodrigo@rcm.com', 3, 'd', 'Activo');

-- ----------------------------
-- Table structure for usr_usuario_menu
-- ----------------------------
DROP TABLE IF EXISTS `usr_usuario_menu`;
CREATE TABLE `usr_usuario_menu`  (
  `id_usuario` bigint(20) NOT NULL,
  `id_menu` bigint(20) NOT NULL,
  INDEX `FK_persona_familia`(`id_usuario`) USING BTREE,
  INDEX `FK_familia_persona`(`id_menu`) USING BTREE,
  CONSTRAINT `FK_menu_usuario` FOREIGN KEY (`id_menu`) REFERENCES `usr_menu` (`id_menu`) ON DELETE CASCADE ON UPDATE CASCADE,
  CONSTRAINT `FK_usuario_menu` FOREIGN KEY (`id_usuario`) REFERENCES `usr_usuario` (`id_usuario`) ON DELETE CASCADE ON UPDATE CASCADE
) ENGINE = InnoDB CHARACTER SET = utf8 COLLATE = utf8_general_ci ROW_FORMAT = Compact;

-- ----------------------------
-- Records of usr_usuario_menu
-- ----------------------------
INSERT INTO `usr_usuario_menu` VALUES (1, 1);
INSERT INTO `usr_usuario_menu` VALUES (3, 3);

SET FOREIGN_KEY_CHECKS = 1;
